tick,greedy,robot,m,p_x,planned_wticks,task,search_ticks,x,y,seed
52,false,q0,0,0.5,600,BLUE,1,-0.152824,0.171179,35526
54,false,q1,0,0.5,600,RED,2,-0.178285,-0.1455,35526
687,false,q1,1,0.549834,600,RED,1,-0.178285,-0.1455,35526
687,false,q0,-1,0.549834,600,BLUE,2,-0.152824,0.171179,35526
1320,false,q0,-2,0.598688,600,BLUE,1,-0.152824,0.171179,35526
1322,false,q1,2,0.598688,600,RED,2,-0.178285,-0.1455,35526
1953,false,q0,-3,0.645656,600,BLUE,1,-0.152824,0.171179,35526
1957,false,q1,3,0.645656,600,RED,2,-0.178285,-0.1455,35526
2586,false,q0,-4,0.689974,600,BLUE,1,-0.152824,0.171179,35526
2590,false,q1,4,0.689974,600,RED,1,-0.178285,-0.1455,35526
3223,false,q1,5,0.731059,600,RED,1,-0.178285,-0.1455,35526
3262,false,q0,-5,0.731059,600,BLUE,43,-0.152824,0.171179,35526
3856,false,q1,6,0.768525,600,RED,1,-0.178285,-0.1455,35526
3895,false,q0,-6,0.768525,600,BLUE,1,-0.152824,0.171179,35526
4489,false,q1,7,0.802184,600,RED,1,-0.178285,-0.1455,35526
4528,false,q0,-7,0.802184,600,BLUE,1,-0.152824,0.171179,35526
5122,false,q1,8,0.832018,600,RED,1,-0.178285,-0.1455,35526
5161,false,q0,-8,0.832018,600,BLUE,1,-0.152824,0.171179,35526
5755,false,q1,9,0.858149,600,RED,1,-0.178285,-0.1455,35526
5794,false,q0,-9,0.858149,600,BLUE,1,-0.152824,0.171179,35526
6388,false,q1,10,0.880797,600,RED,1,-0.178285,-0.1455,35526
6427,false,q0,-10,0.880797,600,BLUE,1,-0.152824,0.171179,35526
7021,false,q1,11,0.90025,600,RED,1,-0.178285,-0.1455,35526
7060,false,q0,-11,0.90025,600,BLUE,1,-0.152824,0.171179,35526
7654,false,q1,12,0.916827,600,RED,1,-0.178285,-0.1455,35526
7693,false,q0,-12,0.916827,600,BLUE,1,-0.152824,0.171179,35526
8287,false,q1,12,0.916827,600,RED,1,-0.178285,-0.1455,35526
8326,false,q0,-12,0.916827,600,BLUE,1,-0.152824,0.171179,35526
8920,false,q1,12,0.916827,600,RED,1,-0.178285,-0.1455,35526
8959,false,q0,-12,0.916827,600,BLUE,1,-0.152824,0.171179,35526
9553,false,q1,12,0.916827,600,RED,1,-0.178285,-0.1455,35526
9592,false,q0,-12,0.916827,600,BLUE,1,-0.152824,0.171179,35526
10186,false,q1,12,0.916827,600,RED,1,-0.178285,-0.1455,35526
10225,false,q0,-12,0.916827,600,BLUE,1,-0.152824,0.171179,35526
10819,false,q1,12,0.916827,600,RED,1,-0.178285,-0.1455,35526
10858,false,q0,-12,0.916827,600,BLUE,1,-0.152824,0.171179,35526
11452,false,q1,12,0.916827,600,RED,1,-0.178285,-0.1455,35526
11493,false,q0,-12,0.916827,600,BLUE,2,-0.152824,0.171179,35526
12085,false,q1,12,0.916827,600,RED,1,-0.178285,-0.1455,35526
12126,false,q0,-12,0.916827,600,BLUE,1,-0.152824,0.171179,35526
12718,false,q1,12,0.916827,600,RED,1,-0.178285,-0.1455,35526
12759,false,q0,-12,0.916827,600,BLUE,1,-0.152824,0.171179,35526
13392,false,q0,-12,0.916827,600,BLUE,1,-0.152824,0.171179,35526
13402,false,q1,12,0.916827,600,RED,51,-0.178285,-0.1455,35526
14025,false,q0,-12,0.916827,600,BLUE,1,-0.152824,0.171179,35526
14037,false,q1,12,0.916827,600,RED,2,-0.178285,-0.1455,35526
14658,false,q0,-12,0.916827,600,BLUE,1,-0.152824,0.171179,35526
14670,false,q1,12,0.916827,600,RED,1,-0.178285,-0.1455,35526
15293,false,q0,-12,0.916827,600,BLUE,2,-0.152824,0.171179,35526
15303,false,q1,12,0.916827,600,RED,1,-0.178285,-0.1455,35526
15926,false,q0,-12,0.916827,600,BLUE,1,-0.152824,0.171179,35526
15936,false,q1,12,0.916827,600,RED,1,-0.178285,-0.1455,35526
16559,false,q0,-12,0.916827,600,BLUE,1,-0.152824,0.171179,35526
16571,false,q1,12,0.916827,600,RED,2,-0.178285,-0.1455,35526
17192,false,q0,-12,0.916827,600,BLUE,1,-0.152824,0.171179,35526
17204,false,q1,12,0.916827,600,RED,1,-0.178285,-0.1455,35526
17825,false,q0,-12,0.916827,600,BLUE,1,-0.152824,0.171179,35526
17837,false,q1,12,0.916827,600,RED,1,-0.178285,-0.1455,35526
18458,false,q0,-12,0.916827,600,BLUE,1,-0.152824,0.171179,35526
18470,false,q1,12,0.916827,600,RED,1,-0.178285,-0.1455,35526
19091,false,q0,-12,0.916827,600,BLUE,1,-0.152824,0.171179,35526
19103,false,q1,12,0.916827,600,RED,1,-0.178285,-0.1455,35526
19724,false,q0,-12,0.916827,600,BLUE,1,-0.152824,0.171179,35526
19736,false,q1,12,0.916827,600,RED,1,-0.178285,-0.1455,35526
20357,false,q0,-12,0.916827,600,BLUE,1,-0.152824,0.171179,35526
20371,false,q1,12,0.916827,600,RED,2,-0.178285,-0.1455,35526
20990,false,q0,-12,0.916827,600,BLUE,1,-0.152824,0.171179,35526
21004,false,q1,12,0.916827,600,RED,1,-0.178285,-0.1455,35526
21623,false,q0,-12,0.916827,600,BLUE,1,-0.152824,0.171179,35526
21637,false,q1,12,0.916827,600,RED,1,-0.178285,-0.1455,35526
22256,false,q0,-12,0.916827,600,BLUE,1,-0.152824,0.171179,35526
22270,false,q1,12,0.916827,600,RED,1,-0.178285,-0.1455,35526
22889,false,q0,-12,0.916827,600,BLUE,1,-0.152824,0.171179,35526
22903,false,q1,12,0.916827,600,RED,1,-0.178285,-0.1455,35526
23524,false,q0,-12,0.916827,600,BLUE,2,-0.152824,0.171179,35526
23538,false,q1,12,0.916827,600,RED,2,-0.178285,-0.1455,35526
24157,false,q0,-12,0.916827,600,BLUE,1,-0.152824,0.171179,35526
24171,false,q1,12,0.916827,600,RED,1,-0.178285,-0.1455,35526
24790,false,q0,-12,0.916827,600,BLUE,1,-0.152824,0.171179,35526
24804,false,q1,12,0.916827,600,RED,1,-0.178285,-0.1455,35526
25423,false,q0,-12,0.916827,600,BLUE,1,-0.152824,0.171179,35526
25437,false,q1,12,0.916827,600,RED,1,-0.178285,-0.1455,35526
26056,false,q0,-12,0.916827,600,BLUE,1,-0.152824,0.171179,35526
26072,false,q1,12,0.916827,600,RED,2,-0.178285,-0.1455,35526
26691,false,q0,-12,0.916827,600,BLUE,2,-0.152824,0.171179,35526
26707,false,q1,12,0.916827,600,RED,2,-0.178285,-0.1455,35526
27324,false,q0,-12,0.916827,600,BLUE,1,-0.152824,0.171179,35526
27340,false,q1,12,0.916827,600,RED,1,-0.178285,-0.1455,35526
27957,false,q0,-12,0.916827,600,BLUE,1,-0.152824,0.171179,35526
27973,false,q1,12,0.916827,600,RED,1,-0.178285,-0.1455,35526
28590,false,q0,-12,0.916827,600,BLUE,1,-0.152824,0.171179,35526
28606,false,q1,12,0.916827,600,RED,1,-0.178285,-0.1455,35526
29223,false,q0,-12,0.916827,600,BLUE,1,-0.152824,0.171179,35526
29239,false,q1,12,0.916827,600,RED,1,-0.178285,-0.1455,35526
29858,false,q0,-12,0.916827,600,BLUE,2,-0.152824,0.171179,35526
29872,false,q1,12,0.916827,600,RED,1,-0.178285,-0.1455,35526
30493,false,q0,-12,0.916827,600,BLUE,2,-0.152824,0.171179,35526
30505,false,q1,12,0.916827,600,RED,1,-0.178285,-0.1455,35526
31126,false,q0,-12,0.916827,600,BLUE,1,-0.152824,0.171179,35526
31138,false,q1,12,0.916827,600,RED,1,-0.178285,-0.1455,35526
31759,false,q0,-12,0.916827,600,BLUE,1,-0.152824,0.171179,35526
31771,false,q1,12,0.916827,600,RED,1,-0.178285,-0.1455,35526
32392,false,q0,-12,0.916827,600,BLUE,1,-0.152824,0.171179,35526
32406,false,q1,12,0.916827,600,RED,2,-0.178285,-0.1455,35526
33025,false,q0,-12,0.916827,600,BLUE,1,-0.152824,0.171179,35526
33039,false,q1,12,0.916827,600,RED,1,-0.178285,-0.1455,35526
33658,false,q0,-12,0.916827,600,BLUE,1,-0.152824,0.171179,35526
33672,false,q1,12,0.916827,600,RED,1,-0.178285,-0.1455,35526
34293,false,q0,-12,0.916827,600,BLUE,2,-0.152824,0.171179,35526
34305,false,q1,12,0.916827,600,RED,1,-0.178285,-0.1455,35526
34926,false,q0,-12,0.916827,600,BLUE,1,-0.152824,0.171179,35526
34938,false,q1,12,0.916827,600,RED,1,-0.178285,-0.1455,35526
35559,false,q0,-12,0.916827,600,BLUE,1,-0.152824,0.171179,35526
35571,false,q1,12,0.916827,600,RED,1,-0.178285,-0.1455,35526
36192,false,q0,-12,0.916827,600,BLUE,1,-0.152824,0.171179,35526
36204,false,q1,12,0.916827,600,RED,1,-0.178285,-0.1455,35526
36825,false,q0,-12,0.916827,600,BLUE,1,-0.152824,0.171179,35526
36837,false,q1,12,0.916827,600,RED,1,-0.178285,-0.1455,35526
37458,false,q0,-12,0.916827,600,BLUE,1,-0.152824,0.171179,35526
37470,false,q1,12,0.916827,600,RED,1,-0.178285,-0.1455,35526
38091,false,q0,-12,0.916827,600,BLUE,1,-0.152824,0.171179,35526
38103,false,q1,12,0.916827,600,RED,1,-0.178285,-0.1455,35526
38724,false,q0,-12,0.916827,600,BLUE,1,-0.152824,0.171179,35526
38736,false,q1,12,0.916827,600,RED,1,-0.178285,-0.1455,35526
39357,false,q0,-12,0.916827,600,BLUE,1,-0.152824,0.171179,35526
39369,false,q1,12,0.916827,600,RED,1,-0.178285,-0.1455,35526
39992,false,q0,-12,0.916827,600,BLUE,2,-0.152824,0.171179,35526
40002,false,q1,12,0.916827,600,RED,1,-0.178285,-0.1455,35526
40625,false,q0,-12,0.916827,600,BLUE,1,-0.152824,0.171179,35526
40635,false,q1,12,0.916827,600,RED,1,-0.178285,-0.1455,35526
41268,false,q1,12,0.916827,600,RED,1,-0.178285,-0.1455,35526
41301,false,q0,-12,0.916827,600,BLUE,43,-0.152824,0.171179,35526
41901,false,q1,12,0.916827,600,RED,1,-0.178285,-0.1455,35526
41936,false,q0,-12,0.916827,600,BLUE,2,-0.152824,0.171179,35526
42534,false,q1,12,0.916827,600,RED,1,-0.178285,-0.1455,35526
42569,false,q0,-12,0.916827,600,BLUE,1,-0.152824,0.171179,35526
43167,false,q1,12,0.916827,600,RED,1,-0.178285,-0.1455,35526
43202,false,q0,-12,0.916827,600,BLUE,1,-0.152824,0.171179,35526
43800,false,q1,12,0.916827,600,RED,1,-0.178285,-0.1455,35526
43835,false,q0,-12,0.916827,600,BLUE,1,-0.152824,0.171179,35526
44433,false,q1,12,0.916827,600,RED,1,-0.178285,-0.1455,35526
44468,false,q0,-12,0.916827,600,BLUE,1,-0.152824,0.171179,35526
45066,false,q1,12,0.916827,600,RED,1,-0.178285,-0.1455,35526
45101,false,q0,-12,0.916827,600,BLUE,1,-0.152824,0.171179,35526
45699,false,q1,12,0.916827,600,RED,1,-0.178285,-0.1455,35526
45734,false,q0,-12,0.916827,600,BLUE,1,-0.152824,0.171179,35526
46332,false,q1,12,0.916827,600,RED,1,-0.178285,-0.1455,35526
46367,false,q0,-12,0.916827,600,BLUE,1,-0.152824,0.171179,35526
47000,false,q0,-12,0.916827,600,BLUE,1,-0.152824,0.171179,35526
47016,false,q1,12,0.916827,600,RED,51,-0.178285,-0.1455,35526
47633,false,q0,-12,0.916827,600,BLUE,1,-0.152824,0.171179,35526
47649,false,q1,12,0.916827,600,RED,1,-0.178285,-0.1455,35526
48266,false,q0,-12,0.916827,600,BLUE,1,-0.152824,0.171179,35526
48282,false,q1,12,0.916827,600,RED,1,-0.178285,-0.1455,35526
48901,false,q0,-12,0.916827,600,BLUE,2,-0.152824,0.171179,35526
48915,false,q1,12,0.916827,600,RED,1,-0.178285,-0.1455,35526
49534,false,q0,-12,0.916827,600,BLUE,1,-0.152824,0.171179,35526
49548,false,q1,12,0.916827,600,RED,1,-0.178285,-0.1455,35526
50167,false,q0,-12,0.916827,600,BLUE,1,-0.152824,0.171179,35526
50181,false,q1,12,0.916827,600,RED,1,-0.178285,-0.1455,35526
50802,false,q0,-12,0.916827,600,BLUE,2,-0.152824,0.171179,35526
50814,false,q1,12,0.916827,600,RED,1,-0.178285,-0.1455,35526
51435,false,q0,-12,0.916827,600,BLUE,1,-0.152824,0.171179,35526
51447,false,q1,12,0.916827,600,RED,1,-0.178285,-0.1455,35526
52068,false,q0,-12,0.916827,600,BLUE,1,-0.152824,0.171179,35526
52080,false,q1,12,0.916827,600,RED,1,-0.178285,-0.1455,35526
52701,false,q0,-12,0.916827,600,BLUE,1,-0.152824,0.171179,35526
52713,false,q1,12,0.916827,600,RED,1,-0.178285,-0.1455,35526
53334,false,q0,-12,0.916827,600,BLUE,1,-0.152824,0.171179,35526
53346,false,q1,12,0.916827,600,RED,1,-0.178285,-0.1455,35526
53967,false,q0,-12,0.916827,600,BLUE,1,-0.152824,0.171179,35526
53979,false,q1,12,0.916827,600,RED,1,-0.178285,-0.1455,35526
54600,false,q0,-12,0.916827,600,BLUE,1,-0.152824,0.171179,35526
54612,false,q1,12,0.916827,600,RED,1,-0.178285,-0.1455,35526
55233,false,q0,-12,0.916827,600,BLUE,1,-0.152824,0.171179,35526
55247,false,q1,12,0.916827,600,RED,2,-0.178285,-0.1455,35526
55866,false,q0,-12,0.916827,600,BLUE,1,-0.152824,0.171179,35526
55880,false,q1,12,0.916827,600,RED,1,-0.178285,-0.1455,35526
56499,false,q0,-12,0.916827,600,BLUE,1,-0.152824,0.171179,35526
56513,false,q1,12,0.916827,600,RED,1,-0.178285,-0.1455,35526
57132,false,q0,-12,0.916827,600,BLUE,1,-0.152824,0.171179,35526
57146,false,q1,12,0.916827,600,RED,1,-0.178285,-0.1455,35526
57765,false,q0,-12,0.916827,600,BLUE,1,-0.152824,0.171179,35526
57779,false,q1,12,0.916827,600,RED,1,-0.178285,-0.1455,35526
58398,false,q0,-12,0.916827,600,BLUE,1,-0.152824,0.171179,35526
58412,false,q1,12,0.916827,600,RED,1,-0.178285,-0.1455,35526
59031,false,q0,-12,0.916827,600,BLUE,1,-0.152824,0.171179,35526
59045,false,q1,12,0.916827,600,RED,1,-0.178285,-0.1455,35526
59664,false,q0,-12,0.916827,600,BLUE,1,-0.152824,0.171179,35526
59678,false,q1,12,0.916827,600,RED,1,-0.178285,-0.1455,35526
60297,false,q0,-12,0.916827,600,BLUE,1,-0.152824,0.171179,35526
60311,false,q1,12,0.916827,600,RED,1,-0.178285,-0.1455,35526
60930,false,q0,-12,0.916827,600,BLUE,1,-0.152824,0.171179,35526
60944,false,q1,12,0.916827,600,RED,1,-0.178285,-0.1455,35526
61563,false,q0,-12,0.916827,600,BLUE,1,-0.152824,0.171179,35526
61577,false,q1,12,0.916827,600,RED,1,-0.178285,-0.1455,35526
62196,false,q0,-12,0.916827,600,BLUE,1,-0.152824,0.171179,35526
62210,false,q1,12,0.916827,600,RED,1,-0.178285,-0.1455,35526
62829,false,q0,-12,0.916827,600,BLUE,1,-0.152824,0.171179,35526
62843,false,q1,12,0.916827,600,RED,1,-0.178285,-0.1455,35526
63462,false,q0,-12,0.916827,600,BLUE,1,-0.152824,0.171179,35526
63476,false,q1,12,0.916827,600,RED,1,-0.178285,-0.1455,35526
64095,false,q0,-12,0.916827,600,BLUE,1,-0.152824,0.171179,35526
64109,false,q1,12,0.916827,600,RED,1,-0.178285,-0.1455,35526
64728,false,q0,-12,0.916827,600,BLUE,1,-0.152824,0.171179,35526
64742,false,q1,12,0.916827,600,RED,1,-0.178285,-0.1455,35526
65361,false,q0,-12,0.916827,600,BLUE,1,-0.152824,0.171179,35526
65375,false,q1,12,0.916827,600,RED,1,-0.178285,-0.1455,35526
65994,false,q0,-12,0.916827,600,BLUE,1,-0.152824,0.171179,35526
66008,false,q1,12,0.916827,600,RED,1,-0.178285,-0.1455,35526
66627,false,q0,-12,0.916827,600,BLUE,1,-0.152824,0.171179,35526
66641,false,q1,12,0.916827,600,RED,1,-0.178285,-0.1455,35526
67260,false,q0,-12,0.916827,600,BLUE,1,-0.152824,0.171179,35526
67274,false,q1,12,0.916827,600,RED,1,-0.178285,-0.1455,35526
67893,false,q0,-12,0.916827,600,BLUE,1,-0.152824,0.171179,35526
67907,false,q1,12,0.916827,600,RED,1,-0.178285,-0.1455,35526
68526,false,q0,-12,0.916827,600,BLUE,1,-0.152824,0.171179,35526
68542,false,q1,12,0.916827,600,RED,2,-0.178285,-0.1455,35526
69159,false,q0,-12,0.916827,600,BLUE,1,-0.152824,0.171179,35526
69175,false,q1,12,0.916827,600,RED,1,-0.178285,-0.1455,35526
69792,false,q0,-12,0.916827,600,BLUE,1,-0.152824,0.171179,35526
69808,false,q1,12,0.916827,600,RED,1,-0.178285,-0.1455,35526
70425,false,q0,-12,0.916827,600,BLUE,1,-0.152824,0.171179,35526
70441,false,q1,12,0.916827,600,RED,1,-0.178285,-0.1455,35526
71058,false,q0,-12,0.916827,600,BLUE,1,-0.152824,0.171179,35526
71076,false,q1,12,0.916827,600,RED,2,-0.178285,-0.1455,35526
71691,false,q0,-12,0.916827,600,BLUE,1,-0.152824,0.171179,35526
71709,false,q1,12,0.916827,600,RED,1,-0.178285,-0.1455,35526
72326,false,q0,-12,0.916827,600,BLUE,2,-0.152824,0.171179,35526
72342,false,q1,12,0.916827,600,RED,1,-0.178285,-0.1455,35526
72959,false,q0,-12,0.916827,600,BLUE,1,-0.152824,0.171179,35526
72975,false,q1,12,0.916827,600,RED,1,-0.178285,-0.1455,35526
73594,false,q0,-12,0.916827,600,BLUE,2,-0.152824,0.171179,35526
73608,false,q1,12,0.916827,600,RED,1,-0.178285,-0.1455,35526
74227,false,q0,-12,0.916827,600,BLUE,1,-0.152824,0.171179,35526
74241,false,q1,12,0.916827,600,RED,1,-0.178285,-0.1455,35526
74860,false,q0,-12,0.916827,600,BLUE,1,-0.152824,0.171179,35526
74874,false,q1,12,0.916827,600,RED,1,-0.178285,-0.1455,35526
75493,false,q0,-12,0.916827,600,BLUE,1,-0.152824,0.171179,35526
75507,false,q1,12,0.916827,600,RED,1,-0.178285,-0.1455,35526
76126,false,q0,-12,0.916827,600,BLUE,1,-0.152824,0.171179,35526
76140,false,q1,12,0.916827,600,RED,1,-0.178285,-0.1455,35526
76759,false,q0,-12,0.916827,600,BLUE,1,-0.152824,0.171179,35526
76777,false,q1,12,0.916827,600,RED,3,-0.178285,-0.1455,35526
77392,false,q0,-12,0.916827,600,BLUE,1,-0.152824,0.171179,35526
77410,false,q1,12,0.916827,600,RED,1,-0.178285,-0.1455,35526
78025,false,q0,-12,0.916827,600,BLUE,1,-0.152824,0.171179,35526
78043,false,q1,12,0.916827,600,RED,1,-0.178285,-0.1455,35526
78658,false,q0,-12,0.916827,600,BLUE,1,-0.152824,0.171179,35526
78676,false,q1,12,0.916827,600,RED,1,-0.178285,-0.1455,35526
79293,false,q0,-12,0.916827,600,BLUE,2,-0.152824,0.171179,35526
79309,false,q1,12,0.916827,600,RED,1,-0.178285,-0.1455,35526
79942,false,q1,12,0.916827,600,RED,1,-0.178285,-0.1455,35526
79971,false,q0,-12,0.916827,600,BLUE,44,-0.152824,0.171179,35526
80575,false,q1,12,0.916827,600,RED,1,-0.178285,-0.1455,35526
80604,false,q0,-12,0.916827,600,BLUE,1,-0.152824,0.171179,35526
81237,false,q0,-12,0.916827,600,BLUE,1,-0.152824,0.171179,35526
81261,false,q1,12,0.916827,600,RED,52,-0.178285,-0.1455,35526
81870,false,q0,-12,0.916827,600,BLUE,1,-0.152824,0.171179,35526
81894,false,q1,12,0.916827,600,RED,1,-0.178285,-0.1455,35526
82503,false,q0,-12,0.916827,600,BLUE,1,-0.152824,0.171179,35526
82527,false,q1,12,0.916827,600,RED,1,-0.178285,-0.1455,35526
83136,false,q0,-12,0.916827,600,BLUE,1,-0.152824,0.171179,35526
83162,false,q1,12,0.916827,600,RED,2,-0.178285,-0.1455,35526
83769,false,q0,-12,0.916827,600,BLUE,1,-0.152824,0.171179,35526
83795,false,q1,12,0.916827,600,RED,1,-0.178285,-0.1455,35526
84402,false,q0,-12,0.916827,600,BLUE,1,-0.152824,0.171179,35526
84428,false,q1,12,0.916827,600,RED,1,-0.178285,-0.1455,35526
85035,false,q0,-12,0.916827,600,BLUE,1,-0.152824,0.171179,35526
85061,false,q1,12,0.916827,600,RED,1,-0.178285,-0.1455,35526
85668,false,q0,-12,0.916827,600,BLUE,1,-0.152824,0.171179,35526
85694,false,q1,12,0.916827,600,RED,1,-0.178285,-0.1455,35526
86301,false,q0,-12,0.916827,600,BLUE,1,-0.152824,0.171179,35526
86327,false,q1,12,0.916827,600,RED,1,-0.178285,-0.1455,35526
86934,false,q0,-12,0.916827,600,BLUE,1,-0.152824,0.171179,35526
86966,false,q1,12,0.916827,600,RED,4,-0.178285,-0.1455,35526
87567,false,q0,-12,0.916827,600,BLUE,1,-0.152824,0.171179,35526
87599,false,q1,12,0.916827,600,RED,1,-0.178285,-0.1455,35526
88200,false,q0,-12,0.916827,600,BLUE,1,-0.152824,0.171179,35526
88232,false,q1,12,0.916827,600,RED,1,-0.178285,-0.1455,35526
88835,false,q0,-12,0.916827,600,BLUE,2,-0.152824,0.171179,35526
88865,false,q1,12,0.916827,600,RED,1,-0.178285,-0.1455,35526
89468,false,q0,-12,0.916827,600,BLUE,1,-0.152824,0.171179,35526
89500,false,q1,12,0.916827,600,RED,2,-0.178285,-0.1455,35526
90101,false,q0,-12,0.916827,600,BLUE,1,-0.152824,0.171179,35526
90133,false,q1,12,0.916827,600,RED,1,-0.178285,-0.1455,35526
90734,false,q0,-12,0.916827,600,BLUE,1,-0.152824,0.171179,35526
90766,false,q1,12,0.916827,600,RED,1,-0.178285,-0.1455,35526
91367,false,q0,-12,0.916827,600,BLUE,1,-0.152824,0.171179,35526
91399,false,q1,12,0.916827,600,RED,1,-0.178285,-0.1455,35526
92000,false,q0,-12,0.916827,600,BLUE,1,-0.152824,0.171179,35526
92032,false,q1,12,0.916827,600,RED,1,-0.178285,-0.1455,35526
92633,false,q0,-12,0.916827,600,BLUE,1,-0.152824,0.171179,35526
92665,false,q1,12,0.916827,600,RED,1,-0.178285,-0.1455,35526
93268,false,q0,-12,0.916827,600,BLUE,2,-0.152824,0.171179,35526
93298,false,q1,12,0.916827,600,RED,1,-0.178285,-0.1455,35526
93901,false,q0,-12,0.916827,600,BLUE,1,-0.152824,0.171179,35526
93931,false,q1,12,0.916827,600,RED,1,-0.178285,-0.1455,35526
94534,false,q0,-12,0.916827,600,BLUE,1,-0.152824,0.171179,35526
94564,false,q1,12,0.916827,600,RED,1,-0.178285,-0.1455,35526
95167,false,q0,-12,0.916827,600,BLUE,1,-0.152824,0.171179,35526
95197,false,q1,12,0.916827,600,RED,1,-0.178285,-0.1455,35526
95800,false,q0,-12,0.916827,600,BLUE,1,-0.152824,0.171179,35526
95830,false,q1,12,0.916827,600,RED,1,-0.178285,-0.1455,35526
96433,false,q0,-12,0.916827,600,BLUE,1,-0.152824,0.171179,35526
96463,false,q1,12,0.916827,600,RED,1,-0.178285,-0.1455,35526
97066,false,q0,-12,0.916827,600,BLUE,1,-0.152824,0.171179,35526
97096,false,q1,12,0.916827,600,RED,1,-0.178285,-0.1455,35526
97699,false,q0,-12,0.916827,600,BLUE,1,-0.152824,0.171179,35526
97731,false,q1,12,0.916827,600,RED,2,-0.178285,-0.1455,35526
98332,false,q0,-12,0.916827,600,BLUE,1,-0.152824,0.171179,35526
98364,false,q1,12,0.916827,600,RED,1,-0.178285,-0.1455,35526
98967,false,q0,-12,0.916827,600,BLUE,2,-0.152824,0.171179,35526
98997,false,q1,12,0.916827,600,RED,1,-0.178285,-0.1455,35526
99600,false,q0,-12,0.916827,600,BLUE,1,-0.152824,0.171179,35526
99630,false,q1,12,0.916827,600,RED,1,-0.178285,-0.1455,35526
52,false,q0,0,0.5,600,BLUE,1,-0.152824,0.171179,66990
54,false,q1,0,0.5,600,RED,2,-0.178285,-0.1455,66990
685,false,q0,-1,0.549834,600,BLUE,1,-0.152824,0.171179,66990
687,false,q1,1,0.549834,600,RED,1,-0.178285,-0.1455,66990
1318,false,q0,-2,0.598688,600,BLUE,1,-0.152824,0.171179,66990
1322,false,q1,2,0.598688,600,RED,2,-0.178285,-0.1455,66990
1951,false,q0,-3,0.645656,600,BLUE,1,-0.152824,0.171179,66990
1957,false,q1,3,0.645656,600,RED,2,-0.178285,-0.1455,66990
2584,false,q0,-4,0.689974,600,BLUE,1,-0.152824,0.171179,66990
2590,false,q1,4,0.689974,600,RED,1,-0.178285,-0.1455,66990
3217,false,q0,-5,0.731059,600,BLUE,1,-0.152824,0.171179,66990
3229,false,q1,5,0.731059,600,RED,4,-0.178285,-0.1455,66990
3866,false,q1,6,0.768525,600,RED,3,-0.178285,-0.1455,66990
3893,false,q0,-6,0.768525,600,BLUE,43,-0.152824,0.171179,66990
4499,false,q1,7,0.802184,600,RED,1,-0.178285,-0.1455,66990
4526,false,q0,-7,0.802184,600,BLUE,1,-0.152824,0.171179,66990
5134,false,q1,8,0.832018,600,RED,2,-0.178285,-0.1455,66990
5159,false,q0,-8,0.832018,600,BLUE,1,-0.152824,0.171179,66990
5767,false,q1,9,0.858149,600,RED,1,-0.178285,-0.1455,66990
5794,false,q0,-9,0.858149,600,BLUE,2,-0.152824,0.171179,66990
6400,false,q1,10,0.880797,600,RED,1,-0.178285,-0.1455,66990
6427,false,q0,-10,0.880797,600,BLUE,1,-0.152824,0.171179,66990
7033,false,q1,11,0.90025,600,RED,1,-0.178285,-0.1455,66990
7060,false,q0,-11,0.90025,600,BLUE,1,-0.152824,0.171179,66990
7666,false,q1,12,0.916827,600,RED,1,-0.178285,-0.1455,66990
7693,false,q0,-12,0.916827,600,BLUE,1,-0.152824,0.171179,66990
8299,false,q1,12,0.916827,600,RED,1,-0.178285,-0.1455,66990
8326,false,q0,-12,0.916827,600,BLUE,1,-0.152824,0.171179,66990
8932,false,q1,12,0.916827,600,RED,1,-0.178285,-0.1455,66990
8959,false,q0,-12,0.916827,600,BLUE,1,-0.152824,0.171179,66990
9592,false,q0,-12,0.916827,600,BLUE,1,-0.152824,0.171179,66990
9616,false,q1,12,0.916827,600,RED,51,-0.178285,-0.1455,66990
10225,false,q0,-12,0.916827,600,BLUE,1,-0.152824,0.171179,66990
10249,false,q1,12,0.916827,600,RED,1,-0.178285,-0.1455,66990
10860,false,q0,-12,0.916827,600,BLUE,2,-0.152824,0.171179,66990
10882,false,q1,12,0.916827,600,RED,1,-0.178285,-0.1455,66990
11493,false,q0,-12,0.916827,600,BLUE,1,-0.152824,0.171179,66990
11515,false,q1,12,0.916827,600,RED,1,-0.178285,-0.1455,66990
12126,false,q0,-12,0.916827,600,BLUE,1,-0.152824,0.171179,66990
12148,false,q1,12,0.916827,600,RED,1,-0.178285,-0.1455,66990
12759,false,q0,-12,0.916827,600,BLUE,1,-0.152824,0.171179,66990
12781,false,q1,12,0.916827,600,RED,1,-0.178285,-0.1455,66990
13392,false,q0,-12,0.916827,600,BLUE,1,-0.152824,0.171179,66990
13414,false,q1,12,0.916827,600,RED,1,-0.178285,-0.1455,66990
14025,false,q0,-12,0.916827,600,BLUE,1,-0.152824,0.171179,66990
14047,false,q1,12,0.916827,600,RED,1,-0.178285,-0.1455,66990
14658,false,q0,-12,0.916827,600,BLUE,1,-0.152824,0.171179,66990
14680,false,q1,12,0.916827,600,RED,1,-0.178285,-0.1455,66990
15291,false,q0,-12,0.916827,600,BLUE,1,-0.152824,0.171179,66990
15313,false,q1,12,0.916827,600,RED,1,-0.178285,-0.1455,66990
15924,false,q0,-12,0.916827,600,BLUE,1,-0.152824,0.171179,66990
15946,false,q1,12,0.916827,600,RED,1,-0.178285,-0.1455,66990
16557,false,q0,-12,0.916827,600,BLUE,1,-0.152824,0.171179,66990
16579,false,q1,12,0.916827,600,RED,1,-0.178285,-0.1455,66990
17190,false,q0,-12,0.916827,600,BLUE,1,-0.152824,0.171179,66990
17212,false,q1,12,0.916827,600,RED,1,-0.178285,-0.1455,66990
17823,false,q0,-12,0.916827,600,BLUE,1,-0.152824,0.171179,66990
17845,false,q1,12,0.916827,600,RED,1,-0.178285,-0.1455,66990
18456,false,q0,-12,0.916827,600,BLUE,1,-0.152824,0.171179,66990
18478,false,q1,12,0.916827,600,RED,1,-0.178285,-0.1455,66990
19089,false,q0,-12,0.916827,600,BLUE,1,-0.152824,0.171179,66990
19111,false,q1,12,0.916827,600,RED,1,-0.178285,-0.1455,66990
19722,false,q0,-12,0.916827,600,BLUE,1,-0.152824,0.171179,66990
19744,false,q1,12,0.916827,600,RED,1,-0.178285,-0.1455,66990
20355,false,q0,-12,0.916827,600,BLUE,1,-0.152824,0.171179,66990
20377,false,q1,12,0.916827,600,RED,1,-0.178285,-0.1455,66990
20990,false,q0,-12,0.916827,600,BLUE,2,-0.152824,0.171179,66990
21012,false,q1,12,0.916827,600,RED,2,-0.178285,-0.1455,66990
21623,false,q0,-12,0.916827,600,BLUE,1,-0.152824,0.171179,66990
21645,false,q1,12,0.916827,600,RED,1,-0.178285,-0.1455,66990
22256,false,q0,-12,0.916827,600,BLUE,1,-0.152824,0.171179,66990
22278,false,q1,12,0.916827,600,RED,1,-0.178285,-0.1455,66990
22889,false,q0,-12,0.916827,600,BLUE,1,-0.152824,0.171179,66990
22911,false,q1,12,0.916827,600,RED,1,-0.178285,-0.1455,66990
23522,false,q0,-12,0.916827,600,BLUE,1,-0.152824,0.171179,66990
23544,false,q1,12,0.916827,600,RED,1,-0.178285,-0.1455,66990
24155,false,q0,-12,0.916827,600,BLUE,1,-0.152824,0.171179,66990
24177,false,q1,12,0.916827,600,RED,1,-0.178285,-0.1455,66990
24790,false,q0,-12,0.916827,600,BLUE,2,-0.152824,0.171179,66990
24810,false,q1,12,0.916827,600,RED,1,-0.178285,-0.1455,66990
25423,false,q0,-12,0.916827,600,BLUE,1,-0.152824,0.171179,66990
25443,false,q1,12,0.916827,600,RED,1,-0.178285,-0.1455,66990
26056,false,q0,-12,0.916827,600,BLUE,1,-0.152824,0.171179,66990
26076,false,q1,12,0.916827,600,RED,1,-0.178285,-0.1455,66990
26689,false,q0,-12,0.916827,600,BLUE,1,-0.152824,0.171179,66990
26709,false,q1,12,0.916827,600,RED,1,-0.178285,-0.1455,66990
27322,false,q0,-12,0.916827,600,BLUE,1,-0.152824,0.171179,66990
27342,false,q1,12,0.916827,600,RED,1,-0.178285,-0.1455,66990
27955,false,q0,-12,0.916827,600,BLUE,1,-0.152824,0.171179,66990
27975,false,q1,12,0.916827,600,RED,1,-0.178285,-0.1455,66990
28596,false,q0,-12,0.916827,600,BLUE,5,-0.152824,0.171179,66990
28610,false,q1,12,0.916827,600,RED,2,-0.178285,-0.1455,66990
29229,false,q0,-12,0.916827,600,BLUE,1,-0.152824,0.171179,66990
29243,false,q1,12,0.916827,600,RED,1,-0.178285,-0.1455,66990
29862,false,q0,-12,0.916827,600,BLUE,1,-0.152824,0.171179,66990
29876,false,q1,12,0.916827,600,RED,1,-0.178285,-0.1455,66990
30495,false,q0,-12,0.916827,600,BLUE,1,-0.152824,0.171179,66990
30509,false,q1,12,0.916827,600,RED,1,-0.178285,-0.1455,66990
31128,false,q0,-12,0.916827,600,BLUE,1,-0.152824,0.171179,66990
31142,false,q1,12,0.916827,600,RED,1,-0.178285,-0.1455,66990
31761,false,q0,-12,0.916827,600,BLUE,1,-0.152824,0.171179,66990
31775,false,q1,12,0.916827,600,RED,1,-0.178285,-0.1455,66990
32394,false,q0,-12,0.916827,600,BLUE,1,-0.152824,0.171179,66990
32408,false,q1,12,0.916827,600,RED,1,-0.178285,-0.1455,66990
33027,false,q0,-12,0.916827,600,BLUE,1,-0.152824,0.171179,66990
33041,false,q1,12,0.916827,600,RED,1,-0.178285,-0.1455,66990
33660,false,q0,-12,0.916827,600,BLUE,1,-0.152824,0.171179,66990
33674,false,q1,12,0.916827,600,RED,1,-0.178285,-0.1455,66990
34295,false,q0,-12,0.916827,600,BLUE,2,-0.152824,0.171179,66990
34307,false,q1,12,0.916827,600,RED,1,-0.178285,-0.1455,66990
34928,false,q0,-12,0.916827,600,BLUE,1,-0.152824,0.171179,66990
34940,false,q1,12,0.916827,600,RED,1,-0.178285,-0.1455,66990
35563,false,q0,-12,0.916827,600,BLUE,2,-0.152824,0.171179,66990
35573,false,q1,12,0.916827,600,RED,1,-0.178285,-0.1455,66990
36196,false,q0,-12,0.916827,600,BLUE,1,-0.152824,0.171179,66990
36206,false,q1,12,0.916827,600,RED,1,-0.178285,-0.1455,66990
36829,false,q0,-12,0.916827,600,BLUE,1,-0.152824,0.171179,66990
36839,false,q1,12,0.916827,600,RED,1,-0.178285,-0.1455,66990
37462,false,q0,-12,0.916827,600,BLUE,1,-0.152824,0.171179,66990
37472,false,q1,12,0.916827,600,RED,1,-0.178285,-0.1455,66990
38095,false,q0,-12,0.916827,600,BLUE,1,-0.152824,0.171179,66990
38105,false,q1,12,0.916827,600,RED,1,-0.178285,-0.1455,66990
38728,false,q0,-12,0.916827,600,BLUE,1,-0.152824,0.171179,66990
38738,false,q1,12,0.916827,600,RED,1,-0.178285,-0.1455,66990
39361,false,q0,-12,0.916827,600,BLUE,1,-0.152824,0.171179,66990
39373,false,q1,12,0.916827,600,RED,2,-0.178285,-0.1455,66990
39994,false,q0,-12,0.916827,600,BLUE,1,-0.152824,0.171179,66990
40006,false,q1,12,0.916827,600,RED,1,-0.178285,-0.1455,66990
40639,false,q1,12,0.916827,600,RED,1,-0.178285,-0.1455,66990
40670,false,q0,-12,0.916827,600,BLUE,43,-0.152824,0.171179,66990
41272,false,q1,12,0.916827,600,RED,1,-0.178285,-0.1455,66990
41303,false,q0,-12,0.916827,600,BLUE,1,-0.152824,0.171179,66990
41905,false,q1,12,0.916827,600,RED,1,-0.178285,-0.1455,66990
41936,false,q0,-12,0.916827,600,BLUE,1,-0.152824,0.171179,66990
42538,false,q1,12,0.916827,600,RED,1,-0.178285,-0.1455,66990
42569,false,q0,-12,0.916827,600,BLUE,1,-0.152824,0.171179,66990
43173,false,q1,12,0.916827,600,RED,2,-0.178285,-0.1455,66990
43202,false,q0,-12,0.916827,600,BLUE,1,-0.152824,0.171179,66990
43806,false,q1,12,0.916827,600,RED,1,-0.178285,-0.1455,66990
43835,false,q0,-12,0.916827,600,BLUE,1,-0.152824,0.171179,66990
44439,false,q1,12,0.916827,600,RED,1,-0.178285,-0.1455,66990
44468,false,q0,-12,0.916827,600,BLUE,1,-0.152824,0.171179,66990
45101,false,q0,-12,0.916827,600,BLUE,1,-0.152824,0.171179,66990
45123,false,q1,12,0.916827,600,RED,51,-0.178285,-0.1455,66990
45734,false,q0,-12,0.916827,600,BLUE,1,-0.152824,0.171179,66990
45756,false,q1,12,0.916827,600,RED,1,-0.178285,-0.1455,66990
46367,false,q0,-12,0.916827,600,BLUE,1,-0.152824,0.171179,66990
46389,false,q1,12,0.916827,600,RED,1,-0.178285,-0.1455,66990
47000,false,q0,-12,0.916827,600,BLUE,1,-0.152824,0.171179,66990
47022,false,q1,12,0.916827,600,RED,1,-0.178285,-0.1455,66990
47633,false,q0,-12,0.916827,600,BLUE,1,-0.152824,0.171179,66990
47655,false,q1,12,0.916827,600,RED,1,-0.178285,-0.1455,66990
48266,false,q0,-12,0.916827,600,BLUE,1,-0.152824,0.171179,66990
48288,false,q1,12,0.916827,600,RED,1,-0.178285,-0.1455,66990
48899,false,q0,-12,0.916827,600,BLUE,1,-0.152824,0.171179,66990
48921,false,q1,12,0.916827,600,RED,1,-0.178285,-0.1455,66990
49532,false,q0,-12,0.916827,600,BLUE,1,-0.152824,0.171179,66990
49554,false,q1,12,0.916827,600,RED,1,-0.178285,-0.1455,66990
50165,false,q0,-12,0.916827,600,BLUE,1,-0.152824,0.171179,66990
50187,false,q1,12,0.916827,600,RED,1,-0.178285,-0.1455,66990
50798,false,q0,-12,0.916827,600,BLUE,1,-0.152824,0.171179,66990
50820,false,q1,12,0.916827,600,RED,1,-0.178285,-0.1455,66990
51431,false,q0,-12,0.916827,600,BLUE,1,-0.152824,0.171179,66990
51453,false,q1,12,0.916827,600,RED,1,-0.178285,-0.1455,66990
52064,false,q0,-12,0.916827,600,BLUE,1,-0.152824,0.171179,66990
52088,false,q1,12,0.916827,600,RED,2,-0.178285,-0.1455,66990
52697,false,q0,-12,0.916827,600,BLUE,1,-0.152824,0.171179,66990
52721,false,q1,12,0.916827,600,RED,1,-0.178285,-0.1455,66990
53332,false,q0,-12,0.916827,600,BLUE,2,-0.152824,0.171179,66990
53354,false,q1,12,0.916827,600,RED,1,-0.178285,-0.1455,66990
53965,false,q0,-12,0.916827,600,BLUE,1,-0.152824,0.171179,66990
53987,false,q1,12,0.916827,600,RED,1,-0.178285,-0.1455,66990
54598,false,q0,-12,0.916827,600,BLUE,1,-0.152824,0.171179,66990
54620,false,q1,12,0.916827,600,RED,1,-0.178285,-0.1455,66990
55235,false,q0,-12,0.916827,600,BLUE,3,-0.152824,0.171179,66990
55253,false,q1,12,0.916827,600,RED,1,-0.178285,-0.1455,66990
55868,false,q0,-12,0.916827,600,BLUE,1,-0.152824,0.171179,66990
55886,false,q1,12,0.916827,600,RED,1,-0.178285,-0.1455,66990
56501,false,q0,-12,0.916827,600,BLUE,1,-0.152824,0.171179,66990
56519,false,q1,12,0.916827,600,RED,1,-0.178285,-0.1455,66990
57134,false,q0,-12,0.916827,600,BLUE,1,-0.152824,0.171179,66990
57152,false,q1,12,0.916827,600,RED,1,-0.178285,-0.1455,66990
57767,false,q0,-12,0.916827,600,BLUE,1,-0.152824,0.171179,66990
57785,false,q1,12,0.916827,600,RED,1,-0.178285,-0.1455,66990
58400,false,q0,-12,0.916827,600,BLUE,1,-0.152824,0.171179,66990
58418,false,q1,12,0.916827,600,RED,1,-0.178285,-0.1455,66990
59033,false,q0,-12,0.916827,600,BLUE,1,-0.152824,0.171179,66990
59051,false,q1,12,0.916827,600,RED,1,-0.178285,-0.1455,66990
59666,false,q0,-12,0.916827,600,BLUE,1,-0.152824,0.171179,66990
59684,false,q1,12,0.916827,600,RED,1,-0.178285,-0.1455,66990
60299,false,q0,-12,0.916827,600,BLUE,1,-0.152824,0.171179,66990
60317,false,q1,12,0.916827,600,RED,1,-0.178285,-0.1455,66990
60932,false,q0,-12,0.916827,600,BLUE,1,-0.152824,0.171179,66990
60950,false,q1,12,0.916827,600,RED,1,-0.178285,-0.1455,66990
61565,false,q0,-12,0.916827,600,BLUE,1,-0.152824,0.171179,66990
61583,false,q1,12,0.916827,600,RED,1,-0.178285,-0.1455,66990
62198,false,q0,-12,0.916827,600,BLUE,1,-0.152824,0.171179,66990
62216,false,q1,12,0.916827,600,RED,1,-0.178285,-0.1455,66990
62831,false,q0,-12,0.916827,600,BLUE,1,-0.152824,0.171179,66990
62849,false,q1,12,0.916827,600,RED,1,-0.178285,-0.1455,66990
63464,false,q0,-12,0.916827,600,BLUE,1,-0.152824,0.171179,66990
63482,false,q1,12,0.916827,600,RED,1,-0.178285,-0.1455,66990
64097,false,q0,-12,0.916827,600,BLUE,1,-0.152824,0.171179,66990
64115,false,q1,12,0.916827,600,RED,1,-0.178285,-0.1455,66990
64730,false,q0,-12,0.916827,600,BLUE,1,-0.152824,0.171179,66990
64748,false,q1,12,0.916827,600,RED,1,-0.178285,-0.1455,66990
65363,false,q0,-12,0.916827,600,BLUE,1,-0.152824,0.171179,66990
65381,false,q1,12,0.916827,600,RED,1,-0.178285,-0.1455,66990
66000,false,q0,-12,0.916827,600,BLUE,3,-0.152824,0.171179,66990
66014,false,q1,12,0.916827,600,RED,1,-0.178285,-0.1455,66990
66633,false,q0,-12,0.916827,600,BLUE,1,-0.152824,0.171179,66990
66649,false,q1,12,0.916827,600,RED,2,-0.178285,-0.1455,66990
67266,false,q0,-12,0.916827,600,BLUE,1,-0.152824,0.171179,66990
67282,false,q1,12,0.916827,600,RED,1,-0.178285,-0.1455,66990
67899,false,q0,-12,0.916827,600,BLUE,1,-0.152824,0.171179,66990
67915,false,q1,12,0.916827,600,RED,1,-0.178285,-0.1455,66990
68532,false,q0,-12,0.916827,600,BLUE,1,-0.152824,0.171179,66990
68548,false,q1,12,0.916827,600,RED,1,-0.178285,-0.1455,66990
69165,false,q0,-12,0.916827,600,BLUE,1,-0.152824,0.171179,66990
69181,false,q1,12,0.916827,600,RED,1,-0.178285,-0.1455,66990
69798,false,q0,-12,0.916827,600,BLUE,1,-0.152824,0.171179,66990
69814,false,q1,12,0.916827,600,RED,1,-0.178285,-0.1455,66990
70431,false,q0,-12,0.916827,600,BLUE,1,-0.152824,0.171179,66990
70447,false,q1,12,0.916827,600,RED,1,-0.178285,-0.1455,66990
71064,false,q0,-12,0.916827,600,BLUE,1,-0.152824,0.171179,66990
71080,false,q1,12,0.916827,600,RED,1,-0.178285,-0.1455,66990
71697,false,q0,-12,0.916827,600,BLUE,1,-0.152824,0.171179,66990
71713,false,q1,12,0.916827,600,RED,1,-0.178285,-0.1455,66990
72330,false,q0,-12,0.916827,600,BLUE,1,-0.152824,0.171179,66990
72346,false,q1,12,0.916827,600,RED,1,-0.178285,-0.1455,66990
72963,false,q0,-12,0.916827,600,BLUE,1,-0.152824,0.171179,66990
72979,false,q1,12,0.916827,600,RED,1,-0.178285,-0.1455,66990
73596,false,q0,-12,0.916827,600,BLUE,1,-0.152824,0.171179,66990
73612,false,q1,12,0.916827,600,RED,1,-0.178285,-0.1455,66990
74229,false,q0,-12,0.916827,600,BLUE,1,-0.152824,0.171179,66990
74245,false,q1,12,0.916827,600,RED,1,-0.178285,-0.1455,66990
74862,false,q0,-12,0.916827,600,BLUE,1,-0.152824,0.171179,66990
74878,false,q1,12,0.916827,600,RED,1,-0.178285,-0.1455,66990
75495,false,q0,-12,0.916827,600,BLUE,1,-0.152824,0.171179,66990
75511,false,q1,12,0.916827,600,RED,1,-0.178285,-0.1455,66990
76128,false,q0,-12,0.916827,600,BLUE,1,-0.152824,0.171179,66990
76146,false,q1,12,0.916827,600,RED,2,-0.178285,-0.1455,66990
76763,false,q0,-12,0.916827,600,BLUE,2,-0.152824,0.171179,66990
76779,false,q1,12,0.916827,600,RED,1,-0.178285,-0.1455,66990
77398,false,q0,-12,0.916827,600,BLUE,2,-0.152824,0.171179,66990
77412,false,q1,12,0.916827,600,RED,1,-0.178285,-0.1455,66990
78031,false,q0,-12,0.916827,600,BLUE,1,-0.152824,0.171179,66990
78045,false,q1,12,0.916827,600,RED,1,-0.178285,-0.1455,66990
78664,false,q0,-12,0.916827,600,BLUE,1,-0.152824,0.171179,66990
78678,false,q1,12,0.916827,600,RED,1,-0.178285,-0.1455,66990
79311,false,q1,12,0.916827,600,RED,1,-0.178285,-0.1455,66990
79340,false,q0,-12,0.916827,600,BLUE,43,-0.152824,0.171179,66990
79944,false,q1,12,0.916827,600,RED,1,-0.178285,-0.1455,66990
79973,false,q0,-12,0.916827,600,BLUE,1,-0.152824,0.171179,66990
80577,false,q1,12,0.916827,600,RED,1,-0.178285,-0.1455,66990
80606,false,q0,-12,0.916827,600,BLUE,1,-0.152824,0.171179,66990
81239,false,q0,-12,0.916827,600,BLUE,1,-0.152824,0.171179,66990
81261,false,q1,12,0.916827,600,RED,51,-0.178285,-0.1455,66990
81872,false,q0,-12,0.916827,600,BLUE,1,-0.152824,0.171179,66990
81894,false,q1,12,0.916827,600,RED,1,-0.178285,-0.1455,66990
82505,false,q0,-12,0.916827,600,BLUE,1,-0.152824,0.171179,66990
82529,false,q1,12,0.916827,600,RED,2,-0.178285,-0.1455,66990
83138,false,q0,-12,0.916827,600,BLUE,1,-0.152824,0.171179,66990
83162,false,q1,12,0.916827,600,RED,1,-0.178285,-0.1455,66990
83771,false,q0,-12,0.916827,600,BLUE,1,-0.152824,0.171179,66990
83797,false,q1,12,0.916827,600,RED,2,-0.178285,-0.1455,66990
84404,false,q0,-12,0.916827,600,BLUE,1,-0.152824,0.171179,66990
84430,false,q1,12,0.916827,600,RED,1,-0.178285,-0.1455,66990
85037,false,q0,-12,0.916827,600,BLUE,1,-0.152824,0.171179,66990
85063,false,q1,12,0.916827,600,RED,1,-0.178285,-0.1455,66990
85670,false,q0,-12,0.916827,600,BLUE,1,-0.152824,0.171179,66990
85698,false,q1,12,0.916827,600,RED,2,-0.178285,-0.1455,66990
86303,false,q0,-12,0.916827,600,BLUE,1,-0.152824,0.171179,66990
86331,false,q1,12,0.916827,600,RED,1,-0.178285,-0.1455,66990
86936,false,q0,-12,0.916827,600,BLUE,1,-0.152824,0.171179,66990
86964,false,q1,12,0.916827,600,RED,1,-0.178285,-0.1455,66990
87569,false,q0,-12,0.916827,600,BLUE,1,-0.152824,0.171179,66990
87597,false,q1,12,0.916827,600,RED,1,-0.178285,-0.1455,66990
88202,false,q0,-12,0.916827,600,BLUE,1,-0.152824,0.171179,66990
88230,false,q1,12,0.916827,600,RED,1,-0.178285,-0.1455,66990
88837,false,q0,-12,0.916827,600,BLUE,2,-0.152824,0.171179,66990
88863,false,q1,12,0.916827,600,RED,1,-0.178285,-0.1455,66990
89474,false,q0,-12,0.916827,600,BLUE,3,-0.152824,0.171179,66990
89496,false,q1,12,0.916827,600,RED,1,-0.178285,-0.1455,66990
90107,false,q0,-12,0.916827,600,BLUE,1,-0.152824,0.171179,66990
90129,false,q1,12,0.916827,600,RED,1,-0.178285,-0.1455,66990
90740,false,q0,-12,0.916827,600,BLUE,1,-0.152824,0.171179,66990
90762,false,q1,12,0.916827,600,RED,1,-0.178285,-0.1455,66990
91373,false,q0,-12,0.916827,600,BLUE,1,-0.152824,0.171179,66990
91395,false,q1,12,0.916827,600,RED,1,-0.178285,-0.1455,66990
92006,false,q0,-12,0.916827,600,BLUE,1,-0.152824,0.171179,66990
92028,false,q1,12,0.916827,600,RED,1,-0.178285,-0.1455,66990
92639,false,q0,-12,0.916827,600,BLUE,1,-0.152824,0.171179,66990
92661,false,q1,12,0.916827,600,RED,1,-0.178285,-0.1455,66990
93272,false,q0,-12,0.916827,600,BLUE,1,-0.152824,0.171179,66990
93294,false,q1,12,0.916827,600,RED,1,-0.178285,-0.1455,66990
93905,false,q0,-12,0.916827,600,BLUE,1,-0.152824,0.171179,66990
93927,false,q1,12,0.916827,600,RED,1,-0.178285,-0.1455,66990
94538,false,q0,-12,0.916827,600,BLUE,1,-0.152824,0.171179,66990
94560,false,q1,12,0.916827,600,RED,1,-0.178285,-0.1455,66990
95171,false,q0,-12,0.916827,600,BLUE,1,-0.152824,0.171179,66990
95193,false,q1,12,0.916827,600,RED,1,-0.178285,-0.1455,66990
95804,false,q0,-12,0.916827,600,BLUE,1,-0.152824,0.171179,66990
95826,false,q1,12,0.916827,600,RED,1,-0.178285,-0.1455,66990
96437,false,q0,-12,0.916827,600,BLUE,1,-0.152824,0.171179,66990
96459,false,q1,12,0.916827,600,RED,1,-0.178285,-0.1455,66990
97070,false,q0,-12,0.916827,600,BLUE,1,-0.152824,0.171179,66990
97092,false,q1,12,0.916827,600,RED,1,-0.178285,-0.1455,66990
97703,false,q0,-12,0.916827,600,BLUE,1,-0.152824,0.171179,66990
97725,false,q1,12,0.916827,600,RED,1,-0.178285,-0.1455,66990
98338,false,q0,-12,0.916827,600,BLUE,2,-0.152824,0.171179,66990
98360,false,q1,12,0.916827,600,RED,2,-0.178285,-0.1455,66990
98971,false,q0,-12,0.916827,600,BLUE,1,-0.152824,0.171179,66990
98993,false,q1,12,0.916827,600,RED,1,-0.178285,-0.1455,66990
99604,false,q0,-12,0.916827,600,BLUE,1,-0.152824,0.171179,66990
99626,false,q1,12,0.916827,600,RED,1,-0.178285,-0.1455,66990
52,false,q1,0,0.5,600,RED,1,-0.178285,-0.1455,36764
54,false,q0,0,0.5,600,BLUE,2,-0.152824,0.171179,36764
685,false,q1,1,0.549834,600,RED,1,-0.178285,-0.1455,36764
687,false,q0,-1,0.549834,600,BLUE,1,-0.152824,0.171179,36764
1318,false,q1,2,0.598688,600,RED,1,-0.178285,-0.1455,36764
1322,false,q0,-2,0.598688,600,BLUE,2,-0.152824,0.171179,36764
1951,false,q1,3,0.645656,600,RED,1,-0.178285,-0.1455,36764
1955,false,q0,-3,0.645656,600,BLUE,1,-0.152824,0.171179,36764
2584,false,q1,4,0.689974,600,RED,1,-0.178285,-0.1455,36764
2631,false,q0,-4,0.689974,600,BLUE,43,-0.152824,0.171179,36764
3221,false,q1,5,0.731059,600,RED,3,-0.178285,-0.1455,36764
3264,false,q0,-5,0.731059,600,BLUE,1,-0.152824,0.171179,36764
3854,false,q1,6,0.768525,600,RED,1,-0.178285,-0.1455,36764
3899,false,q0,-6,0.768525,600,BLUE,2,-0.152824,0.171179,36764
4487,false,q1,7,0.802184,600,RED,1,-0.178285,-0.1455,36764
4532,false,q0,-7,0.802184,600,BLUE,1,-0.152824,0.171179,36764
5120,false,q1,8,0.832018,600,RED,1,-0.178285,-0.1455,36764
5165,false,q0,-8,0.832018,600,BLUE,1,-0.152824,0.171179,36764
5753,false,q1,9,0.858149,600,RED,1,-0.178285,-0.1455,36764
5798,false,q0,-9,0.858149,600,BLUE,1,-0.152824,0.171179,36764
6386,false,q1,10,0.880797,600,RED,1,-0.178285,-0.1455,36764
6431,false,q0,-10,0.880797,600,BLUE,1,-0.152824,0.171179,36764
7019,false,q1,11,0.90025,600,RED,1,-0.178285,-0.1455,36764
7064,false,q0,-11,0.90025,600,BLUE,1,-0.152824,0.171179,36764
7652,false,q1,12,0.916827,600,RED,1,-0.178285,-0.1455,36764
7697,false,q0,-12,0.916827,600,BLUE,1,-0.152824,0.171179,36764
8285,false,q1,12,0.916827,600,RED,1,-0.178285,-0.1455,36764
8332,false,q0,-12,0.916827,600,BLUE,2,-0.152824,0.171179,36764
8918,false,q1,12,0.916827,600,RED,1,-0.178285,-0.1455,36764
8965,false,q0,-12,0.916827,600,BLUE,1,-0.152824,0.171179,36764
9551,false,q1,12,0.916827,600,RED,1,-0.178285,-0.1455,36764
9598,false,q0,-12,0.916827,600,BLUE,1,-0.152824,0.171179,36764
10184,false,q1,12,0.916827,600,RED,1,-0.178285,-0.1455,36764
10231,false,q0,-12,0.916827,600,BLUE,1,-0.152824,0.171179,36764
10817,false,q1,12,0.916827,600,RED,1,-0.178285,-0.1455,36764
10864,false,q0,-12,0.916827,600,BLUE,1,-0.152824,0.171179,36764
11452,false,q1,12,0.916827,600,RED,2,-0.178285,-0.1455,36764
11497,false,q0,-12,0.916827,600,BLUE,1,-0.152824,0.171179,36764
12085,false,q1,12,0.916827,600,RED,1,-0.178285,-0.1455,36764
12130,false,q0,-12,0.916827,600,BLUE,1,-0.152824,0.171179,36764
12718,false,q1,12,0.916827,600,RED,1,-0.178285,-0.1455,36764
12763,false,q0,-12,0.916827,600,BLUE,1,-0.152824,0.171179,36764
13396,false,q0,-12,0.916827,600,BLUE,1,-0.152824,0.171179,36764
13402,false,q1,12,0.916827,600,RED,51,-0.178285,-0.1455,36764
14029,false,q0,-12,0.916827,600,BLUE,1,-0.152824,0.171179,36764
14035,false,q1,12,0.916827,600,RED,1,-0.178285,-0.1455,36764
14662,false,q0,-12,0.916827,600,BLUE,1,-0.152824,0.171179,36764
14668,false,q1,12,0.916827,600,RED,1,-0.178285,-0.1455,36764
15295,false,q0,-12,0.916827,600,BLUE,1,-0.152824,0.171179,36764
15301,false,q1,12,0.916827,600,RED,1,-0.178285,-0.1455,36764
15930,false,q0,-12,0.916827,600,BLUE,2,-0.152824,0.171179,36764
15934,false,q1,12,0.916827,600,RED,1,-0.178285,-0.1455,36764
16563,false,q0,-12,0.916827,600,BLUE,1,-0.152824,0.171179,36764
16567,false,q1,12,0.916827,600,RED,1,-0.178285,-0.1455,36764
17198,false,q0,-12,0.916827,600,BLUE,2,-0.152824,0.171179,36764
17200,false,q1,12,0.916827,600,RED,1,-0.178285,-0.1455,36764
17831,false,q0,-12,0.916827,600,BLUE,1,-0.152824,0.171179,36764
17833,false,q1,12,0.916827,600,RED,1,-0.178285,-0.1455,36764
18464,false,q0,-12,0.916827,600,BLUE,1,-0.152824,0.171179,36764
18466,false,q1,12,0.916827,600,RED,1,-0.178285,-0.1455,36764
19097,false,q0,-12,0.916827,600,BLUE,1,-0.152824,0.171179,36764
19099,false,q1,12,0.916827,600,RED,1,-0.178285,-0.1455,36764
19732,false,q1,12,0.916827,600,RED,1,-0.178285,-0.1455,36764
19732,false,q0,-12,0.916827,600,BLUE,2,-0.152824,0.171179,36764
20365,false,q1,12,0.916827,600,RED,1,-0.178285,-0.1455,36764
20365,false,q0,-12,0.916827,600,BLUE,1,-0.152824,0.171179,36764
20998,false,q0,-12,0.916827,600,BLUE,1,-0.152824,0.171179,36764
21000,false,q1,12,0.916827,600,RED,2,-0.178285,-0.1455,36764
21631,false,q0,-12,0.916827,600,BLUE,1,-0.152824,0.171179,36764
21633,false,q1,12,0.916827,600,RED,1,-0.178285,-0.1455,36764
22264,false,q0,-12,0.916827,600,BLUE,1,-0.152824,0.171179,36764
22266,false,q1,12,0.916827,600,RED,1,-0.178285,-0.1455,36764
22897,false,q0,-12,0.916827,600,BLUE,1,-0.152824,0.171179,36764
22899,false,q1,12,0.916827,600,RED,1,-0.178285,-0.1455,36764
23530,false,q0,-12,0.916827,600,BLUE,1,-0.152824,0.171179,36764
23532,false,q1,12,0.916827,600,RED,1,-0.178285,-0.1455,36764
24163,false,q0,-12,0.916827,600,BLUE,1,-0.152824,0.171179,36764
24165,false,q1,12,0.916827,600,RED,1,-0.178285,-0.1455,36764
24796,false,q0,-12,0.916827,600,BLUE,1,-0.152824,0.171179,36764
24800,false,q1,12,0.916827,600,RED,2,-0.178285,-0.1455,36764
25429,false,q0,-12,0.916827,600,BLUE,1,-0.152824,0.171179,36764
25433,false,q1,12,0.916827,600,RED,1,-0.178285,-0.1455,36764
26062,false,q0,-12,0.916827,600,BLUE,1,-0.152824,0.171179,36764
26066,false,q1,12,0.916827,600,RED,1,-0.178285,-0.1455,36764
26695,false,q0,-12,0.916827,600,BLUE,1,-0.152824,0.171179,36764
26699,false,q1,12,0.916827,600,RED,1,-0.178285,-0.1455,36764
27328,false,q0,-12,0.916827,600,BLUE,1,-0.152824,0.171179,36764
27332,false,q1,12,0.916827,600,RED,1,-0.178285,-0.1455,36764
27961,false,q0,-12,0.916827,600,BLUE,1,-0.152824,0.171179,36764
27965,false,q1,12,0.916827,600,RED,1,-0.178285,-0.1455,36764
28594,false,q0,-12,0.916827,600,BLUE,1,-0.152824,0.171179,36764
28598,false,q1,12,0.916827,600,RED,1,-0.178285,-0.1455,36764
29227,false,q0,-12,0.916827,600,BLUE,1,-0.152824,0.171179,36764
29231,false,q1,12,0.916827,600,RED,1,-0.178285,-0.1455,36764
29860,false,q0,-12,0.916827,600,BLUE,1,-0.152824,0.171179,36764
29864,false,q1,12,0.916827,600,RED,1,-0.178285,-0.1455,36764
30493,false,q0,-12,0.916827,600,BLUE,1,-0.152824,0.171179,36764
30497,false,q1,12,0.916827,600,RED,1,-0.178285,-0.1455,36764
31126,false,q0,-12,0.916827,600,BLUE,1,-0.152824,0.171179,36764
31130,false,q1,12,0.916827,600,RED,1,-0.178285,-0.1455,36764
31759,false,q0,-12,0.916827,600,BLUE,1,-0.152824,0.171179,36764
31763,false,q1,12,0.916827,600,RED,1,-0.178285,-0.1455,36764
32392,false,q0,-12,0.916827,600,BLUE,1,-0.152824,0.171179,36764
32396,false,q1,12,0.916827,600,RED,1,-0.178285,-0.1455,36764
33025,false,q0,-12,0.916827,600,BLUE,1,-0.152824,0.171179,36764
33029,false,q1,12,0.916827,600,RED,1,-0.178285,-0.1455,36764
33658,false,q0,-12,0.916827,600,BLUE,1,-0.152824,0.171179,36764
33662,false,q1,12,0.916827,600,RED,1,-0.178285,-0.1455,36764
34291,false,q0,-12,0.916827,600,BLUE,1,-0.152824,0.171179,36764
34295,false,q1,12,0.916827,600,RED,1,-0.178285,-0.1455,36764
34924,false,q0,-12,0.916827,600,BLUE,1,-0.152824,0.171179,36764
34928,false,q1,12,0.916827,600,RED,1,-0.178285,-0.1455,36764
35559,false,q0,-12,0.916827,600,BLUE,2,-0.152824,0.171179,36764
35561,false,q1,12,0.916827,600,RED,1,-0.178285,-0.1455,36764
36192,false,q0,-12,0.916827,600,BLUE,1,-0.152824,0.171179,36764
36194,false,q1,12,0.916827,600,RED,1,-0.178285,-0.1455,36764
36825,false,q0,-12,0.916827,600,BLUE,1,-0.152824,0.171179,36764
36827,false,q1,12,0.916827,600,RED,1,-0.178285,-0.1455,36764
37458,false,q0,-12,0.916827,600,BLUE,1,-0.152824,0.171179,36764
37460,false,q1,12,0.916827,600,RED,1,-0.178285,-0.1455,36764
38091,false,q0,-12,0.916827,600,BLUE,1,-0.152824,0.171179,36764
38095,false,q1,12,0.916827,600,RED,2,-0.178285,-0.1455,36764
38724,false,q0,-12,0.916827,600,BLUE,1,-0.152824,0.171179,36764
38728,false,q1,12,0.916827,600,RED,1,-0.178285,-0.1455,36764
39357,false,q0,-12,0.916827,600,BLUE,1,-0.152824,0.171179,36764
39361,false,q1,12,0.916827,600,RED,1,-0.178285,-0.1455,36764
39990,false,q0,-12,0.916827,600,BLUE,1,-0.152824,0.171179,36764
39994,false,q1,12,0.916827,600,RED,1,-0.178285,-0.1455,36764
40623,false,q0,-12,0.916827,600,BLUE,1,-0.152824,0.171179,36764
40627,false,q1,12,0.916827,600,RED,1,-0.178285,-0.1455,36764
41256,false,q0,-12,0.916827,600,BLUE,1,-0.152824,0.171179,36764
41260,false,q1,12,0.916827,600,RED,1,-0.178285,-0.1455,36764
41893,false,q1,12,0.916827,600,RED,1,-0.178285,-0.1455,36764
41932,false,q0,-12,0.916827,600,BLUE,43,-0.152824,0.171179,36764
42526,false,q1,12,0.916827,600,RED,1,-0.178285,-0.1455,36764
42565,false,q0,-12,0.916827,600,BLUE,1,-0.152824,0.171179,36764
43159,false,q1,12,0.916827,600,RED,1,-0.178285,-0.1455,36764
43198,false,q0,-12,0.916827,600,BLUE,1,-0.152824,0.171179,36764
43792,false,q1,12,0.916827,600,RED,1,-0.178285,-0.1455,36764
43833,false,q0,-12,0.916827,600,BLUE,2,-0.152824,0.171179,36764
44425,false,q1,12,0.916827,600,RED,1,-0.178285,-0.1455,36764
44466,false,q0,-12,0.916827,600,BLUE,1,-0.152824,0.171179,36764
45058,false,q1,12,0.916827,600,RED,1,-0.178285,-0.1455,36764
45099,false,q0,-12,0.916827,600,BLUE,1,-0.152824,0.171179,36764
45691,false,q1,12,0.916827,600,RED,1,-0.178285,-0.1455,36764
45732,false,q0,-12,0.916827,600,BLUE,1,-0.152824,0.171179,36764
46324,false,q1,12,0.916827,600,RED,1,-0.178285,-0.1455,36764
46365,false,q0,-12,0.916827,600,BLUE,1,-0.152824,0.171179,36764
46957,false,q1,12,0.916827,600,RED,1,-0.178285,-0.1455,36764
46998,false,q0,-12,0.916827,600,BLUE,1,-0.152824,0.171179,36764
47590,false,q1,12,0.916827,600,RED,1,-0.178285,-0.1455,36764
47631,false,q0,-12,0.916827,600,BLUE,1,-0.152824,0.171179,36764
48223,false,q1,12,0.916827,600,RED,1,-0.178285,-0.1455,36764
48264,false,q0,-12,0.916827,600,BLUE,1,-0.152824,0.171179,36764
48856,false,q1,12,0.916827,600,RED,1,-0.178285,-0.1455,36764
48897,false,q0,-12,0.916827,600,BLUE,1,-0.152824,0.171179,36764
49530,false,q0,-12,0.916827,600,BLUE,1,-0.152824,0.171179,36764
49540,false,q1,12,0.916827,600,RED,51,-0.178285,-0.1455,36764
50163,false,q0,-12,0.916827,600,BLUE,1,-0.152824,0.171179,36764
50175,false,q1,12,0.916827,600,RED,2,-0.178285,-0.1455,36764
50796,false,q0,-12,0.916827,600,BLUE,1,-0.152824,0.171179,36764
50808,false,q1,12,0.916827,600,RED,1,-0.178285,-0.1455,36764
51429,false,q0,-12,0.916827,600,BLUE,1,-0.152824,0.171179,36764
51441,false,q1,12,0.916827,600,RED,1,-0.178285,-0.1455,36764
52062,false,q0,-12,0.916827,600,BLUE,1,-0.152824,0.171179,36764
52074,false,q1,12,0.916827,600,RED,1,-0.178285,-0.1455,36764
52695,false,q0,-12,0.916827,600,BLUE,1,-0.152824,0.171179,36764
52707,false,q1,12,0.916827,600,RED,1,-0.178285,-0.1455,36764
53328,false,q0,-12,0.916827,600,BLUE,1,-0.152824,0.171179,36764
53340,false,q1,12,0.916827,600,RED,1,-0.178285,-0.1455,36764
53961,false,q0,-12,0.916827,600,BLUE,1,-0.152824,0.171179,36764
53973,false,q1,12,0.916827,600,RED,1,-0.178285,-0.1455,36764
54594,false,q0,-12,0.916827,600,BLUE,1,-0.152824,0.171179,36764
54606,false,q1,12,0.916827,600,RED,1,-0.178285,-0.1455,36764
55227,false,q0,-12,0.916827,600,BLUE,1,-0.152824,0.171179,36764
55239,false,q1,12,0.916827,600,RED,1,-0.178285,-0.1455,36764
55862,false,q0,-12,0.916827,600,BLUE,2,-0.152824,0.171179,36764
55872,false,q1,12,0.916827,600,RED,1,-0.178285,-0.1455,36764
56495,false,q0,-12,0.916827,600,BLUE,1,-0.152824,0.171179,36764
56505,false,q1,12,0.916827,600,RED,1,-0.178285,-0.1455,36764
57128,false,q0,-12,0.916827,600,BLUE,1,-0.152824,0.171179,36764
57138,false,q1,12,0.916827,600,RED,1,-0.178285,-0.1455,36764
57761,false,q0,-12,0.916827,600,BLUE,1,-0.152824,0.171179,36764
57771,false,q1,12,0.916827,600,RED,1,-0.178285,-0.1455,36764
58396,false,q0,-12,0.916827,600,BLUE,2,-0.152824,0.171179,36764
58404,false,q1,12,0.916827,600,RED,1,-0.178285,-0.1455,36764
59029,false,q0,-12,0.916827,600,BLUE,1,-0.152824,0.171179,36764
59037,false,q1,12,0.916827,600,RED,1,-0.178285,-0.1455,36764
59662,false,q0,-12,0.916827,600,BLUE,1,-0.152824,0.171179,36764
59670,false,q1,12,0.916827,600,RED,1,-0.178285,-0.1455,36764
60295,false,q0,-12,0.916827,600,BLUE,1,-0.152824,0.171179,36764
60303,false,q1,12,0.916827,600,RED,1,-0.178285,-0.1455,36764
60930,false,q0,-12,0.916827,600,BLUE,2,-0.152824,0.171179,36764
60936,false,q1,12,0.916827,600,RED,1,-0.178285,-0.1455,36764
61565,false,q0,-12,0.916827,600,BLUE,2,-0.152824,0.171179,36764
61569,false,q1,12,0.916827,600,RED,1,-0.178285,-0.1455,36764
62198,false,q0,-12,0.916827,600,BLUE,1,-0.152824,0.171179,36764
62202,false,q1,12,0.916827,600,RED,1,-0.178285,-0.1455,36764
62831,false,q0,-12,0.916827,600,BLUE,1,-0.152824,0.171179,36764
62835,false,q1,12,0.916827,600,RED,1,-0.178285,-0.1455,36764
63464,false,q0,-12,0.916827,600,BLUE,1,-0.152824,0.171179,36764
63468,false,q1,12,0.916827,600,RED,1,-0.178285,-0.1455,36764
64097,false,q0,-12,0.916827,600,BLUE,1,-0.152824,0.171179,36764
64101,false,q1,12,0.916827,600,RED,1,-0.178285,-0.1455,36764
64730,false,q0,-12,0.916827,600,BLUE,1,-0.152824,0.171179,36764
64734,false,q1,12,0.916827,600,RED,1,-0.178285,-0.1455,36764
65363,false,q0,-12,0.916827,600,BLUE,1,-0.152824,0.171179,36764
65367,false,q1,12,0.916827,600,RED,1,-0.178285,-0.1455,36764
65996,false,q0,-12,0.916827,600,BLUE,1,-0.152824,0.171179,36764
66000,false,q1,12,0.916827,600,RED,1,-0.178285,-0.1455,36764
66629,false,q0,-12,0.916827,600,BLUE,1,-0.152824,0.171179,36764
66633,false,q1,12,0.916827,600,RED,1,-0.178285,-0.1455,36764
67262,false,q0,-12,0.916827,600,BLUE,1,-0.152824,0.171179,36764
67268,false,q1,12,0.916827,600,RED,2,-0.178285,-0.1455,36764
67895,false,q0,-12,0.916827,600,BLUE,1,-0.152824,0.171179,36764
67903,false,q1,12,0.916827,600,RED,2,-0.178285,-0.1455,36764
68528,false,q0,-12,0.916827,600,BLUE,1,-0.152824,0.171179,36764
68536,false,q1,12,0.916827,600,RED,1,-0.178285,-0.1455,36764
69163,false,q0,-12,0.916827,600,BLUE,2,-0.152824,0.171179,36764
69171,false,q1,12,0.916827,600,RED,2,-0.178285,-0.1455,36764
69796,false,q0,-12,0.916827,600,BLUE,1,-0.152824,0.171179,36764
69804,false,q1,12,0.916827,600,RED,1,-0.178285,-0.1455,36764
70429,false,q0,-12,0.916827,600,BLUE,1,-0.152824,0.171179,36764
70437,false,q1,12,0.916827,600,RED,1,-0.178285,-0.1455,36764
71064,false,q0,-12,0.916827,600,BLUE,2,-0.152824,0.171179,36764
71070,false,q1,12,0.916827,600,RED,1,-0.178285,-0.1455,36764
71697,false,q0,-12,0.916827,600,BLUE,1,-0.152824,0.171179,36764
71703,false,q1,12,0.916827,600,RED,1,-0.178285,-0.1455,36764
72332,false,q0,-12,0.916827,600,BLUE,2,-0.152824,0.171179,36764
72336,false,q1,12,0.916827,600,RED,1,-0.178285,-0.1455,36764
72965,false,q0,-12,0.916827,600,BLUE,1,-0.152824,0.171179,36764
72969,false,q1,12,0.916827,600,RED,1,-0.178285,-0.1455,36764
73598,false,q0,-12,0.916827,600,BLUE,1,-0.152824,0.171179,36764
73604,false,q1,12,0.916827,600,RED,2,-0.178285,-0.1455,36764
74231,false,q0,-12,0.916827,600,BLUE,1,-0.152824,0.171179,36764
74237,false,q1,12,0.916827,600,RED,1,-0.178285,-0.1455,36764
74866,false,q0,-12,0.916827,600,BLUE,2,-0.152824,0.171179,36764
74872,false,q1,12,0.916827,600,RED,2,-0.178285,-0.1455,36764
75499,false,q0,-12,0.916827,600,BLUE,1,-0.152824,0.171179,36764
75505,false,q1,12,0.916827,600,RED,1,-0.178285,-0.1455,36764
76132,false,q0,-12,0.916827,600,BLUE,1,-0.152824,0.171179,36764
76138,false,q1,12,0.916827,600,RED,1,-0.178285,-0.1455,36764
76765,false,q0,-12,0.916827,600,BLUE,1,-0.152824,0.171179,36764
76773,false,q1,12,0.916827,600,RED,2,-0.178285,-0.1455,36764
77398,false,q0,-12,0.916827,600,BLUE,1,-0.152824,0.171179,36764
77406,false,q1,12,0.916827,600,RED,1,-0.178285,-0.1455,36764
78031,false,q0,-12,0.916827,600,BLUE,1,-0.152824,0.171179,36764
78039,false,q1,12,0.916827,600,RED,1,-0.178285,-0.1455,36764
78664,false,q0,-12,0.916827,600,BLUE,1,-0.152824,0.171179,36764
78672,false,q1,12,0.916827,600,RED,1,-0.178285,-0.1455,36764
79305,false,q1,12,0.916827,600,RED,1,-0.178285,-0.1455,36764
79340,false,q0,-12,0.916827,600,BLUE,43,-0.152824,0.171179,36764
79938,false,q1,12,0.916827,600,RED,1,-0.178285,-0.1455,36764
79973,false,q0,-12,0.916827,600,BLUE,1,-0.152824,0.171179,36764
80571,false,q1,12,0.916827,600,RED,1,-0.178285,-0.1455,36764
80606,false,q0,-12,0.916827,600,BLUE,1,-0.152824,0.171179,36764
81204,false,q1,12,0.916827,600,RED,1,-0.178285,-0.1455,36764
81239,false,q0,-12,0.916827,600,BLUE,1,-0.152824,0.171179,36764
81837,false,q1,12,0.916827,600,RED,1,-0.178285,-0.1455,36764
81872,false,q0,-12,0.916827,600,BLUE,1,-0.152824,0.171179,36764
82505,false,q0,-12,0.916827,600,BLUE,1,-0.152824,0.171179,36764
82523,false,q1,12,0.916827,600,RED,52,-0.178285,-0.1455,36764
83138,false,q0,-12,0.916827,600,BLUE,1,-0.152824,0.171179,36764
83156,false,q1,12,0.916827,600,RED,1,-0.178285,-0.1455,36764
83771,false,q0,-12,0.916827,600,BLUE,1,-0.152824,0.171179,36764
83789,false,q1,12,0.916827,600,RED,1,-0.178285,-0.1455,36764
84404,false,q0,-12,0.916827,600,BLUE,1,-0.152824,0.171179,36764
84422,false,q1,12,0.916827,600,RED,1,-0.178285,-0.1455,36764
85037,false,q0,-12,0.916827,600,BLUE,1,-0.152824,0.171179,36764
85055,false,q1,12,0.916827,600,RED,1,-0.178285,-0.1455,36764
85670,false,q0,-12,0.916827,600,BLUE,1,-0.152824,0.171179,36764
85688,false,q1,12,0.916827,600,RED,1,-0.178285,-0.1455,36764
86303,false,q0,-12,0.916827,600,BLUE,1,-0.152824,0.171179,36764
86321,false,q1,12,0.916827,600,RED,1,-0.178285,-0.1455,36764
86936,false,q0,-12,0.916827,600,BLUE,1,-0.152824,0.171179,36764
86954,false,q1,12,0.916827,600,RED,1,-0.178285,-0.1455,36764
87569,false,q0,-12,0.916827,600,BLUE,1,-0.152824,0.171179,36764
87587,false,q1,12,0.916827,600,RED,1,-0.178285,-0.1455,36764
88202,false,q0,-12,0.916827,600,BLUE,1,-0.152824,0.171179,36764
88220,false,q1,12,0.916827,600,RED,1,-0.178285,-0.1455,36764
88835,false,q0,-12,0.916827,600,BLUE,1,-0.152824,0.171179,36764
88853,false,q1,12,0.916827,600,RED,1,-0.178285,-0.1455,36764
89468,false,q0,-12,0.916827,600,BLUE,1,-0.152824,0.171179,36764
89486,false,q1,12,0.916827,600,RED,1,-0.178285,-0.1455,36764
90101,false,q0,-12,0.916827,600,BLUE,1,-0.152824,0.171179,36764
90119,false,q1,12,0.916827,600,RED,1,-0.178285,-0.1455,36764
90734,false,q0,-12,0.916827,600,BLUE,1,-0.152824,0.171179,36764
90752,false,q1,12,0.916827,600,RED,1,-0.178285,-0.1455,36764
91367,false,q0,-12,0.916827,600,BLUE,1,-0.152824,0.171179,36764
91387,false,q1,12,0.916827,600,RED,2,-0.178285,-0.1455,36764
92000,false,q0,-12,0.916827,600,BLUE,1,-0.152824,0.171179,36764
92020,false,q1,12,0.916827,600,RED,1,-0.178285,-0.1455,36764
92633,false,q0,-12,0.916827,600,BLUE,1,-0.152824,0.171179,36764
92653,false,q1,12,0.916827,600,RED,1,-0.178285,-0.1455,36764
93266,false,q0,-12,0.916827,600,BLUE,1,-0.152824,0.171179,36764
93286,false,q1,12,0.916827,600,RED,1,-0.178285,-0.1455,36764
93899,false,q0,-12,0.916827,600,BLUE,1,-0.152824,0.171179,36764
93919,false,q1,12,0.916827,600,RED,1,-0.178285,-0.1455,36764
94532,false,q0,-12,0.916827,600,BLUE,1,-0.152824,0.171179,36764
94552,false,q1,12,0.916827,600,RED,1,-0.178285,-0.1455,36764
95165,false,q0,-12,0.916827,600,BLUE,1,-0.152824,0.171179,36764
95185,false,q1,12,0.916827,600,RED,1,-0.178285,-0.1455,36764
95798,false,q0,-12,0.916827,600,BLUE,1,-0.152824,0.171179,36764
95818,false,q1,12,0.916827,600,RED,1,-0.178285,-0.1455,36764
96431,false,q0,-12,0.916827,600,BLUE,1,-0.152824,0.171179,36764
96451,false,q1,12,0.916827,600,RED,1,-0.178285,-0.1455,36764
97064,false,q0,-12,0.916827,600,BLUE,1,-0.152824,0.171179,36764
97084,false,q1,12,0.916827,600,RED,1,-0.178285,-0.1455,36764
97699,false,q0,-12,0.916827,600,BLUE,2,-0.152824,0.171179,36764
97717,false,q1,12,0.916827,600,RED,1,-0.178285,-0.1455,36764
98332,false,q0,-12,0.916827,600,BLUE,1,-0.152824,0.171179,36764
98350,false,q1,12,0.916827,600,RED,1,-0.178285,-0.1455,36764
98965,false,q0,-12,0.916827,600,BLUE,1,-0.152824,0.171179,36764
98983,false,q1,12,0.916827,600,RED,1,-0.178285,-0.1455,36764
99598,false,q0,-12,0.916827,600,BLUE,1,-0.152824,0.171179,36764
99616,false,q1,12,0.916827,600,RED,1,-0.178285,-0.1455,36764
52,false,q0,0,0.5,600,BLUE,1,-0.152824,0.171179,39628
60,false,q1,0,0.5,600,RED,5,-0.178285,-0.1455,39628
685,false,q0,-1,0.549834,600,BLUE,1,-0.152824,0.171179,39628
693,false,q1,1,0.549834,600,RED,1,-0.178285,-0.1455,39628
1320,false,q0,-2,0.598688,600,BLUE,2,-0.152824,0.171179,39628
1326,false,q1,2,0.598688,600,RED,1,-0.178285,-0.1455,39628
1953,false,q0,-3,0.645656,600,BLUE,1,-0.152824,0.171179,39628
1965,false,q1,3,0.645656,600,RED,4,-0.178285,-0.1455,39628
2586,false,q0,-4,0.689974,600,BLUE,1,-0.152824,0.171179,39628
2598,false,q1,4,0.689974,600,RED,1,-0.178285,-0.1455,39628
3231,false,q1,5,0.731059,600,RED,1,-0.178285,-0.1455,39628
3262,false,q0,-5,0.731059,600,BLUE,43,-0.152824,0.171179,39628
3864,false,q1,6,0.768525,600,RED,1,-0.178285,-0.1455,39628
3895,false,q0,-6,0.768525,600,BLUE,1,-0.152824,0.171179,39628
4497,false,q1,7,0.802184,600,RED,1,-0.178285,-0.1455,39628
4528,false,q0,-7,0.802184,600,BLUE,1,-0.152824,0.171179,39628
5132,false,q1,8,0.832018,600,RED,2,-0.178285,-0.1455,39628
5161,false,q0,-8,0.832018,600,BLUE,1,-0.152824,0.171179,39628
5765,false,q1,9,0.858149,600,RED,1,-0.178285,-0.1455,39628
5794,false,q0,-9,0.858149,600,BLUE,1,-0.152824,0.171179,39628
6398,false,q1,10,0.880797,600,RED,1,-0.178285,-0.1455,39628
6427,false,q0,-10,0.880797,600,BLUE,1,-0.152824,0.171179,39628
7031,false,q1,11,0.90025,600,RED,1,-0.178285,-0.1455,39628
7060,false,q0,-11,0.90025,600,BLUE,1,-0.152824,0.171179,39628
7664,false,q1,12,0.916827,600,RED,1,-0.178285,-0.1455,39628
7693,false,q0,-12,0.916827,600,BLUE,1,-0.152824,0.171179,39628
8297,false,q1,12,0.916827,600,RED,1,-0.178285,-0.1455,39628
8326,false,q0,-12,0.916827,600,BLUE,1,-0.152824,0.171179,39628
8930,false,q1,12,0.916827,600,RED,1,-0.178285,-0.1455,39628
8959,false,q0,-12,0.916827,600,BLUE,1,-0.152824,0.171179,39628
9563,false,q1,12,0.916827,600,RED,1,-0.178285,-0.1455,39628
9592,false,q0,-12,0.916827,600,BLUE,1,-0.152824,0.171179,39628
10225,false,q0,-12,0.916827,600,BLUE,1,-0.152824,0.171179,39628
10247,false,q1,12,0.916827,600,RED,51,-0.178285,-0.1455,39628
10858,false,q0,-12,0.916827,600,BLUE,1,-0.152824,0.171179,39628
10880,false,q1,12,0.916827,600,RED,1,-0.178285,-0.1455,39628
11491,false,q0,-12,0.916827,600,BLUE,1,-0.152824,0.171179,39628
11513,false,q1,12,0.916827,600,RED,1,-0.178285,-0.1455,39628
12126,false,q0,-12,0.916827,600,BLUE,2,-0.152824,0.171179,39628
12146,false,q1,12,0.916827,600,RED,1,-0.178285,-0.1455,39628
12759,false,q0,-12,0.916827,600,BLUE,1,-0.152824,0.171179,39628
12779,false,q1,12,0.916827,600,RED,1,-0.178285,-0.1455,39628
13392,false,q0,-12,0.916827,600,BLUE,1,-0.152824,0.171179,39628
13412,false,q1,12,0.916827,600,RED,1,-0.178285,-0.1455,39628
14025,false,q0,-12,0.916827,600,BLUE,1,-0.152824,0.171179,39628
14045,false,q1,12,0.916827,600,RED,1,-0.178285,-0.1455,39628
14658,false,q0,-12,0.916827,600,BLUE,1,-0.152824,0.171179,39628
14678,false,q1,12,0.916827,600,RED,1,-0.178285,-0.1455,39628
15291,false,q0,-12,0.916827,600,BLUE,1,-0.152824,0.171179,39628
15311,false,q1,12,0.916827,600,RED,1,-0.178285,-0.1455,39628
15924,false,q0,-12,0.916827,600,BLUE,1,-0.152824,0.171179,39628
15944,false,q1,12,0.916827,600,RED,1,-0.178285,-0.1455,39628
16557,false,q0,-12,0.916827,600,BLUE,1,-0.152824,0.171179,39628
16577,false,q1,12,0.916827,600,RED,1,-0.178285,-0.1455,39628
17190,false,q0,-12,0.916827,600,BLUE,1,-0.152824,0.171179,39628
17210,false,q1,12,0.916827,600,RED,1,-0.178285,-0.1455,39628
17823,false,q0,-12,0.916827,600,BLUE,1,-0.152824,0.171179,39628
17843,false,q1,12,0.916827,600,RED,1,-0.178285,-0.1455,39628
18456,false,q0,-12,0.916827,600,BLUE,1,-0.152824,0.171179,39628
18476,false,q1,12,0.916827,600,RED,1,-0.178285,-0.1455,39628
19091,false,q0,-12,0.916827,600,BLUE,2,-0.152824,0.171179,39628
19109,false,q1,12,0.916827,600,RED,1,-0.178285,-0.1455,39628
19724,false,q0,-12,0.916827,600,BLUE,1,-0.152824,0.171179,39628
19742,false,q1,12,0.916827,600,RED,1,-0.178285,-0.1455,39628
20359,false,q0,-12,0.916827,600,BLUE,2,-0.152824,0.171179,39628
20375,false,q1,12,0.916827,600,RED,1,-0.178285,-0.1455,39628
20992,false,q0,-12,0.916827,600,BLUE,1,-0.152824,0.171179,39628
21008,false,q1,12,0.916827,600,RED,1,-0.178285,-0.1455,39628
21625,false,q0,-12,0.916827,600,BLUE,1,-0.152824,0.171179,39628
21641,false,q1,12,0.916827,600,RED,1,-0.178285,-0.1455,39628
22258,false,q0,-12,0.916827,600,BLUE,1,-0.152824,0.171179,39628
22274,false,q1,12,0.916827,600,RED,1,-0.178285,-0.1455,39628
22891,false,q0,-12,0.916827,600,BLUE,1,-0.152824,0.171179,39628
22907,false,q1,12,0.916827,600,RED,1,-0.178285,-0.1455,39628
23524,false,q0,-12,0.916827,600,BLUE,1,-0.152824,0.171179,39628
23540,false,q1,12,0.916827,600,RED,1,-0.178285,-0.1455,39628
24157,false,q0,-12,0.916827,600,BLUE,1,-0.152824,0.171179,39628
24173,false,q1,12,0.916827,600,RED,1,-0.178285,-0.1455,39628
24790,false,q0,-12,0.916827,600,BLUE,1,-0.152824,0.171179,39628
24806,false,q1,12,0.916827,600,RED,1,-0.178285,-0.1455,39628
25423,false,q0,-12,0.916827,600,BLUE,1,-0.152824,0.171179,39628
25439,false,q1,12,0.916827,600,RED,1,-0.178285,-0.1455,39628
26056,false,q0,-12,0.916827,600,BLUE,1,-0.152824,0.171179,39628
26072,false,q1,12,0.916827,600,RED,1,-0.178285,-0.1455,39628
26689,false,q0,-12,0.916827,600,BLUE,1,-0.152824,0.171179,39628
26705,false,q1,12,0.916827,600,RED,1,-0.178285,-0.1455,39628
27324,false,q0,-12,0.916827,600,BLUE,2,-0.152824,0.171179,39628
27338,false,q1,12,0.916827,600,RED,1,-0.178285,-0.1455,39628
27957,false,q0,-12,0.916827,600,BLUE,1,-0.152824,0.171179,39628
27971,false,q1,12,0.916827,600,RED,1,-0.178285,-0.1455,39628
28590,false,q0,-12,0.916827,600,BLUE,1,-0.152824,0.171179,39628
28604,false,q1,12,0.916827,600,RED,1,-0.178285,-0.1455,39628
29223,false,q0,-12,0.916827,600,BLUE,1,-0.152824,0.171179,39628
29237,false,q1,12,0.916827,600,RED,1,-0.178285,-0.1455,39628
29856,false,q0,-12,0.916827,600,BLUE,1,-0.152824,0.171179,39628
29870,false,q1,12,0.916827,600,RED,1,-0.178285,-0.1455,39628
30489,false,q0,-12,0.916827,600,BLUE,1,-0.152824,0.171179,39628
30503,false,q1,12,0.916827,600,RED,1,-0.178285,-0.1455,39628
31122,false,q0,-12,0.916827,600,BLUE,1,-0.152824,0.171179,39628
31136,false,q1,12,0.916827,600,RED,1,-0.178285,-0.1455,39628
31755,false,q0,-12,0.916827,600,BLUE,1,-0.152824,0.171179,39628
31769,false,q1,12,0.916827,600,RED,1,-0.178285,-0.1455,39628
32388,false,q0,-12,0.916827,600,BLUE,1,-0.152824,0.171179,39628
32402,false,q1,12,0.916827,600,RED,1,-0.178285,-0.1455,39628
33021,false,q0,-12,0.916827,600,BLUE,1,-0.152824,0.171179,39628
33035,false,q1,12,0.916827,600,RED,1,-0.178285,-0.1455,39628
33654,false,q0,-12,0.916827,600,BLUE,1,-0.152824,0.171179,39628
33668,false,q1,12,0.916827,600,RED,1,-0.178285,-0.1455,39628
34287,false,q0,-12,0.916827,600,BLUE,1,-0.152824,0.171179,39628
34301,false,q1,12,0.916827,600,RED,1,-0.178285,-0.1455,39628
34920,false,q0,-12,0.916827,600,BLUE,1,-0.152824,0.171179,39628
34934,false,q1,12,0.916827,600,RED,1,-0.178285,-0.1455,39628
35553,false,q0,-12,0.916827,600,BLUE,1,-0.152824,0.171179,39628
35567,false,q1,12,0.916827,600,RED,1,-0.178285,-0.1455,39628
36186,false,q0,-12,0.916827,600,BLUE,1,-0.152824,0.171179,39628
36200,false,q1,12,0.916827,600,RED,1,-0.178285,-0.1455,39628
36821,false,q0,-12,0.916827,600,BLUE,2,-0.152824,0.171179,39628
36833,false,q1,12,0.916827,600,RED,1,-0.178285,-0.1455,39628
37454,false,q0,-12,0.916827,600,BLUE,1,-0.152824,0.171179,39628
37466,false,q1,12,0.916827,600,RED,1,-0.178285,-0.1455,39628
38087,false,q0,-12,0.916827,600,BLUE,1,-0.152824,0.171179,39628
38099,false,q1,12,0.916827,600,RED,1,-0.178285,-0.1455,39628
38720,false,q0,-12,0.916827,600,BLUE,1,-0.152824,0.171179,39628
38732,false,q1,12,0.916827,600,RED,1,-0.178285,-0.1455,39628
39353,false,q0,-12,0.916827,600,BLUE,1,-0.152824,0.171179,39628
39365,false,q1,12,0.916827,600,RED,1,-0.178285,-0.1455,39628
39986,false,q0,-12,0.916827,600,BLUE,1,-0.152824,0.171179,39628
39998,false,q1,12,0.916827,600,RED,1,-0.178285,-0.1455,39628
40619,false,q0,-12,0.916827,600,BLUE,1,-0.152824,0.171179,39628
40631,false,q1,12,0.916827,600,RED,1,-0.178285,-0.1455,39628
41252,false,q0,-12,0.916827,600,BLUE,1,-0.152824,0.171179,39628
41264,false,q1,12,0.916827,600,RED,1,-0.178285,-0.1455,39628
41885,false,q0,-12,0.916827,600,BLUE,1,-0.152824,0.171179,39628
41897,false,q1,12,0.916827,600,RED,1,-0.178285,-0.1455,39628
42518,false,q0,-12,0.916827,600,BLUE,1,-0.152824,0.171179,39628
42530,false,q1,12,0.916827,600,RED,1,-0.178285,-0.1455,39628
43163,false,q1,12,0.916827,600,RED,1,-0.178285,-0.1455,39628
43194,false,q0,-12,0.916827,600,BLUE,43,-0.152824,0.171179,39628
43796,false,q1,12,0.916827,600,RED,1,-0.178285,-0.1455,39628
43827,false,q0,-12,0.916827,600,BLUE,1,-0.152824,0.171179,39628
44429,false,q1,12,0.916827,600,RED,1,-0.178285,-0.1455,39628
44460,false,q0,-12,0.916827,600,BLUE,1,-0.152824,0.171179,39628
45062,false,q1,12,0.916827,600,RED,1,-0.178285,-0.1455,39628
45093,false,q0,-12,0.916827,600,BLUE,1,-0.152824,0.171179,39628
45695,false,q1,12,0.916827,600,RED,1,-0.178285,-0.1455,39628
45726,false,q0,-12,0.916827,600,BLUE,1,-0.152824,0.171179,39628
46330,false,q1,12,0.916827,600,RED,2,-0.178285,-0.1455,39628
46359,false,q0,-12,0.916827,600,BLUE,1,-0.152824,0.171179,39628
46963,false,q1,12,0.916827,600,RED,1,-0.178285,-0.1455,39628
46992,false,q0,-12,0.916827,600,BLUE,1,-0.152824,0.171179,39628
47625,false,q0,-12,0.916827,600,BLUE,1,-0.152824,0.171179,39628
47647,false,q1,12,0.916827,600,RED,51,-0.178285,-0.1455,39628
48260,false,q0,-12,0.916827,600,BLUE,2,-0.152824,0.171179,39628
48280,false,q1,12,0.916827,600,RED,1,-0.178285,-0.1455,39628
48893,false,q0,-12,0.916827,600,BLUE,1,-0.152824,0.171179,39628
48913,false,q1,12,0.916827,600,RED,1,-0.178285,-0.1455,39628
49526,false,q0,-12,0.916827,600,BLUE,1,-0.152824,0.171179,39628
49546,false,q1,12,0.916827,600,RED,1,-0.178285,-0.1455,39628
50159,false,q0,-12,0.916827,600,BLUE,1,-0.152824,0.171179,39628
50179,false,q1,12,0.916827,600,RED,1,-0.178285,-0.1455,39628
50792,false,q0,-12,0.916827,600,BLUE,1,-0.152824,0.171179,39628
50812,false,q1,12,0.916827,600,RED,1,-0.178285,-0.1455,39628
51425,false,q0,-12,0.916827,600,BLUE,1,-0.152824,0.171179,39628
51445,false,q1,12,0.916827,600,RED,1,-0.178285,-0.1455,39628
52060,false,q0,-12,0.916827,600,BLUE,2,-0.152824,0.171179,39628
52078,false,q1,12,0.916827,600,RED,1,-0.178285,-0.1455,39628
52693,false,q0,-12,0.916827,600,BLUE,1,-0.152824,0.171179,39628
52711,false,q1,12,0.916827,600,RED,1,-0.178285,-0.1455,39628
53326,false,q0,-12,0.916827,600,BLUE,1,-0.152824,0.171179,39628
53344,false,q1,12,0.916827,600,RED,1,-0.178285,-0.1455,39628
53959,false,q0,-12,0.916827,600,BLUE,1,-0.152824,0.171179,39628
53977,false,q1,12,0.916827,600,RED,1,-0.178285,-0.1455,39628
54592,false,q0,-12,0.916827,600,BLUE,1,-0.152824,0.171179,39628
54610,false,q1,12,0.916827,600,RED,1,-0.178285,-0.1455,39628
55225,false,q0,-12,0.916827,600,BLUE,1,-0.152824,0.171179,39628
55243,false,q1,12,0.916827,600,RED,1,-0.178285,-0.1455,39628
55858,false,q0,-12,0.916827,600,BLUE,1,-0.152824,0.171179,39628
55876,false,q1,12,0.916827,600,RED,1,-0.178285,-0.1455,39628
56491,false,q0,-12,0.916827,600,BLUE,1,-0.152824,0.171179,39628
56509,false,q1,12,0.916827,600,RED,1,-0.178285,-0.1455,39628
57126,false,q0,-12,0.916827,600,BLUE,2,-0.152824,0.171179,39628
57142,false,q1,12,0.916827,600,RED,1,-0.178285,-0.1455,39628
57759,false,q0,-12,0.916827,600,BLUE,1,-0.152824,0.171179,39628
57775,false,q1,12,0.916827,600,RED,1,-0.178285,-0.1455,39628
58392,false,q0,-12,0.916827,600,BLUE,1,-0.152824,0.171179,39628
58408,false,q1,12,0.916827,600,RED,1,-0.178285,-0.1455,39628
59025,false,q0,-12,0.916827,600,BLUE,1,-0.152824,0.171179,39628
59043,false,q1,12,0.916827,600,RED,2,-0.178285,-0.1455,39628
59658,false,q0,-12,0.916827,600,BLUE,1,-0.152824,0.171179,39628
59676,false,q1,12,0.916827,600,RED,1,-0.178285,-0.1455,39628
60291,false,q0,-12,0.916827,600,BLUE,1,-0.152824,0.171179,39628
60309,false,q1,12,0.916827,600,RED,1,-0.178285,-0.1455,39628
60924,false,q0,-12,0.916827,600,BLUE,1,-0.152824,0.171179,39628
60942,false,q1,12,0.916827,600,RED,1,-0.178285,-0.1455,39628
61557,false,q0,-12,0.916827,600,BLUE,1,-0.152824,0.171179,39628
61575,false,q1,12,0.916827,600,RED,1,-0.178285,-0.1455,39628
62190,false,q0,-12,0.916827,600,BLUE,1,-0.152824,0.171179,39628
62208,false,q1,12,0.916827,600,RED,1,-0.178285,-0.1455,39628
62823,false,q0,-12,0.916827,600,BLUE,1,-0.152824,0.171179,39628
62841,false,q1,12,0.916827,600,RED,1,-0.178285,-0.1455,39628
63456,false,q0,-12,0.916827,600,BLUE,1,-0.152824,0.171179,39628
63474,false,q1,12,0.916827,600,RED,1,-0.178285,-0.1455,39628
64089,false,q0,-12,0.916827,600,BLUE,1,-0.152824,0.171179,39628
64107,false,q1,12,0.916827,600,RED,1,-0.178285,-0.1455,39628
64722,false,q0,-12,0.916827,600,BLUE,1,-0.152824,0.171179,39628
64740,false,q1,12,0.916827,600,RED,1,-0.178285,-0.1455,39628
65355,false,q0,-12,0.916827,600,BLUE,1,-0.152824,0.171179,39628
65375,false,q1,12,0.916827,600,RED,2,-0.178285,-0.1455,39628
65988,false,q0,-12,0.916827,600,BLUE,1,-0.152824,0.171179,39628
66008,false,q1,12,0.916827,600,RED,1,-0.178285,-0.1455,39628
66621,false,q0,-12,0.916827,600,BLUE,1,-0.152824,0.171179,39628
66641,false,q1,12,0.916827,600,RED,1,-0.178285,-0.1455,39628
67254,false,q0,-12,0.916827,600,BLUE,1,-0.152824,0.171179,39628
67274,false,q1,12,0.916827,600,RED,1,-0.178285,-0.1455,39628
67887,false,q0,-12,0.916827,600,BLUE,1,-0.152824,0.171179,39628
67907,false,q1,12,0.916827,600,RED,1,-0.178285,-0.1455,39628
68520,false,q0,-12,0.916827,600,BLUE,1,-0.152824,0.171179,39628
68540,false,q1,12,0.916827,600,RED,1,-0.178285,-0.1455,39628
69153,false,q0,-12,0.916827,600,BLUE,1,-0.152824,0.171179,39628
69173,false,q1,12,0.916827,600,RED,1,-0.178285,-0.1455,39628
69786,false,q0,-12,0.916827,600,BLUE,1,-0.152824,0.171179,39628
69806,false,q1,12,0.916827,600,RED,1,-0.178285,-0.1455,39628
70419,false,q0,-12,0.916827,600,BLUE,1,-0.152824,0.171179,39628
70439,false,q1,12,0.916827,600,RED,1,-0.178285,-0.1455,39628
71052,false,q0,-12,0.916827,600,BLUE,1,-0.152824,0.171179,39628
71074,false,q1,12,0.916827,600,RED,2,-0.178285,-0.1455,39628
71685,false,q0,-12,0.916827,600,BLUE,1,-0.152824,0.171179,39628
71707,false,q1,12,0.916827,600,RED,1,-0.178285,-0.1455,39628
72318,false,q0,-12,0.916827,600,BLUE,1,-0.152824,0.171179,39628
72340,false,q1,12,0.916827,600,RED,1,-0.178285,-0.1455,39628
72951,false,q0,-12,0.916827,600,BLUE,1,-0.152824,0.171179,39628
72973,false,q1,12,0.916827,600,RED,1,-0.178285,-0.1455,39628
73584,false,q0,-12,0.916827,600,BLUE,1,-0.152824,0.171179,39628
73606,false,q1,12,0.916827,600,RED,1,-0.178285,-0.1455,39628
74217,false,q0,-12,0.916827,600,BLUE,1,-0.152824,0.171179,39628
74239,false,q1,12,0.916827,600,RED,1,-0.178285,-0.1455,39628
74850,false,q0,-12,0.916827,600,BLUE,1,-0.152824,0.171179,39628
74872,false,q1,12,0.916827,600,RED,1,-0.178285,-0.1455,39628
75483,false,q0,-12,0.916827,600,BLUE,1,-0.152824,0.171179,39628
75505,false,q1,12,0.916827,600,RED,1,-0.178285,-0.1455,39628
76116,false,q0,-12,0.916827,600,BLUE,1,-0.152824,0.171179,39628
76138,false,q1,12,0.916827,600,RED,1,-0.178285,-0.1455,39628
76749,false,q0,-12,0.916827,600,BLUE,1,-0.152824,0.171179,39628
76771,false,q1,12,0.916827,600,RED,1,-0.178285,-0.1455,39628
77382,false,q0,-12,0.916827,600,BLUE,1,-0.152824,0.171179,39628
77404,false,q1,12,0.916827,600,RED,1,-0.178285,-0.1455,39628
78015,false,q0,-12,0.916827,600,BLUE,1,-0.152824,0.171179,39628
78037,false,q1,12,0.916827,600,RED,1,-0.178285,-0.1455,39628
78650,false,q0,-12,0.916827,600,BLUE,2,-0.152824,0.171179,39628
78670,false,q1,12,0.916827,600,RED,1,-0.178285,-0.1455,39628
79283,false,q0,-12,0.916827,600,BLUE,1,-0.152824,0.171179,39628
79303,false,q1,12,0.916827,600,RED,1,-0.178285,-0.1455,39628
79916,false,q0,-12,0.916827,600,BLUE,1,-0.152824,0.171179,39628
79936,false,q1,12,0.916827,600,RED,1,-0.178285,-0.1455,39628
80549,false,q0,-12,0.916827,600,BLUE,1,-0.152824,0.171179,39628
80569,false,q1,12,0.916827,600,RED,1,-0.178285,-0.1455,39628
81182,false,q0,-12,0.916827,600,BLUE,1,-0.152824,0.171179,39628
81202,false,q1,12,0.916827,600,RED,1,-0.178285,-0.1455,39628
81815,false,q0,-12,0.916827,600,BLUE,1,-0.152824,0.171179,39628
81837,false,q1,12,0.916827,600,RED,2,-0.178285,-0.1455,39628
82448,false,q0,-12,0.916827,600,BLUE,1,-0.152824,0.171179,39628
82470,false,q1,12,0.916827,600,RED,1,-0.178285,-0.1455,39628
83081,false,q0,-12,0.916827,600,BLUE,1,-0.152824,0.171179,39628
83156,false,q1,12,0.916827,600,RED,52,-0.178285,-0.1455,39628
83757,false,q0,-12,0.916827,600,BLUE,43,-0.152824,0.171179,39628
83789,false,q1,12,0.916827,600,RED,1,-0.178285,-0.1455,39628
84390,false,q0,-12,0.916827,600,BLUE,1,-0.152824,0.171179,39628
84422,false,q1,12,0.916827,600,RED,1,-0.178285,-0.1455,39628
85023,false,q0,-12,0.916827,600,BLUE,1,-0.152824,0.171179,39628
85055,false,q1,12,0.916827,600,RED,1,-0.178285,-0.1455,39628
85656,false,q0,-12,0.916827,600,BLUE,1,-0.152824,0.171179,39628
85688,false,q1,12,0.916827,600,RED,1,-0.178285,-0.1455,39628
86291,false,q0,-12,0.916827,600,BLUE,2,-0.152824,0.171179,39628
86323,false,q1,12,0.916827,600,RED,2,-0.178285,-0.1455,39628
86924,false,q0,-12,0.916827,600,BLUE,1,-0.152824,0.171179,39628
86956,false,q1,12,0.916827,600,RED,1,-0.178285,-0.1455,39628
87557,false,q0,-12,0.916827,600,BLUE,1,-0.152824,0.171179,39628
87589,false,q1,12,0.916827,600,RED,1,-0.178285,-0.1455,39628
88190,false,q0,-12,0.916827,600,BLUE,1,-0.152824,0.171179,39628
88222,false,q1,12,0.916827,600,RED,1,-0.178285,-0.1455,39628
88823,false,q0,-12,0.916827,600,BLUE,1,-0.152824,0.171179,39628
88855,false,q1,12,0.916827,600,RED,1,-0.178285,-0.1455,39628
89456,false,q0,-12,0.916827,600,BLUE,1,-0.152824,0.171179,39628
89488,false,q1,12,0.916827,600,RED,1,-0.178285,-0.1455,39628
90089,false,q0,-12,0.916827,600,BLUE,1,-0.152824,0.171179,39628
90121,false,q1,12,0.916827,600,RED,1,-0.178285,-0.1455,39628
90722,false,q0,-12,0.916827,600,BLUE,1,-0.152824,0.171179,39628
90754,false,q1,12,0.916827,600,RED,1,-0.178285,-0.1455,39628
91355,false,q0,-12,0.916827,600,BLUE,1,-0.152824,0.171179,39628
91387,false,q1,12,0.916827,600,RED,1,-0.178285,-0.1455,39628
91988,false,q0,-12,0.916827,600,BLUE,1,-0.152824,0.171179,39628
92020,false,q1,12,0.916827,600,RED,1,-0.178285,-0.1455,39628
92623,false,q0,-12,0.916827,600,BLUE,2,-0.152824,0.171179,39628
92653,false,q1,12,0.916827,600,RED,1,-0.178285,-0.1455,39628
93256,false,q0,-12,0.916827,600,BLUE,1,-0.152824,0.171179,39628
93286,false,q1,12,0.916827,600,RED,1,-0.178285,-0.1455,39628
93889,false,q0,-12,0.916827,600,BLUE,1,-0.152824,0.171179,39628
93919,false,q1,12,0.916827,600,RED,1,-0.178285,-0.1455,39628
94522,false,q0,-12,0.916827,600,BLUE,1,-0.152824,0.171179,39628
94552,false,q1,12,0.916827,600,RED,1,-0.178285,-0.1455,39628
95155,false,q0,-12,0.916827,600,BLUE,1,-0.152824,0.171179,39628
95185,false,q1,12,0.916827,600,RED,1,-0.178285,-0.1455,39628
95788,false,q0,-12,0.916827,600,BLUE,1,-0.152824,0.171179,39628
95818,false,q1,12,0.916827,600,RED,1,-0.178285,-0.1455,39628
96423,false,q0,-12,0.916827,600,BLUE,2,-0.152824,0.171179,39628
96451,false,q1,12,0.916827,600,RED,1,-0.178285,-0.1455,39628
97056,false,q0,-12,0.916827,600,BLUE,1,-0.152824,0.171179,39628
97084,false,q1,12,0.916827,600,RED,1,-0.178285,-0.1455,39628
97689,false,q0,-12,0.916827,600,BLUE,1,-0.152824,0.171179,39628
97717,false,q1,12,0.916827,600,RED,1,-0.178285,-0.1455,39628
98322,false,q0,-12,0.916827,600,BLUE,1,-0.152824,0.171179,39628
98350,false,q1,12,0.916827,600,RED,1,-0.178285,-0.1455,39628
98955,false,q0,-12,0.916827,600,BLUE,1,-0.152824,0.171179,39628
98983,false,q1,12,0.916827,600,RED,1,-0.178285,-0.1455,39628
99588,false,q0,-12,0.916827,600,BLUE,1,-0.152824,0.171179,39628
99616,false,q1,12,0.916827,600,RED,1,-0.178285,-0.1455,39628
52,false,q1,0,0.5,600,RED,1,-0.178285,-0.1455,10043
54,false,q0,0,0.5,600,BLUE,2,-0.152824,0.171179,10043
685,false,q1,1,0.549834,600,RED,1,-0.178285,-0.1455,10043
687,false,q0,-1,0.549834,600,BLUE,1,-0.152824,0.171179,10043
1318,false,q1,2,0.598688,600,RED,1,-0.178285,-0.1455,10043
1369,false,q0,-2,0.598688,600,BLUE,46,-0.152824,0.171179,10043
1951,false,q1,3,0.645656,600,RED,1,-0.178285,-0.1455,10043
2004,false,q0,-3,0.645656,600,BLUE,2,-0.152824,0.171179,10043
2584,false,q1,4,0.689974,600,RED,1,-0.178285,-0.1455,10043
2639,false,q0,-4,0.689974,600,BLUE,2,-0.152824,0.171179,10043
3217,false,q1,5,0.731059,600,RED,1,-0.178285,-0.1455,10043
3272,false,q0,-5,0.731059,600,BLUE,1,-0.152824,0.171179,10043
3850,false,q1,6,0.768525,600,RED,1,-0.178285,-0.1455,10043
3905,false,q0,-6,0.768525,600,BLUE,1,-0.152824,0.171179,10043
4483,false,q1,7,0.802184,600,RED,1,-0.178285,-0.1455,10043
4538,false,q0,-7,0.802184,600,BLUE,1,-0.152824,0.171179,10043
5116,false,q1,8,0.832018,600,RED,1,-0.178285,-0.1455,10043
5171,false,q0,-8,0.832018,600,BLUE,1,-0.152824,0.171179,10043
5751,false,q1,9,0.858149,600,RED,2,-0.178285,-0.1455,10043
5806,false,q0,-9,0.858149,600,BLUE,2,-0.152824,0.171179,10043
6384,false,q1,10,0.880797,600,RED,1,-0.178285,-0.1455,10043
6439,false,q0,-10,0.880797,600,BLUE,1,-0.152824,0.171179,10043
7017,false,q1,11,0.90025,600,RED,1,-0.178285,-0.1455,10043
7072,false,q0,-11,0.90025,600,BLUE,1,-0.152824,0.171179,10043
7650,false,q1,12,0.916827,600,RED,1,-0.178285,-0.1455,10043
7705,false,q0,-12,0.916827,600,BLUE,1,-0.152824,0.171179,10043
8283,false,q1,12,0.916827,600,RED,1,-0.178285,-0.1455,10043
8340,false,q0,-12,0.916827,600,BLUE,2,-0.152824,0.171179,10043
8916,false,q1,12,0.916827,600,RED,1,-0.178285,-0.1455,10043
8973,false,q0,-12,0.916827,600,BLUE,1,-0.152824,0.171179,10043
9549,false,q1,12,0.916827,600,RED,1,-0.178285,-0.1455,10043
9606,false,q0,-12,0.916827,600,BLUE,1,-0.152824,0.171179,10043
10184,false,q1,12,0.916827,600,RED,2,-0.178285,-0.1455,10043
10239,false,q0,-12,0.916827,600,BLUE,1,-0.152824,0.171179,10043
10817,false,q1,12,0.916827,600,RED,1,-0.178285,-0.1455,10043
10872,false,q0,-12,0.916827,600,BLUE,1,-0.152824,0.171179,10043
11450,false,q1,12,0.916827,600,RED,1,-0.178285,-0.1455,10043
11505,false,q0,-12,0.916827,600,BLUE,1,-0.152824,0.171179,10043
12083,false,q1,12,0.916827,600,RED,1,-0.178285,-0.1455,10043
12138,false,q0,-12,0.916827,600,BLUE,1,-0.152824,0.171179,10043
12716,false,q1,12,0.916827,600,RED,1,-0.178285,-0.1455,10043
12771,false,q0,-12,0.916827,600,BLUE,1,-0.152824,0.171179,10043
13349,false,q1,12,0.916827,600,RED,1,-0.178285,-0.1455,10043
13406,false,q0,-12,0.916827,600,BLUE,2,-0.152824,0.171179,10043
14033,false,q1,12,0.916827,600,RED,51,-0.178285,-0.1455,10043
14043,false,q0,-12,0.916827,600,BLUE,3,-0.152824,0.171179,10043
14666,false,q1,12,0.916827,600,RED,1,-0.178285,-0.1455,10043
14676,false,q0,-12,0.916827,600,BLUE,1,-0.152824,0.171179,10043
15299,false,q1,12,0.916827,600,RED,1,-0.178285,-0.1455,10043
15309,false,q0,-12,0.916827,600,BLUE,1,-0.152824,0.171179,10043
15932,false,q1,12,0.916827,600,RED,1,-0.178285,-0.1455,10043
15942,false,q0,-12,0.916827,600,BLUE,1,-0.152824,0.171179,10043
16565,false,q1,12,0.916827,600,RED,1,-0.178285,-0.1455,10043
16575,false,q0,-12,0.916827,600,BLUE,1,-0.152824,0.171179,10043
17198,false,q1,12,0.916827,600,RED,1,-0.178285,-0.1455,10043
17208,false,q0,-12,0.916827,600,BLUE,1,-0.152824,0.171179,10043
17831,false,q1,12,0.916827,600,RED,1,-0.178285,-0.1455,10043
17841,false,q0,-12,0.916827,600,BLUE,1,-0.152824,0.171179,10043
18464,false,q1,12,0.916827,600,RED,1,-0.178285,-0.1455,10043
18474,false,q0,-12,0.916827,600,BLUE,1,-0.152824,0.171179,10043
19097,false,q1,12,0.916827,600,RED,1,-0.178285,-0.1455,10043
19107,false,q0,-12,0.916827,600,BLUE,1,-0.152824,0.171179,10043
19730,false,q1,12,0.916827,600,RED,1,-0.178285,-0.1455,10043
19742,false,q0,-12,0.916827,600,BLUE,2,-0.152824,0.171179,10043
20363,false,q1,12,0.916827,600,RED,1,-0.178285,-0.1455,10043
20375,false,q0,-12,0.916827,600,BLUE,1,-0.152824,0.171179,10043
20996,false,q1,12,0.916827,600,RED,1,-0.178285,-0.1455,10043
21008,false,q0,-12,0.916827,600,BLUE,1,-0.152824,0.171179,10043
21629,false,q1,12,0.916827,600,RED,1,-0.178285,-0.1455,10043
21641,false,q0,-12,0.916827,600,BLUE,1,-0.152824,0.171179,10043
22262,false,q1,12,0.916827,600,RED,1,-0.178285,-0.1455,10043
22274,false,q0,-12,0.916827,600,BLUE,1,-0.152824,0.171179,10043
22895,false,q1,12,0.916827,600,RED,1,-0.178285,-0.1455,10043
22907,false,q0,-12,0.916827,600,BLUE,1,-0.152824,0.171179,10043
23528,false,q1,12,0.916827,600,RED,1,-0.178285,-0.1455,10043
23540,false,q0,-12,0.916827,600,BLUE,1,-0.152824,0.171179,10043
24161,false,q1,12,0.916827,600,RED,1,-0.178285,-0.1455,10043
24175,false,q0,-12,0.916827,600,BLUE,2,-0.152824,0.171179,10043
24794,false,q1,12,0.916827,600,RED,1,-0.178285,-0.1455,10043
24808,false,q0,-12,0.916827,600,BLUE,1,-0.152824,0.171179,10043
25427,false,q1,12,0.916827,600,RED,1,-0.178285,-0.1455,10043
25441,false,q0,-12,0.916827,600,BLUE,1,-0.152824,0.171179,10043
26060,false,q1,12,0.916827,600,RED,1,-0.178285,-0.1455,10043
26076,false,q0,-12,0.916827,600,BLUE,2,-0.152824,0.171179,10043
26693,false,q1,12,0.916827,600,RED,1,-0.178285,-0.1455,10043
26711,false,q0,-12,0.916827,600,BLUE,2,-0.152824,0.171179,10043
27326,false,q1,12,0.916827,600,RED,1,-0.178285,-0.1455,10043
27344,false,q0,-12,0.916827,600,BLUE,1,-0.152824,0.171179,10043
27959,false,q1,12,0.916827,600,RED,1,-0.178285,-0.1455,10043
27977,false,q0,-12,0.916827,600,BLUE,1,-0.152824,0.171179,10043
28594,false,q1,12,0.916827,600,RED,2,-0.178285,-0.1455,10043
28610,false,q0,-12,0.916827,600,BLUE,1,-0.152824,0.171179,10043
29227,false,q1,12,0.916827,600,RED,1,-0.178285,-0.1455,10043
29243,false,q0,-12,0.916827,600,BLUE,1,-0.152824,0.171179,10043
29860,false,q1,12,0.916827,600,RED,1,-0.178285,-0.1455,10043
29878,false,q0,-12,0.916827,600,BLUE,2,-0.152824,0.171179,10043
30495,false,q1,12,0.916827,600,RED,2,-0.178285,-0.1455,10043
30511,false,q0,-12,0.916827,600,BLUE,1,-0.152824,0.171179,10043
31128,false,q1,12,0.916827,600,RED,1,-0.178285,-0.1455,10043
31144,false,q0,-12,0.916827,600,BLUE,1,-0.152824,0.171179,10043
31761,false,q1,12,0.916827,600,RED,1,-0.178285,-0.1455,10043
31777,false,q0,-12,0.916827,600,BLUE,1,-0.152824,0.171179,10043
32396,false,q1,12,0.916827,600,RED,2,-0.178285,-0.1455,10043
32410,false,q0,-12,0.916827,600,BLUE,1,-0.152824,0.171179,10043
33029,false,q1,12,0.916827,600,RED,1,-0.178285,-0.1455,10043
33043,false,q0,-12,0.916827,600,BLUE,1,-0.152824,0.171179,10043
33662,false,q1,12,0.916827,600,RED,1,-0.178285,-0.1455,10043
33676,false,q0,-12,0.916827,600,BLUE,1,-0.152824,0.171179,10043
34295,false,q1,12,0.916827,600,RED,1,-0.178285,-0.1455,10043
34309,false,q0,-12,0.916827,600,BLUE,1,-0.152824,0.171179,10043
34928,false,q1,12,0.916827,600,RED,1,-0.178285,-0.1455,10043
34942,false,q0,-12,0.916827,600,BLUE,1,-0.152824,0.171179,10043
35561,false,q1,12,0.916827,600,RED,1,-0.178285,-0.1455,10043
35575,false,q0,-12,0.916827,600,BLUE,1,-0.152824,0.171179,10043
36194,false,q1,12,0.916827,600,RED,1,-0.178285,-0.1455,10043
36208,false,q0,-12,0.916827,600,BLUE,1,-0.152824,0.171179,10043
36827,false,q1,12,0.916827,600,RED,1,-0.178285,-0.1455,10043
36884,false,q0,-12,0.916827,600,BLUE,43,-0.152824,0.171179,10043
37460,false,q1,12,0.916827,600,RED,1,-0.178285,-0.1455,10043
37517,false,q0,-12,0.916827,600,BLUE,1,-0.152824,0.171179,10043
38095,false,q1,12,0.916827,600,RED,2,-0.178285,-0.1455,10043
38152,false,q0,-12,0.916827,600,BLUE,2,-0.152824,0.171179,10043
38728,false,q1,12,0.916827,600,RED,1,-0.178285,-0.1455,10043
38785,false,q0,-12,0.916827,600,BLUE,1,-0.152824,0.171179,10043
39361,false,q1,12,0.916827,600,RED,1,-0.178285,-0.1455,10043
39418,false,q0,-12,0.916827,600,BLUE,1,-0.152824,0.171179,10043
39994,false,q1,12,0.916827,600,RED,1,-0.178285,-0.1455,10043
40051,false,q0,-12,0.916827,600,BLUE,1,-0.152824,0.171179,10043
40627,false,q1,12,0.916827,600,RED,1,-0.178285,-0.1455,10043
40684,false,q0,-12,0.916827,600,BLUE,1,-0.152824,0.171179,10043
41260,false,q1,12,0.916827,600,RED,1,-0.178285,-0.1455,10043
41317,false,q0,-12,0.916827,600,BLUE,1,-0.152824,0.171179,10043
41893,false,q1,12,0.916827,600,RED,1,-0.178285,-0.1455,10043
41952,false,q0,-12,0.916827,600,BLUE,2,-0.152824,0.171179,10043
42526,false,q1,12,0.916827,600,RED,1,-0.178285,-0.1455,10043
42585,false,q0,-12,0.916827,600,BLUE,1,-0.152824,0.171179,10043
43159,false,q1,12,0.916827,600,RED,1,-0.178285,-0.1455,10043
43218,false,q0,-12,0.916827,600,BLUE,1,-0.152824,0.171179,10043
43792,false,q1,12,0.916827,600,RED,1,-0.178285,-0.1455,10043
43851,false,q0,-12,0.916827,600,BLUE,1,-0.152824,0.171179,10043
44425,false,q1,12,0.916827,600,RED,1,-0.178285,-0.1455,10043
44484,false,q0,-12,0.916827,600,BLUE,1,-0.152824,0.171179,10043
45058,false,q1,12,0.916827,600,RED,1,-0.178285,-0.1455,10043
45117,false,q0,-12,0.916827,600,BLUE,1,-0.152824,0.171179,10043
45691,false,q1,12,0.916827,600,RED,1,-0.178285,-0.1455,10043
45750,false,q0,-12,0.916827,600,BLUE,1,-0.152824,0.171179,10043
46324,false,q1,12,0.916827,600,RED,1,-0.178285,-0.1455,10043
46383,false,q0,-12,0.916827,600,BLUE,1,-0.152824,0.171179,10043
46957,false,q1,12,0.916827,600,RED,1,-0.178285,-0.1455,10043
47016,false,q0,-12,0.916827,600,BLUE,1,-0.152824,0.171179,10043
47592,false,q1,12,0.916827,600,RED,2,-0.178285,-0.1455,10043
47649,false,q0,-12,0.916827,600,BLUE,1,-0.152824,0.171179,10043
48225,false,q1,12,0.916827,600,RED,1,-0.178285,-0.1455,10043
48282,false,q0,-12,0.916827,600,BLUE,1,-0.152824,0.171179,10043
48909,false,q1,12,0.916827,600,RED,51,-0.178285,-0.1455,10043
48915,false,q0,-12,0.916827,600,BLUE,1,-0.152824,0.171179,10043
49542,false,q1,12,0.916827,600,RED,1,-0.178285,-0.1455,10043
49548,false,q0,-12,0.916827,600,BLUE,1,-0.152824,0.171179,10043
50175,false,q1,12,0.916827,600,RED,1,-0.178285,-0.1455,10043
50181,false,q0,-12,0.916827,600,BLUE,1,-0.152824,0.171179,10043
50808,false,q1,12,0.916827,600,RED,1,-0.178285,-0.1455,10043
50814,false,q0,-12,0.916827,600,BLUE,1,-0.152824,0.171179,10043
51441,false,q1,12,0.916827,600,RED,1,-0.178285,-0.1455,10043
51447,false,q0,-12,0.916827,600,BLUE,1,-0.152824,0.171179,10043
52074,false,q1,12,0.916827,600,RED,1,-0.178285,-0.1455,10043
52080,false,q0,-12,0.916827,600,BLUE,1,-0.152824,0.171179,10043
52707,false,q1,12,0.916827,600,RED,1,-0.178285,-0.1455,10043
52713,false,q0,-12,0.916827,600,BLUE,1,-0.152824,0.171179,10043
53340,false,q1,12,0.916827,600,RED,1,-0.178285,-0.1455,10043
53346,false,q0,-12,0.916827,600,BLUE,1,-0.152824,0.171179,10043
53973,false,q1,12,0.916827,600,RED,1,-0.178285,-0.1455,10043
53979,false,q0,-12,0.916827,600,BLUE,1,-0.152824,0.171179,10043
54606,false,q1,12,0.916827,600,RED,1,-0.178285,-0.1455,10043
54612,false,q0,-12,0.916827,600,BLUE,1,-0.152824,0.171179,10043
55239,false,q1,12,0.916827,600,RED,1,-0.178285,-0.1455,10043
55245,false,q0,-12,0.916827,600,BLUE,1,-0.152824,0.171179,10043
55872,false,q1,12,0.916827,600,RED,1,-0.178285,-0.1455,10043
55878,false,q0,-12,0.916827,600,BLUE,1,-0.152824,0.171179,10043
56505,false,q1,12,0.916827,600,RED,1,-0.178285,-0.1455,10043
56511,false,q0,-12,0.916827,600,BLUE,1,-0.152824,0.171179,10043
57138,false,q1,12,0.916827,600,RED,1,-0.178285,-0.1455,10043
57144,false,q0,-12,0.916827,600,BLUE,1,-0.152824,0.171179,10043
57771,false,q1,12,0.916827,600,RED,1,-0.178285,-0.1455,10043
57777,false,q0,-12,0.916827,600,BLUE,1,-0.152824,0.171179,10043
58404,false,q1,12,0.916827,600,RED,1,-0.178285,-0.1455,10043
58410,false,q0,-12,0.916827,600,BLUE,1,-0.152824,0.171179,10043
59037,false,q1,12,0.916827,600,RED,1,-0.178285,-0.1455,10043
59043,false,q0,-12,0.916827,600,BLUE,1,-0.152824,0.171179,10043
59670,false,q1,12,0.916827,600,RED,1,-0.178285,-0.1455,10043
59676,false,q0,-12,0.916827,600,BLUE,1,-0.152824,0.171179,10043
60305,false,q1,12,0.916827,600,RED,2,-0.178285,-0.1455,10043
60311,false,q0,-12,0.916827,600,BLUE,2,-0.152824,0.171179,10043
60938,false,q1,12,0.916827,600,RED,1,-0.178285,-0.1455,10043
60944,false,q0,-12,0.916827,600,BLUE,1,-0.152824,0.171179,10043
61571,false,q1,12,0.916827,600,RED,1,-0.178285,-0.1455,10043
61577,false,q0,-12,0.916827,600,BLUE,1,-0.152824,0.171179,10043
62204,false,q1,12,0.916827,600,RED,1,-0.178285,-0.1455,10043
62210,false,q0,-12,0.916827,600,BLUE,1,-0.152824,0.171179,10043
62837,false,q1,12,0.916827,600,RED,1,-0.178285,-0.1455,10043
62843,false,q0,-12,0.916827,600,BLUE,1,-0.152824,0.171179,10043
63470,false,q1,12,0.916827,600,RED,1,-0.178285,-0.1455,10043
63476,false,q0,-12,0.916827,600,BLUE,1,-0.152824,0.171179,10043
64103,false,q1,12,0.916827,600,RED,1,-0.178285,-0.1455,10043
64109,false,q0,-12,0.916827,600,BLUE,1,-0.152824,0.171179,10043
64736,false,q1,12,0.916827,600,RED,1,-0.178285,-0.1455,10043
64746,false,q0,-12,0.916827,600,BLUE,3,-0.152824,0.171179,10043
65369,false,q1,12,0.916827,600,RED,1,-0.178285,-0.1455,10043
65379,false,q0,-12,0.916827,600,BLUE,1,-0.152824,0.171179,10043
66002,false,q1,12,0.916827,600,RED,1,-0.178285,-0.1455,10043
66012,false,q0,-12,0.916827,600,BLUE,1,-0.152824,0.171179,10043
66635,false,q1,12,0.916827,600,RED,1,-0.178285,-0.1455,10043
66645,false,q0,-12,0.916827,600,BLUE,1,-0.152824,0.171179,10043
67270,false,q1,12,0.916827,600,RED,2,-0.178285,-0.1455,10043
67278,false,q0,-12,0.916827,600,BLUE,1,-0.152824,0.171179,10043
67905,false,q1,12,0.916827,600,RED,2,-0.178285,-0.1455,10043
67911,false,q0,-12,0.916827,600,BLUE,1,-0.152824,0.171179,10043
68538,false,q1,12,0.916827,600,RED,1,-0.178285,-0.1455,10043
68546,false,q0,-12,0.916827,600,BLUE,2,-0.152824,0.171179,10043
69173,false,q1,12,0.916827,600,RED,2,-0.178285,-0.1455,10043
69179,false,q0,-12,0.916827,600,BLUE,1,-0.152824,0.171179,10043
69806,false,q1,12,0.916827,600,RED,1,-0.178285,-0.1455,10043
69812,false,q0,-12,0.916827,600,BLUE,1,-0.152824,0.171179,10043
70439,false,q1,12,0.916827,600,RED,1,-0.178285,-0.1455,10043
70445,false,q0,-12,0.916827,600,BLUE,1,-0.152824,0.171179,10043
71072,false,q1,12,0.916827,600,RED,1,-0.178285,-0.1455,10043
71078,false,q0,-12,0.916827,600,BLUE,1,-0.152824,0.171179,10043
71705,false,q1,12,0.916827,600,RED,1,-0.178285,-0.1455,10043
71713,false,q0,-12,0.916827,600,BLUE,2,-0.152824,0.171179,10043
72338,false,q1,12,0.916827,600,RED,1,-0.178285,-0.1455,10043
72346,false,q0,-12,0.916827,600,BLUE,1,-0.152824,0.171179,10043
72971,false,q1,12,0.916827,600,RED,1,-0.178285,-0.1455,10043
72981,false,q0,-12,0.916827,600,BLUE,2,-0.152824,0.171179,10043
73604,false,q1,12,0.916827,600,RED,1,-0.178285,-0.1455,10043
73614,false,q0,-12,0.916827,600,BLUE,1,-0.152824,0.171179,10043
74237,false,q1,12,0.916827,600,RED,1,-0.178285,-0.1455,10043
74247,false,q0,-12,0.916827,600,BLUE,1,-0.152824,0.171179,10043
74870,false,q1,12,0.916827,600,RED,1,-0.178285,-0.1455,10043
74923,false,q0,-12,0.916827,600,BLUE,43,-0.152824,0.171179,10043
75503,false,q1,12,0.916827,600,RED,1,-0.178285,-0.1455,10043
75556,false,q0,-12,0.916827,600,BLUE,1,-0.152824,0.171179,10043
76136,false,q1,12,0.916827,600,RED,1,-0.178285,-0.1455,10043
76189,false,q0,-12,0.916827,600,BLUE,1,-0.152824,0.171179,10043
76769,false,q1,12,0.916827,600,RED,1,-0.178285,-0.1455,10043
76822,false,q0,-12,0.916827,600,BLUE,1,-0.152824,0.171179,10043
77402,false,q1,12,0.916827,600,RED,1,-0.178285,-0.1455,10043
77455,false,q0,-12,0.916827,600,BLUE,1,-0.152824,0.171179,10043
78035,false,q1,12,0.916827,600,RED,1,-0.178285,-0.1455,10043
78088,false,q0,-12,0.916827,600,BLUE,1,-0.152824,0.171179,10043
78668,false,q1,12,0.916827,600,RED,1,-0.178285,-0.1455,10043
78721,false,q0,-12,0.916827,600,BLUE,1,-0.152824,0.171179,10043
79301,false,q1,12,0.916827,600,RED,1,-0.178285,-0.1455,10043
79354,false,q0,-12,0.916827,600,BLUE,1,-0.152824,0.171179,10043
79934,false,q1,12,0.916827,600,RED,1,-0.178285,-0.1455,10043
79989,false,q0,-12,0.916827,600,BLUE,2,-0.152824,0.171179,10043
80567,false,q1,12,0.916827,600,RED,1,-0.178285,-0.1455,10043
80622,false,q0,-12,0.916827,600,BLUE,1,-0.152824,0.171179,10043
81200,false,q1,12,0.916827,600,RED,1,-0.178285,-0.1455,10043
81255,false,q0,-12,0.916827,600,BLUE,1,-0.152824,0.171179,10043
81833,false,q1,12,0.916827,600,RED,1,-0.178285,-0.1455,10043
81888,false,q0,-12,0.916827,600,BLUE,1,-0.152824,0.171179,10043
82466,false,q1,12,0.916827,600,RED,1,-0.178285,-0.1455,10043
82523,false,q0,-12,0.916827,600,BLUE,2,-0.152824,0.171179,10043
83099,false,q1,12,0.916827,600,RED,1,-0.178285,-0.1455,10043
83156,false,q0,-12,0.916827,600,BLUE,1,-0.152824,0.171179,10043
83732,false,q1,12,0.916827,600,RED,1,-0.178285,-0.1455,10043
83789,false,q0,-12,0.916827,600,BLUE,1,-0.152824,0.171179,10043
84416,false,q1,12,0.916827,600,RED,51,-0.178285,-0.1455,10043
84422,false,q0,-12,0.916827,600,BLUE,1,-0.152824,0.171179,10043
85049,false,q1,12,0.916827,600,RED,1,-0.178285,-0.1455,10043
85055,false,q0,-12,0.916827,600,BLUE,1,-0.152824,0.171179,10043
85682,false,q1,12,0.916827,600,RED,1,-0.178285,-0.1455,10043
85688,false,q0,-12,0.916827,600,BLUE,1,-0.152824,0.171179,10043
86315,false,q1,12,0.916827,600,RED,1,-0.178285,-0.1455,10043
86321,false,q0,-12,0.916827,600,BLUE,1,-0.152824,0.171179,10043
86948,false,q1,12,0.916827,600,RED,1,-0.178285,-0.1455,10043
86956,false,q0,-12,0.916827,600,BLUE,2,-0.152824,0.171179,10043
87581,false,q1,12,0.916827,600,RED,1,-0.178285,-0.1455,10043
87589,false,q0,-12,0.916827,600,BLUE,1,-0.152824,0.171179,10043
88214,false,q1,12,0.916827,600,RED,1,-0.178285,-0.1455,10043
88222,false,q0,-12,0.916827,600,BLUE,1,-0.152824,0.171179,10043
88847,false,q1,12,0.916827,600,RED,1,-0.178285,-0.1455,10043
88855,false,q0,-12,0.916827,600,BLUE,1,-0.152824,0.171179,10043
89480,false,q1,12,0.916827,600,RED,1,-0.178285,-0.1455,10043
89488,false,q0,-12,0.916827,600,BLUE,1,-0.152824,0.171179,10043
90113,false,q1,12,0.916827,600,RED,1,-0.178285,-0.1455,10043
90121,false,q0,-12,0.916827,600,BLUE,1,-0.152824,0.171179,10043
90746,false,q1,12,0.916827,600,RED,1,-0.178285,-0.1455,10043
90756,false,q0,-12,0.916827,600,BLUE,2,-0.152824,0.171179,10043
91379,false,q1,12,0.916827,600,RED,1,-0.178285,-0.1455,10043
91393,false,q0,-12,0.916827,600,BLUE,3,-0.152824,0.171179,10043
92012,false,q1,12,0.916827,600,RED,1,-0.178285,-0.1455,10043
92026,false,q0,-12,0.916827,600,BLUE,1,-0.152824,0.171179,10043
92645,false,q1,12,0.916827,600,RED,1,-0.178285,-0.1455,10043
92661,false,q0,-12,0.916827,600,BLUE,2,-0.152824,0.171179,10043
93278,false,q1,12,0.916827,600,RED,1,-0.178285,-0.1455,10043
93294,false,q0,-12,0.916827,600,BLUE,1,-0.152824,0.171179,10043
93911,false,q1,12,0.916827,600,RED,1,-0.178285,-0.1455,10043
93927,false,q0,-12,0.916827,600,BLUE,1,-0.152824,0.171179,10043
94544,false,q1,12,0.916827,600,RED,1,-0.178285,-0.1455,10043
94560,false,q0,-12,0.916827,600,BLUE,1,-0.152824,0.171179,10043
95177,false,q1,12,0.916827,600,RED,1,-0.178285,-0.1455,10043
95193,false,q0,-12,0.916827,600,BLUE,1,-0.152824,0.171179,10043
95810,false,q1,12,0.916827,600,RED,1,-0.178285,-0.1455,10043
95826,false,q0,-12,0.916827,600,BLUE,1,-0.152824,0.171179,10043
96443,false,q1,12,0.916827,600,RED,1,-0.178285,-0.1455,10043
96459,false,q0,-12,0.916827,600,BLUE,1,-0.152824,0.171179,10043
97076,false,q1,12,0.916827,600,RED,1,-0.178285,-0.1455,10043
97092,false,q0,-12,0.916827,600,BLUE,1,-0.152824,0.171179,10043
97709,false,q1,12,0.916827,600,RED,1,-0.178285,-0.1455,10043
97725,false,q0,-12,0.916827,600,BLUE,1,-0.152824,0.171179,10043
98342,false,q1,12,0.916827,600,RED,1,-0.178285,-0.1455,10043
98358,false,q0,-12,0.916827,600,BLUE,1,-0.152824,0.171179,10043
98975,false,q1,12,0.916827,600,RED,1,-0.178285,-0.1455,10043
98991,false,q0,-12,0.916827,600,BLUE,1,-0.152824,0.171179,10043
99610,false,q1,12,0.916827,600,RED,2,-0.178285,-0.1455,10043
99624,false,q0,-12,0.916827,600,BLUE,1,-0.152824,0.171179,10043
54,false,q1,0,0.5,600,RED,2,-0.178285,-0.1455,11282
54,false,q0,0,0.5,600,BLUE,2,-0.152824,0.171179,11282
689,false,q0,-1,0.549834,600,BLUE,2,-0.152824,0.171179,11282
693,false,q1,1,0.549834,600,RED,4,-0.178285,-0.1455,11282
1322,false,q0,-2,0.598688,600,BLUE,1,-0.152824,0.171179,11282
1326,false,q1,2,0.598688,600,RED,1,-0.178285,-0.1455,11282
1955,false,q0,-3,0.645656,600,BLUE,1,-0.152824,0.171179,11282
1959,false,q1,3,0.645656,600,RED,1,-0.178285,-0.1455,11282
2594,false,q1,4,0.689974,600,RED,2,-0.178285,-0.1455,11282
2631,false,q0,-4,0.689974,600,BLUE,43,-0.152824,0.171179,11282
3227,false,q1,5,0.731059,600,RED,1,-0.178285,-0.1455,11282
3264,false,q0,-5,0.731059,600,BLUE,1,-0.152824,0.171179,11282
3860,false,q1,6,0.768525,600,RED,1,-0.178285,-0.1455,11282
3897,false,q0,-6,0.768525,600,BLUE,1,-0.152824,0.171179,11282
4493,false,q1,7,0.802184,600,RED,1,-0.178285,-0.1455,11282
4534,false,q0,-7,0.802184,600,BLUE,3,-0.152824,0.171179,11282
5126,false,q1,8,0.832018,600,RED,1,-0.178285,-0.1455,11282
5169,false,q0,-8,0.832018,600,BLUE,2,-0.152824,0.171179,11282
5759,false,q1,9,0.858149,600,RED,1,-0.178285,-0.1455,11282
5802,false,q0,-9,0.858149,600,BLUE,1,-0.152824,0.171179,11282
6392,false,q1,10,0.880797,600,RED,1,-0.178285,-0.1455,11282
6435,false,q0,-10,0.880797,600,BLUE,1,-0.152824,0.171179,11282
7025,false,q1,11,0.90025,600,RED,1,-0.178285,-0.1455,11282
7068,false,q0,-11,0.90025,600,BLUE,1,-0.152824,0.171179,11282
7658,false,q1,12,0.916827,600,RED,1,-0.178285,-0.1455,11282
7701,false,q0,-12,0.916827,600,BLUE,1,-0.152824,0.171179,11282
8291,false,q1,12,0.916827,600,RED,1,-0.178285,-0.1455,11282
8334,false,q0,-12,0.916827,600,BLUE,1,-0.152824,0.171179,11282
8924,false,q1,12,0.916827,600,RED,1,-0.178285,-0.1455,11282
8967,false,q0,-12,0.916827,600,BLUE,1,-0.152824,0.171179,11282
9557,false,q1,12,0.916827,600,RED,1,-0.178285,-0.1455,11282
9600,false,q0,-12,0.916827,600,BLUE,1,-0.152824,0.171179,11282
10190,false,q1,12,0.916827,600,RED,1,-0.178285,-0.1455,11282
10233,false,q0,-12,0.916827,600,BLUE,1,-0.152824,0.171179,11282
10823,false,q1,12,0.916827,600,RED,1,-0.178285,-0.1455,11282
10866,false,q0,-12,0.916827,600,BLUE,1,-0.152824,0.171179,11282
11456,false,q1,12,0.916827,600,RED,1,-0.178285,-0.1455,11282
11499,false,q0,-12,0.916827,600,BLUE,1,-0.152824,0.171179,11282
12132,false,q0,-12,0.916827,600,BLUE,1,-0.152824,0.171179,11282
12140,false,q1,12,0.916827,600,RED,51,-0.178285,-0.1455,11282
12765,false,q0,-12,0.916827,600,BLUE,1,-0.152824,0.171179,11282
12773,false,q1,12,0.916827,600,RED,1,-0.178285,-0.1455,11282
13398,false,q0,-12,0.916827,600,BLUE,1,-0.152824,0.171179,11282
13406,false,q1,12,0.916827,600,RED,1,-0.178285,-0.1455,11282
14031,false,q0,-12,0.916827,600,BLUE,1,-0.152824,0.171179,11282
14039,false,q1,12,0.916827,600,RED,1,-0.178285,-0.1455,11282
14664,false,q0,-12,0.916827,600,BLUE,1,-0.152824,0.171179,11282
14672,false,q1,12,0.916827,600,RED,1,-0.178285,-0.1455,11282
15297,false,q0,-12,0.916827,600,BLUE,1,-0.152824,0.171179,11282
15305,false,q1,12,0.916827,600,RED,1,-0.178285,-0.1455,11282
15930,false,q0,-12,0.916827,600,BLUE,1,-0.152824,0.171179,11282
15938,false,q1,12,0.916827,600,RED,1,-0.178285,-0.1455,11282
16563,false,q0,-12,0.916827,600,BLUE,1,-0.152824,0.171179,11282
16571,false,q1,12,0.916827,600,RED,1,-0.178285,-0.1455,11282
17196,false,q0,-12,0.916827,600,BLUE,1,-0.152824,0.171179,11282
17204,false,q1,12,0.916827,600,RED,1,-0.178285,-0.1455,11282
17829,false,q0,-12,0.916827,600,BLUE,1,-0.152824,0.171179,11282
17837,false,q1,12,0.916827,600,RED,1,-0.178285,-0.1455,11282
18462,false,q0,-12,0.916827,600,BLUE,1,-0.152824,0.171179,11282
18470,false,q1,12,0.916827,600,RED,1,-0.178285,-0.1455,11282
19099,false,q0,-12,0.916827,600,BLUE,3,-0.152824,0.171179,11282
19103,false,q1,12,0.916827,600,RED,1,-0.178285,-0.1455,11282
19732,false,q0,-12,0.916827,600,BLUE,1,-0.152824,0.171179,11282
19736,false,q1,12,0.916827,600,RED,1,-0.178285,-0.1455,11282
20365,false,q0,-12,0.916827,600,BLUE,1,-0.152824,0.171179,11282
20369,false,q1,12,0.916827,600,RED,1,-0.178285,-0.1455,11282
20998,false,q0,-12,0.916827,600,BLUE,1,-0.152824,0.171179,11282
21002,false,q1,12,0.916827,600,RED,1,-0.178285,-0.1455,11282
21631,false,q0,-12,0.916827,600,BLUE,1,-0.152824,0.171179,11282
21637,false,q1,12,0.916827,600,RED,2,-0.178285,-0.1455,11282
22264,false,q0,-12,0.916827,600,BLUE,1,-0.152824,0.171179,11282
22270,false,q1,12,0.916827,600,RED,1,-0.178285,-0.1455,11282
22897,false,q0,-12,0.916827,600,BLUE,1,-0.152824,0.171179,11282
22903,false,q1,12,0.916827,600,RED,1,-0.178285,-0.1455,11282
23532,false,q0,-12,0.916827,600,BLUE,2,-0.152824,0.171179,11282
23536,false,q1,12,0.916827,600,RED,1,-0.178285,-0.1455,11282
24165,false,q0,-12,0.916827,600,BLUE,1,-0.152824,0.171179,11282
24169,false,q1,12,0.916827,600,RED,1,-0.178285,-0.1455,11282
24798,false,q0,-12,0.916827,600,BLUE,1,-0.152824,0.171179,11282
24802,false,q1,12,0.916827,600,RED,1,-0.178285,-0.1455,11282
25431,false,q0,-12,0.916827,600,BLUE,1,-0.152824,0.171179,11282
25435,false,q1,12,0.916827,600,RED,1,-0.178285,-0.1455,11282
26064,false,q0,-12,0.916827,600,BLUE,1,-0.152824,0.171179,11282
26068,false,q1,12,0.916827,600,RED,1,-0.178285,-0.1455,11282
26697,false,q0,-12,0.916827,600,BLUE,1,-0.152824,0.171179,11282
26701,false,q1,12,0.916827,600,RED,1,-0.178285,-0.1455,11282
27330,false,q0,-12,0.916827,600,BLUE,1,-0.152824,0.171179,11282
27334,false,q1,12,0.916827,600,RED,1,-0.178285,-0.1455,11282
27963,false,q0,-12,0.916827,600,BLUE,1,-0.152824,0.171179,11282
27967,false,q1,12,0.916827,600,RED,1,-0.178285,-0.1455,11282
28596,false,q0,-12,0.916827,600,BLUE,1,-0.152824,0.171179,11282
28600,false,q1,12,0.916827,600,RED,1,-0.178285,-0.1455,11282
29229,false,q0,-12,0.916827,600,BLUE,1,-0.152824,0.171179,11282
29233,false,q1,12,0.916827,600,RED,1,-0.178285,-0.1455,11282
29862,false,q0,-12,0.916827,600,BLUE,1,-0.152824,0.171179,11282
29866,false,q1,12,0.916827,600,RED,1,-0.178285,-0.1455,11282
30495,false,q0,-12,0.916827,600,BLUE,1,-0.152824,0.171179,11282
30499,false,q1,12,0.916827,600,RED,1,-0.178285,-0.1455,11282
31128,false,q0,-12,0.916827,600,BLUE,1,-0.152824,0.171179,11282
31132,false,q1,12,0.916827,600,RED,1,-0.178285,-0.1455,11282
31761,false,q0,-12,0.916827,600,BLUE,1,-0.152824,0.171179,11282
31765,false,q1,12,0.916827,600,RED,1,-0.178285,-0.1455,11282
32394,false,q0,-12,0.916827,600,BLUE,1,-0.152824,0.171179,11282
32398,false,q1,12,0.916827,600,RED,1,-0.178285,-0.1455,11282
33027,false,q0,-12,0.916827,600,BLUE,1,-0.152824,0.171179,11282
33031,false,q1,12,0.916827,600,RED,1,-0.178285,-0.1455,11282
33660,false,q0,-12,0.916827,600,BLUE,1,-0.152824,0.171179,11282
33664,false,q1,12,0.916827,600,RED,1,-0.178285,-0.1455,11282
34293,false,q0,-12,0.916827,600,BLUE,1,-0.152824,0.171179,11282
34297,false,q1,12,0.916827,600,RED,1,-0.178285,-0.1455,11282
34926,false,q0,-12,0.916827,600,BLUE,1,-0.152824,0.171179,11282
34930,false,q1,12,0.916827,600,RED,1,-0.178285,-0.1455,11282
35559,false,q0,-12,0.916827,600,BLUE,1,-0.152824,0.171179,11282
35563,false,q1,12,0.916827,600,RED,1,-0.178285,-0.1455,11282
36192,false,q0,-12,0.916827,600,BLUE,1,-0.152824,0.171179,11282
36196,false,q1,12,0.916827,600,RED,1,-0.178285,-0.1455,11282
36825,false,q0,-12,0.916827,600,BLUE,1,-0.152824,0.171179,11282
36829,false,q1,12,0.916827,600,RED,1,-0.178285,-0.1455,11282
37458,false,q0,-12,0.916827,600,BLUE,1,-0.152824,0.171179,11282
37462,false,q1,12,0.916827,600,RED,1,-0.178285,-0.1455,11282
38091,false,q0,-12,0.916827,600,BLUE,1,-0.152824,0.171179,11282
38095,false,q1,12,0.916827,600,RED,1,-0.178285,-0.1455,11282
38724,false,q0,-12,0.916827,600,BLUE,1,-0.152824,0.171179,11282
38728,false,q1,12,0.916827,600,RED,1,-0.178285,-0.1455,11282
39357,false,q0,-12,0.916827,600,BLUE,1,-0.152824,0.171179,11282
39361,false,q1,12,0.916827,600,RED,1,-0.178285,-0.1455,11282
39990,false,q0,-12,0.916827,600,BLUE,1,-0.152824,0.171179,11282
39994,false,q1,12,0.916827,600,RED,1,-0.178285,-0.1455,11282
40623,false,q0,-12,0.916827,600,BLUE,1,-0.152824,0.171179,11282
40627,false,q1,12,0.916827,600,RED,1,-0.178285,-0.1455,11282
41256,false,q0,-12,0.916827,600,BLUE,1,-0.152824,0.171179,11282
41260,false,q1,12,0.916827,600,RED,1,-0.178285,-0.1455,11282
41893,false,q1,12,0.916827,600,RED,1,-0.178285,-0.1455,11282
41932,false,q0,-12,0.916827,600,BLUE,43,-0.152824,0.171179,11282
42526,false,q1,12,0.916827,600,RED,1,-0.178285,-0.1455,11282
42565,false,q0,-12,0.916827,600,BLUE,1,-0.152824,0.171179,11282
43159,false,q1,12,0.916827,600,RED,1,-0.178285,-0.1455,11282
43198,false,q0,-12,0.916827,600,BLUE,1,-0.152824,0.171179,11282
43792,false,q1,12,0.916827,600,RED,1,-0.178285,-0.1455,11282
43831,false,q0,-12,0.916827,600,BLUE,1,-0.152824,0.171179,11282
44425,false,q1,12,0.916827,600,RED,1,-0.178285,-0.1455,11282
44464,false,q0,-12,0.916827,600,BLUE,1,-0.152824,0.171179,11282
45058,false,q1,12,0.916827,600,RED,1,-0.178285,-0.1455,11282
45097,false,q0,-12,0.916827,600,BLUE,1,-0.152824,0.171179,11282
45691,false,q1,12,0.916827,600,RED,1,-0.178285,-0.1455,11282
45730,false,q0,-12,0.916827,600,BLUE,1,-0.152824,0.171179,11282
46324,false,q1,12,0.916827,600,RED,1,-0.178285,-0.1455,11282
46363,false,q0,-12,0.916827,600,BLUE,1,-0.152824,0.171179,11282
46957,false,q1,12,0.916827,600,RED,1,-0.178285,-0.1455,11282
46996,false,q0,-12,0.916827,600,BLUE,1,-0.152824,0.171179,11282
47590,false,q1,12,0.916827,600,RED,1,-0.178285,-0.1455,11282
47629,false,q0,-12,0.916827,600,BLUE,1,-0.152824,0.171179,11282
48223,false,q1,12,0.916827,600,RED,1,-0.178285,-0.1455,11282
48262,false,q0,-12,0.916827,600,BLUE,1,-0.152824,0.171179,11282
48856,false,q1,12,0.916827,600,RED,1,-0.178285,-0.1455,11282
48895,false,q0,-12,0.916827,600,BLUE,1,-0.152824,0.171179,11282
49528,false,q0,-12,0.916827,600,BLUE,1,-0.152824,0.171179,11282
49540,false,q1,12,0.916827,600,RED,51,-0.178285,-0.1455,11282
50161,false,q0,-12,0.916827,600,BLUE,1,-0.152824,0.171179,11282
50173,false,q1,12,0.916827,600,RED,1,-0.178285,-0.1455,11282
50794,false,q0,-12,0.916827,600,BLUE,1,-0.152824,0.171179,11282
50806,false,q1,12,0.916827,600,RED,1,-0.178285,-0.1455,11282
51427,false,q0,-12,0.916827,600,BLUE,1,-0.152824,0.171179,11282
51439,false,q1,12,0.916827,600,RED,1,-0.178285,-0.1455,11282
52060,false,q0,-12,0.916827,600,BLUE,1,-0.152824,0.171179,11282
52072,false,q1,12,0.916827,600,RED,1,-0.178285,-0.1455,11282
52693,false,q0,-12,0.916827,600,BLUE,1,-0.152824,0.171179,11282
52705,false,q1,12,0.916827,600,RED,1,-0.178285,-0.1455,11282
53326,false,q0,-12,0.916827,600,BLUE,1,-0.152824,0.171179,11282
53338,false,q1,12,0.916827,600,RED,1,-0.178285,-0.1455,11282
53959,false,q0,-12,0.916827,600,BLUE,1,-0.152824,0.171179,11282
53971,false,q1,12,0.916827,600,RED,1,-0.178285,-0.1455,11282
54592,false,q0,-12,0.916827,600,BLUE,1,-0.152824,0.171179,11282
54604,false,q1,12,0.916827,600,RED,1,-0.178285,-0.1455,11282
55225,false,q0,-12,0.916827,600,BLUE,1,-0.152824,0.171179,11282
55239,false,q1,12,0.916827,600,RED,2,-0.178285,-0.1455,11282
55858,false,q0,-12,0.916827,600,BLUE,1,-0.152824,0.171179,11282
55872,false,q1,12,0.916827,600,RED,1,-0.178285,-0.1455,11282
56491,false,q0,-12,0.916827,600,BLUE,1,-0.152824,0.171179,11282
56505,false,q1,12,0.916827,600,RED,1,-0.178285,-0.1455,11282
57124,false,q0,-12,0.916827,600,BLUE,1,-0.152824,0.171179,11282
57138,false,q1,12,0.916827,600,RED,1,-0.178285,-0.1455,11282
57759,false,q0,-12,0.916827,600,BLUE,2,-0.152824,0.171179,11282
57771,false,q1,12,0.916827,600,RED,1,-0.178285,-0.1455,11282
58392,false,q0,-12,0.916827,600,BLUE,1,-0.152824,0.171179,11282
58404,false,q1,12,0.916827,600,RED,1,-0.178285,-0.1455,11282
59025,false,q0,-12,0.916827,600,BLUE,1,-0.152824,0.171179,11282
59037,false,q1,12,0.916827,600,RED,1,-0.178285,-0.1455,11282
59658,false,q0,-12,0.916827,600,BLUE,1,-0.152824,0.171179,11282
59670,false,q1,12,0.916827,600,RED,1,-0.178285,-0.1455,11282
60291,false,q0,-12,0.916827,600,BLUE,1,-0.152824,0.171179,11282
60303,false,q1,12,0.916827,600,RED,1,-0.178285,-0.1455,11282
60924,false,q0,-12,0.916827,600,BLUE,1,-0.152824,0.171179,11282
60936,false,q1,12,0.916827,600,RED,1,-0.178285,-0.1455,11282
61557,false,q0,-12,0.916827,600,BLUE,1,-0.152824,0.171179,11282
61569,false,q1,12,0.916827,600,RED,1,-0.178285,-0.1455,11282
62190,false,q0,-12,0.916827,600,BLUE,1,-0.152824,0.171179,11282
62202,false,q1,12,0.916827,600,RED,1,-0.178285,-0.1455,11282
62823,false,q0,-12,0.916827,600,BLUE,1,-0.152824,0.171179,11282
62835,false,q1,12,0.916827,600,RED,1,-0.178285,-0.1455,11282
63456,false,q0,-12,0.916827,600,BLUE,1,-0.152824,0.171179,11282
63468,false,q1,12,0.916827,600,RED,1,-0.178285,-0.1455,11282
64089,false,q0,-12,0.916827,600,BLUE,1,-0.152824,0.171179,11282
64101,false,q1,12,0.916827,600,RED,1,-0.178285,-0.1455,11282
64722,false,q0,-12,0.916827,600,BLUE,1,-0.152824,0.171179,11282
64734,false,q1,12,0.916827,600,RED,1,-0.178285,-0.1455,11282
65355,false,q0,-12,0.916827,600,BLUE,1,-0.152824,0.171179,11282
65367,false,q1,12,0.916827,600,RED,1,-0.178285,-0.1455,11282
65988,false,q0,-12,0.916827,600,BLUE,1,-0.152824,0.171179,11282
66000,false,q1,12,0.916827,600,RED,1,-0.178285,-0.1455,11282
66621,false,q0,-12,0.916827,600,BLUE,1,-0.152824,0.171179,11282
66633,false,q1,12,0.916827,600,RED,1,-0.178285,-0.1455,11282
67254,false,q0,-12,0.916827,600,BLUE,1,-0.152824,0.171179,11282
67266,false,q1,12,0.916827,600,RED,1,-0.178285,-0.1455,11282
67887,false,q0,-12,0.916827,600,BLUE,1,-0.152824,0.171179,11282
67899,false,q1,12,0.916827,600,RED,1,-0.178285,-0.1455,11282
68520,false,q0,-12,0.916827,600,BLUE,1,-0.152824,0.171179,11282
68532,false,q1,12,0.916827,600,RED,1,-0.178285,-0.1455,11282
69155,false,q0,-12,0.916827,600,BLUE,2,-0.152824,0.171179,11282
69167,false,q1,12,0.916827,600,RED,2,-0.178285,-0.1455,11282
69788,false,q0,-12,0.916827,600,BLUE,1,-0.152824,0.171179,11282
69800,false,q1,12,0.916827,600,RED,1,-0.178285,-0.1455,11282
70421,false,q0,-12,0.916827,600,BLUE,1,-0.152824,0.171179,11282
70433,false,q1,12,0.916827,600,RED,1,-0.178285,-0.1455,11282
71054,false,q0,-12,0.916827,600,BLUE,1,-0.152824,0.171179,11282
71066,false,q1,12,0.916827,600,RED,1,-0.178285,-0.1455,11282
71687,false,q0,-12,0.916827,600,BLUE,1,-0.152824,0.171179,11282
71699,false,q1,12,0.916827,600,RED,1,-0.178285,-0.1455,11282
72322,false,q0,-12,0.916827,600,BLUE,2,-0.152824,0.171179,11282
72332,false,q1,12,0.916827,600,RED,1,-0.178285,-0.1455,11282
72955,false,q0,-12,0.916827,600,BLUE,1,-0.152824,0.171179,11282
72965,false,q1,12,0.916827,600,RED,1,-0.178285,-0.1455,11282
73588,false,q0,-12,0.916827,600,BLUE,1,-0.152824,0.171179,11282
73600,false,q1,12,0.916827,600,RED,2,-0.178285,-0.1455,11282
74221,false,q0,-12,0.916827,600,BLUE,1,-0.152824,0.171179,11282
74233,false,q1,12,0.916827,600,RED,1,-0.178285,-0.1455,11282
74854,false,q0,-12,0.916827,600,BLUE,1,-0.152824,0.171179,11282
74868,false,q1,12,0.916827,600,RED,2,-0.178285,-0.1455,11282
75487,false,q0,-12,0.916827,600,BLUE,1,-0.152824,0.171179,11282
75501,false,q1,12,0.916827,600,RED,1,-0.178285,-0.1455,11282
76120,false,q0,-12,0.916827,600,BLUE,1,-0.152824,0.171179,11282
76134,false,q1,12,0.916827,600,RED,1,-0.178285,-0.1455,11282
76753,false,q0,-12,0.916827,600,BLUE,1,-0.152824,0.171179,11282
76767,false,q1,12,0.916827,600,RED,1,-0.178285,-0.1455,11282
77386,false,q0,-12,0.916827,600,BLUE,1,-0.152824,0.171179,11282
77400,false,q1,12,0.916827,600,RED,1,-0.178285,-0.1455,11282
78019,false,q0,-12,0.916827,600,BLUE,1,-0.152824,0.171179,11282
78035,false,q1,12,0.916827,600,RED,2,-0.178285,-0.1455,11282
78654,false,q0,-12,0.916827,600,BLUE,2,-0.152824,0.171179,11282
78668,false,q1,12,0.916827,600,RED,1,-0.178285,-0.1455,11282
79287,false,q0,-12,0.916827,600,BLUE,1,-0.152824,0.171179,11282
79303,false,q1,12,0.916827,600,RED,2,-0.178285,-0.1455,11282
79920,false,q0,-12,0.916827,600,BLUE,1,-0.152824,0.171179,11282
79936,false,q1,12,0.916827,600,RED,1,-0.178285,-0.1455,11282
80553,false,q0,-12,0.916827,600,BLUE,1,-0.152824,0.171179,11282
80569,false,q1,12,0.916827,600,RED,1,-0.178285,-0.1455,11282
81186,false,q0,-12,0.916827,600,BLUE,1,-0.152824,0.171179,11282
81202,false,q1,12,0.916827,600,RED,1,-0.178285,-0.1455,11282
81819,false,q0,-12,0.916827,600,BLUE,1,-0.152824,0.171179,11282
81835,false,q1,12,0.916827,600,RED,1,-0.178285,-0.1455,11282
82468,false,q1,12,0.916827,600,RED,1,-0.178285,-0.1455,11282
82495,false,q0,-12,0.916827,600,BLUE,43,-0.152824,0.171179,11282
83128,false,q0,-12,0.916827,600,BLUE,1,-0.152824,0.171179,11282
83154,false,q1,12,0.916827,600,RED,52,-0.178285,-0.1455,11282
83761,false,q0,-12,0.916827,600,BLUE,1,-0.152824,0.171179,11282
83787,false,q1,12,0.916827,600,RED,1,-0.178285,-0.1455,11282
84394,false,q0,-12,0.916827,600,BLUE,1,-0.152824,0.171179,11282
84420,false,q1,12,0.916827,600,RED,1,-0.178285,-0.1455,11282
85027,false,q0,-12,0.916827,600,BLUE,1,-0.152824,0.171179,11282
85053,false,q1,12,0.916827,600,RED,1,-0.178285,-0.1455,11282
85660,false,q0,-12,0.916827,600,BLUE,1,-0.152824,0.171179,11282
85686,false,q1,12,0.916827,600,RED,1,-0.178285,-0.1455,11282
86293,false,q0,-12,0.916827,600,BLUE,1,-0.152824,0.171179,11282
86319,false,q1,12,0.916827,600,RED,1,-0.178285,-0.1455,11282
86926,false,q0,-12,0.916827,600,BLUE,1,-0.152824,0.171179,11282
86952,false,q1,12,0.916827,600,RED,1,-0.178285,-0.1455,11282
87559,false,q0,-12,0.916827,600,BLUE,1,-0.152824,0.171179,11282
87585,false,q1,12,0.916827,600,RED,1,-0.178285,-0.1455,11282
88192,false,q0,-12,0.916827,600,BLUE,1,-0.152824,0.171179,11282
88218,false,q1,12,0.916827,600,RED,1,-0.178285,-0.1455,11282
88825,false,q0,-12,0.916827,600,BLUE,1,-0.152824,0.171179,11282
88851,false,q1,12,0.916827,600,RED,1,-0.178285,-0.1455,11282
89458,false,q0,-12,0.916827,600,BLUE,1,-0.152824,0.171179,11282
89484,false,q1,12,0.916827,600,RED,1,-0.178285,-0.1455,11282
90091,false,q0,-12,0.916827,600,BLUE,1,-0.152824,0.171179,11282
90117,false,q1,12,0.916827,600,RED,1,-0.178285,-0.1455,11282
90724,false,q0,-12,0.916827,600,BLUE,1,-0.152824,0.171179,11282
90750,false,q1,12,0.916827,600,RED,1,-0.178285,-0.1455,11282
91357,false,q0,-12,0.916827,600,BLUE,1,-0.152824,0.171179,11282
91383,false,q1,12,0.916827,600,RED,1,-0.178285,-0.1455,11282
91990,false,q0,-12,0.916827,600,BLUE,1,-0.152824,0.171179,11282
92016,false,q1,12,0.916827,600,RED,1,-0.178285,-0.1455,11282
92623,false,q0,-12,0.916827,600,BLUE,1,-0.152824,0.171179,11282
92649,false,q1,12,0.916827,600,RED,1,-0.178285,-0.1455,11282
93256,false,q0,-12,0.916827,600,BLUE,1,-0.152824,0.171179,11282
93282,false,q1,12,0.916827,600,RED,1,-0.178285,-0.1455,11282
93889,false,q0,-12,0.916827,600,BLUE,1,-0.152824,0.171179,11282
93915,false,q1,12,0.916827,600,RED,1,-0.178285,-0.1455,11282
94522,false,q0,-12,0.916827,600,BLUE,1,-0.152824,0.171179,11282
94550,false,q1,12,0.916827,600,RED,2,-0.178285,-0.1455,11282
95155,false,q0,-12,0.916827,600,BLUE,1,-0.152824,0.171179,11282
95183,false,q1,12,0.916827,600,RED,1,-0.178285,-0.1455,11282
95788,false,q0,-12,0.916827,600,BLUE,1,-0.152824,0.171179,11282
95816,false,q1,12,0.916827,600,RED,1,-0.178285,-0.1455,11282
96421,false,q0,-12,0.916827,600,BLUE,1,-0.152824,0.171179,11282
96449,false,q1,12,0.916827,600,RED,1,-0.178285,-0.1455,11282
97054,false,q0,-12,0.916827,600,BLUE,1,-0.152824,0.171179,11282
97082,false,q1,12,0.916827,600,RED,1,-0.178285,-0.1455,11282
97687,false,q0,-12,0.916827,600,BLUE,1,-0.152824,0.171179,11282
97715,false,q1,12,0.916827,600,RED,1,-0.178285,-0.1455,11282
98320,false,q0,-12,0.916827,600,BLUE,1,-0.152824,0.171179,11282
98348,false,q1,12,0.916827,600,RED,1,-0.178285,-0.1455,11282
98953,false,q0,-12,0.916827,600,BLUE,1,-0.152824,0.171179,11282
98981,false,q1,12,0.916827,600,RED,1,-0.178285,-0.1455,11282
99588,false,q0,-12,0.916827,600,BLUE,2,-0.152824,0.171179,11282
99614,false,q1,12,0.916827,600,RED,1,-0.178285,-0.1455,11282
52,false,q1,0,0.5,600,RED,1,-0.178285,-0.1455,32462
54,false,q0,0,0.5,600,BLUE,2,-0.152824,0.171179,32462
685,false,q1,1,0.549834,600,RED,1,-0.178285,-0.1455,32462
687,false,q0,-1,0.549834,600,BLUE,1,-0.152824,0.171179,32462
1320,false,q0,-2,0.598688,600,BLUE,1,-0.152824,0.171179,32462
1322,false,q1,2,0.598688,600,RED,3,-0.178285,-0.1455,32462
1953,false,q0,-3,0.645656,600,BLUE,1,-0.152824,0.171179,32462
1955,false,q1,3,0.645656,600,RED,1,-0.178285,-0.1455,32462
2586,false,q0,-4,0.689974,600,BLUE,1,-0.152824,0.171179,32462
2588,false,q1,4,0.689974,600,RED,1,-0.178285,-0.1455,32462
3221,false,q1,5,0.731059,600,RED,1,-0.178285,-0.1455,32462
3262,false,q0,-5,0.731059,600,BLUE,43,-0.152824,0.171179,32462
3854,false,q1,6,0.768525,600,RED,1,-0.178285,-0.1455,32462
3895,false,q0,-6,0.768525,600,BLUE,1,-0.152824,0.171179,32462
4487,false,q1,7,0.802184,600,RED,1,-0.178285,-0.1455,32462
4530,false,q0,-7,0.802184,600,BLUE,2,-0.152824,0.171179,32462
5122,false,q1,8,0.832018,600,RED,2,-0.178285,-0.1455,32462
5163,false,q0,-8,0.832018,600,BLUE,1,-0.152824,0.171179,32462
5759,false,q1,9,0.858149,600,RED,3,-0.178285,-0.1455,32462
5798,false,q0,-9,0.858149,600,BLUE,2,-0.152824,0.171179,32462
6392,false,q1,10,0.880797,600,RED,1,-0.178285,-0.1455,32462
6431,false,q0,-10,0.880797,600,BLUE,1,-0.152824,0.171179,32462
7025,false,q1,11,0.90025,600,RED,1,-0.178285,-0.1455,32462
7064,false,q0,-11,0.90025,600,BLUE,1,-0.152824,0.171179,32462
7658,false,q1,12,0.916827,600,RED,1,-0.178285,-0.1455,32462
7697,false,q0,-12,0.916827,600,BLUE,1,-0.152824,0.171179,32462
8291,false,q1,12,0.916827,600,RED,1,-0.178285,-0.1455,32462
8330,false,q0,-12,0.916827,600,BLUE,1,-0.152824,0.171179,32462
8924,false,q1,12,0.916827,600,RED,1,-0.178285,-0.1455,32462
8963,false,q0,-12,0.916827,600,BLUE,1,-0.152824,0.171179,32462
9557,false,q1,12,0.916827,600,RED,1,-0.178285,-0.1455,32462
9596,false,q0,-12,0.916827,600,BLUE,1,-0.152824,0.171179,32462
10194,false,q1,12,0.916827,600,RED,3,-0.178285,-0.1455,32462
10229,false,q0,-12,0.916827,600,BLUE,1,-0.152824,0.171179,32462
10862,false,q0,-12,0.916827,600,BLUE,1,-0.152824,0.171179,32462
10878,false,q1,12,0.916827,600,RED,51,-0.178285,-0.1455,32462
11495,false,q0,-12,0.916827,600,BLUE,1,-0.152824,0.171179,32462
11511,false,q1,12,0.916827,600,RED,1,-0.178285,-0.1455,32462
12128,false,q0,-12,0.916827,600,BLUE,1,-0.152824,0.171179,32462
12144,false,q1,12,0.916827,600,RED,1,-0.178285,-0.1455,32462
12761,false,q0,-12,0.916827,600,BLUE,1,-0.152824,0.171179,32462
12777,false,q1,12,0.916827,600,RED,1,-0.178285,-0.1455,32462
13394,false,q0,-12,0.916827,600,BLUE,1,-0.152824,0.171179,32462
13410,false,q1,12,0.916827,600,RED,1,-0.178285,-0.1455,32462
14027,false,q0,-12,0.916827,600,BLUE,1,-0.152824,0.171179,32462
14043,false,q1,12,0.916827,600,RED,1,-0.178285,-0.1455,32462
14662,false,q0,-12,0.916827,600,BLUE,2,-0.152824,0.171179,32462
14676,false,q1,12,0.916827,600,RED,1,-0.178285,-0.1455,32462
15295,false,q0,-12,0.916827,600,BLUE,1,-0.152824,0.171179,32462
15309,false,q1,12,0.916827,600,RED,1,-0.178285,-0.1455,32462
15928,false,q0,-12,0.916827,600,BLUE,1,-0.152824,0.171179,32462
15942,false,q1,12,0.916827,600,RED,1,-0.178285,-0.1455,32462
16563,false,q0,-12,0.916827,600,BLUE,2,-0.152824,0.171179,32462
16575,false,q1,12,0.916827,600,RED,1,-0.178285,-0.1455,32462
17196,false,q0,-12,0.916827,600,BLUE,1,-0.152824,0.171179,32462
17208,false,q1,12,0.916827,600,RED,1,-0.178285,-0.1455,32462
17829,false,q0,-12,0.916827,600,BLUE,1,-0.152824,0.171179,32462
17841,false,q1,12,0.916827,600,RED,1,-0.178285,-0.1455,32462
18464,false,q0,-12,0.916827,600,BLUE,2,-0.152824,0.171179,32462
18474,false,q1,12,0.916827,600,RED,1,-0.178285,-0.1455,32462
19097,false,q0,-12,0.916827,600,BLUE,1,-0.152824,0.171179,32462
19107,false,q1,12,0.916827,600,RED,1,-0.178285,-0.1455,32462
19730,false,q0,-12,0.916827,600,BLUE,1,-0.152824,0.171179,32462
19740,false,q1,12,0.916827,600,RED,1,-0.178285,-0.1455,32462
20363,false,q0,-12,0.916827,600,BLUE,1,-0.152824,0.171179,32462
20373,false,q1,12,0.916827,600,RED,1,-0.178285,-0.1455,32462
20996,false,q0,-12,0.916827,600,BLUE,1,-0.152824,0.171179,32462
21008,false,q1,12,0.916827,600,RED,2,-0.178285,-0.1455,32462
21629,false,q0,-12,0.916827,600,BLUE,1,-0.152824,0.171179,32462
21641,false,q1,12,0.916827,600,RED,1,-0.178285,-0.1455,32462
22262,false,q0,-12,0.916827,600,BLUE,1,-0.152824,0.171179,32462
22274,false,q1,12,0.916827,600,RED,1,-0.178285,-0.1455,32462
22895,false,q0,-12,0.916827,600,BLUE,1,-0.152824,0.171179,32462
22907,false,q1,12,0.916827,600,RED,1,-0.178285,-0.1455,32462
23530,false,q0,-12,0.916827,600,BLUE,2,-0.152824,0.171179,32462
23540,false,q1,12,0.916827,600,RED,1,-0.178285,-0.1455,32462
24163,false,q0,-12,0.916827,600,BLUE,1,-0.152824,0.171179,32462
24173,false,q1,12,0.916827,600,RED,1,-0.178285,-0.1455,32462
24796,false,q0,-12,0.916827,600,BLUE,1,-0.152824,0.171179,32462
24806,false,q1,12,0.916827,600,RED,1,-0.178285,-0.1455,32462
25429,false,q0,-12,0.916827,600,BLUE,1,-0.152824,0.171179,32462
25439,false,q1,12,0.916827,600,RED,1,-0.178285,-0.1455,32462
26062,false,q0,-12,0.916827,600,BLUE,1,-0.152824,0.171179,32462
26074,false,q1,12,0.916827,600,RED,2,-0.178285,-0.1455,32462
26695,false,q0,-12,0.916827,600,BLUE,1,-0.152824,0.171179,32462
26707,false,q1,12,0.916827,600,RED,1,-0.178285,-0.1455,32462
27328,false,q0,-12,0.916827,600,BLUE,1,-0.152824,0.171179,32462
27340,false,q1,12,0.916827,600,RED,1,-0.178285,-0.1455,32462
27961,false,q0,-12,0.916827,600,BLUE,1,-0.152824,0.171179,32462
27973,false,q1,12,0.916827,600,RED,1,-0.178285,-0.1455,32462
28596,false,q0,-12,0.916827,600,BLUE,2,-0.152824,0.171179,32462
28606,false,q1,12,0.916827,600,RED,1,-0.178285,-0.1455,32462
29229,false,q0,-12,0.916827,600,BLUE,1,-0.152824,0.171179,32462
29239,false,q1,12,0.916827,600,RED,1,-0.178285,-0.1455,32462
29862,false,q0,-12,0.916827,600,BLUE,1,-0.152824,0.171179,32462
29872,false,q1,12,0.916827,600,RED,1,-0.178285,-0.1455,32462
30495,false,q0,-12,0.916827,600,BLUE,1,-0.152824,0.171179,32462
30505,false,q1,12,0.916827,600,RED,1,-0.178285,-0.1455,32462
31128,false,q0,-12,0.916827,600,BLUE,1,-0.152824,0.171179,32462
31138,false,q1,12,0.916827,600,RED,1,-0.178285,-0.1455,32462
31761,false,q0,-12,0.916827,600,BLUE,1,-0.152824,0.171179,32462
31771,false,q1,12,0.916827,600,RED,1,-0.178285,-0.1455,32462
32394,false,q0,-12,0.916827,600,BLUE,1,-0.152824,0.171179,32462
32404,false,q1,12,0.916827,600,RED,1,-0.178285,-0.1455,32462
33027,false,q0,-12,0.916827,600,BLUE,1,-0.152824,0.171179,32462
33037,false,q1,12,0.916827,600,RED,1,-0.178285,-0.1455,32462
33660,false,q0,-12,0.916827,600,BLUE,1,-0.152824,0.171179,32462
33670,false,q1,12,0.916827,600,RED,1,-0.178285,-0.1455,32462
34295,false,q0,-12,0.916827,600,BLUE,2,-0.152824,0.171179,32462
34303,false,q1,12,0.916827,600,RED,1,-0.178285,-0.1455,32462
34928,false,q0,-12,0.916827,600,BLUE,1,-0.152824,0.171179,32462
34936,false,q1,12,0.916827,600,RED,1,-0.178285,-0.1455,32462
35561,false,q0,-12,0.916827,600,BLUE,1,-0.152824,0.171179,32462
35569,false,q1,12,0.916827,600,RED,1,-0.178285,-0.1455,32462
36196,false,q0,-12,0.916827,600,BLUE,2,-0.152824,0.171179,32462
36202,false,q1,12,0.916827,600,RED,1,-0.178285,-0.1455,32462
36829,false,q0,-12,0.916827,600,BLUE,1,-0.152824,0.171179,32462
36835,false,q1,12,0.916827,600,RED,1,-0.178285,-0.1455,32462
37462,false,q0,-12,0.916827,600,BLUE,1,-0.152824,0.171179,32462
37468,false,q1,12,0.916827,600,RED,1,-0.178285,-0.1455,32462
38095,false,q0,-12,0.916827,600,BLUE,1,-0.152824,0.171179,32462
38101,false,q1,12,0.916827,600,RED,1,-0.178285,-0.1455,32462
38728,false,q0,-12,0.916827,600,BLUE,1,-0.152824,0.171179,32462
38734,false,q1,12,0.916827,600,RED,1,-0.178285,-0.1455,32462
39361,false,q0,-12,0.916827,600,BLUE,1,-0.152824,0.171179,32462
39367,false,q1,12,0.916827,600,RED,1,-0.178285,-0.1455,32462
39994,false,q0,-12,0.916827,600,BLUE,1,-0.152824,0.171179,32462
40000,false,q1,12,0.916827,600,RED,1,-0.178285,-0.1455,32462
40633,false,q1,12,0.916827,600,RED,1,-0.178285,-0.1455,32462
40670,false,q0,-12,0.916827,600,BLUE,43,-0.152824,0.171179,32462
41266,false,q1,12,0.916827,600,RED,1,-0.178285,-0.1455,32462
41305,false,q0,-12,0.916827,600,BLUE,2,-0.152824,0.171179,32462
41899,false,q1,12,0.916827,600,RED,1,-0.178285,-0.1455,32462
41938,false,q0,-12,0.916827,600,BLUE,1,-0.152824,0.171179,32462
42532,false,q1,12,0.916827,600,RED,1,-0.178285,-0.1455,32462
42571,false,q0,-12,0.916827,600,BLUE,1,-0.152824,0.171179,32462
43165,false,q1,12,0.916827,600,RED,1,-0.178285,-0.1455,32462
43204,false,q0,-12,0.916827,600,BLUE,1,-0.152824,0.171179,32462
43798,false,q1,12,0.916827,600,RED,1,-0.178285,-0.1455,32462
43837,false,q0,-12,0.916827,600,BLUE,1,-0.152824,0.171179,32462
44431,false,q1,12,0.916827,600,RED,1,-0.178285,-0.1455,32462
44470,false,q0,-12,0.916827,600,BLUE,1,-0.152824,0.171179,32462
45064,false,q1,12,0.916827,600,RED,1,-0.178285,-0.1455,32462
45103,false,q0,-12,0.916827,600,BLUE,1,-0.152824,0.171179,32462
45697,false,q1,12,0.916827,600,RED,1,-0.178285,-0.1455,32462
45736,false,q0,-12,0.916827,600,BLUE,1,-0.152824,0.171179,32462
46330,false,q1,12,0.916827,600,RED,1,-0.178285,-0.1455,32462
46369,false,q0,-12,0.916827,600,BLUE,1,-0.152824,0.171179,32462
46963,false,q1,12,0.916827,600,RED,1,-0.178285,-0.1455,32462
47002,false,q0,-12,0.916827,600,BLUE,1,-0.152824,0.171179,32462
47635,false,q0,-12,0.916827,600,BLUE,1,-0.152824,0.171179,32462
47647,false,q1,12,0.916827,600,RED,51,-0.178285,-0.1455,32462
48268,false,q0,-12,0.916827,600,BLUE,1,-0.152824,0.171179,32462
48280,false,q1,12,0.916827,600,RED,1,-0.178285,-0.1455,32462
48901,false,q0,-12,0.916827,600,BLUE,1,-0.152824,0.171179,32462
48913,false,q1,12,0.916827,600,RED,1,-0.178285,-0.1455,32462
49534,false,q0,-12,0.916827,600,BLUE,1,-0.152824,0.171179,32462
49546,false,q1,12,0.916827,600,RED,1,-0.178285,-0.1455,32462
50169,false,q0,-12,0.916827,600,BLUE,2,-0.152824,0.171179,32462
50179,false,q1,12,0.916827,600,RED,1,-0.178285,-0.1455,32462
50802,false,q0,-12,0.916827,600,BLUE,1,-0.152824,0.171179,32462
50812,false,q1,12,0.916827,600,RED,1,-0.178285,-0.1455,32462
51435,false,q0,-12,0.916827,600,BLUE,1,-0.152824,0.171179,32462
51445,false,q1,12,0.916827,600,RED,1,-0.178285,-0.1455,32462
52068,false,q0,-12,0.916827,600,BLUE,1,-0.152824,0.171179,32462
52078,false,q1,12,0.916827,600,RED,1,-0.178285,-0.1455,32462
52703,false,q0,-12,0.916827,600,BLUE,2,-0.152824,0.171179,32462
52711,false,q1,12,0.916827,600,RED,1,-0.178285,-0.1455,32462
53336,false,q0,-12,0.916827,600,BLUE,1,-0.152824,0.171179,32462
53344,false,q1,12,0.916827,600,RED,1,-0.178285,-0.1455,32462
53971,false,q0,-12,0.916827,600,BLUE,2,-0.152824,0.171179,32462
53977,false,q1,12,0.916827,600,RED,1,-0.178285,-0.1455,32462
54604,false,q0,-12,0.916827,600,BLUE,1,-0.152824,0.171179,32462
54610,false,q1,12,0.916827,600,RED,1,-0.178285,-0.1455,32462
55237,false,q0,-12,0.916827,600,BLUE,1,-0.152824,0.171179,32462
55243,false,q1,12,0.916827,600,RED,1,-0.178285,-0.1455,32462
55870,false,q0,-12,0.916827,600,BLUE,1,-0.152824,0.171179,32462
55876,false,q1,12,0.916827,600,RED,1,-0.178285,-0.1455,32462
56503,false,q0,-12,0.916827,600,BLUE,1,-0.152824,0.171179,32462
56509,false,q1,12,0.916827,600,RED,1,-0.178285,-0.1455,32462
57136,false,q0,-12,0.916827,600,BLUE,1,-0.152824,0.171179,32462
57142,false,q1,12,0.916827,600,RED,1,-0.178285,-0.1455,32462
57769,false,q0,-12,0.916827,600,BLUE,1,-0.152824,0.171179,32462
57775,false,q1,12,0.916827,600,RED,1,-0.178285,-0.1455,32462
58402,false,q0,-12,0.916827,600,BLUE,1,-0.152824,0.171179,32462
58408,false,q1,12,0.916827,600,RED,1,-0.178285,-0.1455,32462
59035,false,q0,-12,0.916827,600,BLUE,1,-0.152824,0.171179,32462
59041,false,q1,12,0.916827,600,RED,1,-0.178285,-0.1455,32462
59668,false,q0,-12,0.916827,600,BLUE,1,-0.152824,0.171179,32462
59674,false,q1,12,0.916827,600,RED,1,-0.178285,-0.1455,32462
60301,false,q0,-12,0.916827,600,BLUE,1,-0.152824,0.171179,32462
60307,false,q1,12,0.916827,600,RED,1,-0.178285,-0.1455,32462
60934,false,q0,-12,0.916827,600,BLUE,1,-0.152824,0.171179,32462
60940,false,q1,12,0.916827,600,RED,1,-0.178285,-0.1455,32462
61567,false,q0,-12,0.916827,600,BLUE,1,-0.152824,0.171179,32462
61573,false,q1,12,0.916827,600,RED,1,-0.178285,-0.1455,32462
62200,false,q0,-12,0.916827,600,BLUE,1,-0.152824,0.171179,32462
62206,false,q1,12,0.916827,600,RED,1,-0.178285,-0.1455,32462
62833,false,q0,-12,0.916827,600,BLUE,1,-0.152824,0.171179,32462
62839,false,q1,12,0.916827,600,RED,1,-0.178285,-0.1455,32462
63466,false,q0,-12,0.916827,600,BLUE,1,-0.152824,0.171179,32462
63472,false,q1,12,0.916827,600,RED,1,-0.178285,-0.1455,32462
64099,false,q0,-12,0.916827,600,BLUE,1,-0.152824,0.171179,32462
64105,false,q1,12,0.916827,600,RED,1,-0.178285,-0.1455,32462
64732,false,q0,-12,0.916827,600,BLUE,1,-0.152824,0.171179,32462
64738,false,q1,12,0.916827,600,RED,1,-0.178285,-0.1455,32462
65365,false,q0,-12,0.916827,600,BLUE,1,-0.152824,0.171179,32462
65371,false,q1,12,0.916827,600,RED,1,-0.178285,-0.1455,32462
65998,false,q0,-12,0.916827,600,BLUE,1,-0.152824,0.171179,32462
66004,false,q1,12,0.916827,600,RED,1,-0.178285,-0.1455,32462
66631,false,q0,-12,0.916827,600,BLUE,1,-0.152824,0.171179,32462
66637,false,q1,12,0.916827,600,RED,1,-0.178285,-0.1455,32462
67264,false,q0,-12,0.916827,600,BLUE,1,-0.152824,0.171179,32462
67270,false,q1,12,0.916827,600,RED,1,-0.178285,-0.1455,32462
67897,false,q0,-12,0.916827,600,BLUE,1,-0.152824,0.171179,32462
67903,false,q1,12,0.916827,600,RED,1,-0.178285,-0.1455,32462
68530,false,q0,-12,0.916827,600,BLUE,1,-0.152824,0.171179,32462
68536,false,q1,12,0.916827,600,RED,1,-0.178285,-0.1455,32462
69163,false,q0,-12,0.916827,600,BLUE,1,-0.152824,0.171179,32462
69169,false,q1,12,0.916827,600,RED,1,-0.178285,-0.1455,32462
69796,false,q0,-12,0.916827,600,BLUE,1,-0.152824,0.171179,32462
69802,false,q1,12,0.916827,600,RED,1,-0.178285,-0.1455,32462
70429,false,q0,-12,0.916827,600,BLUE,1,-0.152824,0.171179,32462
70435,false,q1,12,0.916827,600,RED,1,-0.178285,-0.1455,32462
71062,false,q0,-12,0.916827,600,BLUE,1,-0.152824,0.171179,32462
71068,false,q1,12,0.916827,600,RED,1,-0.178285,-0.1455,32462
71695,false,q0,-12,0.916827,600,BLUE,1,-0.152824,0.171179,32462
71701,false,q1,12,0.916827,600,RED,1,-0.178285,-0.1455,32462
72328,false,q0,-12,0.916827,600,BLUE,1,-0.152824,0.171179,32462
72334,false,q1,12,0.916827,600,RED,1,-0.178285,-0.1455,32462
72961,false,q0,-12,0.916827,600,BLUE,1,-0.152824,0.171179,32462
72967,false,q1,12,0.916827,600,RED,1,-0.178285,-0.1455,32462
73596,false,q0,-12,0.916827,600,BLUE,2,-0.152824,0.171179,32462
73602,false,q1,12,0.916827,600,RED,2,-0.178285,-0.1455,32462
74229,false,q0,-12,0.916827,600,BLUE,1,-0.152824,0.171179,32462
74235,false,q1,12,0.916827,600,RED,1,-0.178285,-0.1455,32462
74862,false,q0,-12,0.916827,600,BLUE,1,-0.152824,0.171179,32462
74868,false,q1,12,0.916827,600,RED,1,-0.178285,-0.1455,32462
75495,false,q0,-12,0.916827,600,BLUE,1,-0.152824,0.171179,32462
75501,false,q1,12,0.916827,600,RED,1,-0.178285,-0.1455,32462
76128,false,q0,-12,0.916827,600,BLUE,1,-0.152824,0.171179,32462
76134,false,q1,12,0.916827,600,RED,1,-0.178285,-0.1455,32462
76761,false,q0,-12,0.916827,600,BLUE,1,-0.152824,0.171179,32462
76767,false,q1,12,0.916827,600,RED,1,-0.178285,-0.1455,32462
77394,false,q0,-12,0.916827,600,BLUE,1,-0.152824,0.171179,32462
77400,false,q1,12,0.916827,600,RED,1,-0.178285,-0.1455,32462
78027,false,q0,-12,0.916827,600,BLUE,1,-0.152824,0.171179,32462
78033,false,q1,12,0.916827,600,RED,1,-0.178285,-0.1455,32462
78660,false,q0,-12,0.916827,600,BLUE,1,-0.152824,0.171179,32462
78666,false,q1,12,0.916827,600,RED,1,-0.178285,-0.1455,32462
79293,false,q0,-12,0.916827,600,BLUE,1,-0.152824,0.171179,32462
79299,false,q1,12,0.916827,600,RED,1,-0.178285,-0.1455,32462
79926,false,q0,-12,0.916827,600,BLUE,1,-0.152824,0.171179,32462
79932,false,q1,12,0.916827,600,RED,1,-0.178285,-0.1455,32462
80565,false,q1,12,0.916827,600,RED,1,-0.178285,-0.1455,32462
80602,false,q0,-12,0.916827,600,BLUE,43,-0.152824,0.171179,32462
81198,false,q1,12,0.916827,600,RED,1,-0.178285,-0.1455,32462
81235,false,q0,-12,0.916827,600,BLUE,1,-0.152824,0.171179,32462
81831,false,q1,12,0.916827,600,RED,1,-0.178285,-0.1455,32462
81868,false,q0,-12,0.916827,600,BLUE,1,-0.152824,0.171179,32462
82464,false,q1,12,0.916827,600,RED,1,-0.178285,-0.1455,32462
82501,false,q0,-12,0.916827,600,BLUE,1,-0.152824,0.171179,32462
83097,false,q1,12,0.916827,600,RED,1,-0.178285,-0.1455,32462
83134,false,q0,-12,0.916827,600,BLUE,1,-0.152824,0.171179,32462
83730,false,q1,12,0.916827,600,RED,1,-0.178285,-0.1455,32462
83767,false,q0,-12,0.916827,600,BLUE,1,-0.152824,0.171179,32462
84400,false,q0,-12,0.916827,600,BLUE,1,-0.152824,0.171179,32462
84416,false,q1,12,0.916827,600,RED,52,-0.178285,-0.1455,32462
85033,false,q0,-12,0.916827,600,BLUE,1,-0.152824,0.171179,32462
85051,false,q1,12,0.916827,600,RED,2,-0.178285,-0.1455,32462
85666,false,q0,-12,0.916827,600,BLUE,1,-0.152824,0.171179,32462
85684,false,q1,12,0.916827,600,RED,1,-0.178285,-0.1455,32462
86299,false,q0,-12,0.916827,600,BLUE,1,-0.152824,0.171179,32462
86317,false,q1,12,0.916827,600,RED,1,-0.178285,-0.1455,32462
86932,false,q0,-12,0.916827,600,BLUE,1,-0.152824,0.171179,32462
86950,false,q1,12,0.916827,600,RED,1,-0.178285,-0.1455,32462
87565,false,q0,-12,0.916827,600,BLUE,1,-0.152824,0.171179,32462
87583,false,q1,12,0.916827,600,RED,1,-0.178285,-0.1455,32462
88198,false,q0,-12,0.916827,600,BLUE,1,-0.152824,0.171179,32462
88216,false,q1,12,0.916827,600,RED,1,-0.178285,-0.1455,32462
88831,false,q0,-12,0.916827,600,BLUE,1,-0.152824,0.171179,32462
88849,false,q1,12,0.916827,600,RED,1,-0.178285,-0.1455,32462
89464,false,q0,-12,0.916827,600,BLUE,1,-0.152824,0.171179,32462
89482,false,q1,12,0.916827,600,RED,1,-0.178285,-0.1455,32462
90097,false,q0,-12,0.916827,600,BLUE,1,-0.152824,0.171179,32462
90115,false,q1,12,0.916827,600,RED,1,-0.178285,-0.1455,32462
90730,false,q0,-12,0.916827,600,BLUE,1,-0.152824,0.171179,32462
90748,false,q1,12,0.916827,600,RED,1,-0.178285,-0.1455,32462
91363,false,q0,-12,0.916827,600,BLUE,1,-0.152824,0.171179,32462
91381,false,q1,12,0.916827,600,RED,1,-0.178285,-0.1455,32462
91996,false,q0,-12,0.916827,600,BLUE,1,-0.152824,0.171179,32462
92014,false,q1,12,0.916827,600,RED,1,-0.178285,-0.1455,32462
92629,false,q0,-12,0.916827,600,BLUE,1,-0.152824,0.171179,32462
92647,false,q1,12,0.916827,600,RED,1,-0.178285,-0.1455,32462
93262,false,q0,-12,0.916827,600,BLUE,1,-0.152824,0.171179,32462
93280,false,q1,12,0.916827,600,RED,1,-0.178285,-0.1455,32462
93895,false,q0,-12,0.916827,600,BLUE,1,-0.152824,0.171179,32462
93913,false,q1,12,0.916827,600,RED,1,-0.178285,-0.1455,32462
94528,false,q0,-12,0.916827,600,BLUE,1,-0.152824,0.171179,32462
94546,false,q1,12,0.916827,600,RED,1,-0.178285,-0.1455,32462
95161,false,q0,-12,0.916827,600,BLUE,1,-0.152824,0.171179,32462
95181,false,q1,12,0.916827,600,RED,2,-0.178285,-0.1455,32462
95794,false,q0,-12,0.916827,600,BLUE,1,-0.152824,0.171179,32462
95814,false,q1,12,0.916827,600,RED,1,-0.178285,-0.1455,32462
96427,false,q0,-12,0.916827,600,BLUE,1,-0.152824,0.171179,32462
96447,false,q1,12,0.916827,600,RED,1,-0.178285,-0.1455,32462
97060,false,q0,-12,0.916827,600,BLUE,1,-0.152824,0.171179,32462
97080,false,q1,12,0.916827,600,RED,1,-0.178285,-0.1455,32462
97693,false,q0,-12,0.916827,600,BLUE,1,-0.152824,0.171179,32462
97713,false,q1,12,0.916827,600,RED,1,-0.178285,-0.1455,32462
98326,false,q0,-12,0.916827,600,BLUE,1,-0.152824,0.171179,32462
98348,false,q1,12,0.916827,600,RED,2,-0.178285,-0.1455,32462
98959,false,q0,-12,0.916827,600,BLUE,1,-0.152824,0.171179,32462
98981,false,q1,12,0.916827,600,RED,1,-0.178285,-0.1455,32462
99592,false,q0,-12,0.916827,600,BLUE,1,-0.152824,0.171179,32462
99614,false,q1,12,0.916827,600,RED,1,-0.178285,-0.1455,32462
52,false,q1,0,0.5,600,RED,1,-0.178285,-0.1455,42568
58,false,q0,0,0.5,600,BLUE,4,-0.152824,0.171179,42568
685,false,q1,1,0.549834,600,RED,1,-0.178285,-0.1455,42568
693,false,q0,-1,0.549834,600,BLUE,2,-0.152824,0.171179,42568
1318,false,q1,2,0.598688,600,RED,1,-0.178285,-0.1455,42568
1371,false,q0,-2,0.598688,600,BLUE,44,-0.152824,0.171179,42568
1953,false,q1,3,0.645656,600,RED,2,-0.178285,-0.1455,42568
2004,false,q0,-3,0.645656,600,BLUE,1,-0.152824,0.171179,42568
2586,false,q1,4,0.689974,600,RED,1,-0.178285,-0.1455,42568
2643,false,q0,-4,0.689974,600,BLUE,4,-0.152824,0.171179,42568
3219,false,q1,5,0.731059,600,RED,1,-0.178285,-0.1455,42568
3276,false,q0,-5,0.731059,600,BLUE,1,-0.152824,0.171179,42568
3852,false,q1,6,0.768525,600,RED,1,-0.178285,-0.1455,42568
3909,false,q0,-6,0.768525,600,BLUE,1,-0.152824,0.171179,42568
4485,false,q1,7,0.802184,600,RED,1,-0.178285,-0.1455,42568
4542,false,q0,-7,0.802184,600,BLUE,1,-0.152824,0.171179,42568
5120,false,q1,8,0.832018,600,RED,2,-0.178285,-0.1455,42568
5175,false,q0,-8,0.832018,600,BLUE,1,-0.152824,0.171179,42568
5753,false,q1,9,0.858149,600,RED,1,-0.178285,-0.1455,42568
5810,false,q0,-9,0.858149,600,BLUE,2,-0.152824,0.171179,42568
6386,false,q1,10,0.880797,600,RED,1,-0.178285,-0.1455,42568
6443,false,q0,-10,0.880797,600,BLUE,1,-0.152824,0.171179,42568
7021,false,q1,11,0.90025,600,RED,2,-0.178285,-0.1455,42568
7078,false,q0,-11,0.90025,600,BLUE,2,-0.152824,0.171179,42568
7654,false,q1,12,0.916827,600,RED,1,-0.178285,-0.1455,42568
7711,false,q0,-12,0.916827,600,BLUE,1,-0.152824,0.171179,42568
8287,false,q1,12,0.916827,600,RED,1,-0.178285,-0.1455,42568
8344,false,q0,-12,0.916827,600,BLUE,1,-0.152824,0.171179,42568
8920,false,q1,12,0.916827,600,RED,1,-0.178285,-0.1455,42568
8977,false,q0,-12,0.916827,600,BLUE,1,-0.152824,0.171179,42568
9553,false,q1,12,0.916827,600,RED,1,-0.178285,-0.1455,42568
9610,false,q0,-12,0.916827,600,BLUE,1,-0.152824,0.171179,42568
10186,false,q1,12,0.916827,600,RED,1,-0.178285,-0.1455,42568
10243,false,q0,-12,0.916827,600,BLUE,1,-0.152824,0.171179,42568
10819,false,q1,12,0.916827,600,RED,1,-0.178285,-0.1455,42568
10876,false,q0,-12,0.916827,600,BLUE,1,-0.152824,0.171179,42568
11452,false,q1,12,0.916827,600,RED,1,-0.178285,-0.1455,42568
11509,false,q0,-12,0.916827,600,BLUE,1,-0.152824,0.171179,42568
12087,false,q1,12,0.916827,600,RED,2,-0.178285,-0.1455,42568
12142,false,q0,-12,0.916827,600,BLUE,1,-0.152824,0.171179,42568
12771,false,q1,12,0.916827,600,RED,51,-0.178285,-0.1455,42568
12775,false,q0,-12,0.916827,600,BLUE,1,-0.152824,0.171179,42568
13404,false,q1,12,0.916827,600,RED,1,-0.178285,-0.1455,42568
13408,false,q0,-12,0.916827,600,BLUE,1,-0.152824,0.171179,42568
14037,false,q1,12,0.916827,600,RED,1,-0.178285,-0.1455,42568
14041,false,q0,-12,0.916827,600,BLUE,1,-0.152824,0.171179,42568
14672,false,q1,12,0.916827,600,RED,2,-0.178285,-0.1455,42568
14674,false,q0,-12,0.916827,600,BLUE,1,-0.152824,0.171179,42568
15305,false,q1,12,0.916827,600,RED,1,-0.178285,-0.1455,42568
15307,false,q0,-12,0.916827,600,BLUE,1,-0.152824,0.171179,42568
15938,false,q1,12,0.916827,600,RED,1,-0.178285,-0.1455,42568
15940,false,q0,-12,0.916827,600,BLUE,1,-0.152824,0.171179,42568
16573,false,q1,12,0.916827,600,RED,2,-0.178285,-0.1455,42568
16573,false,q0,-12,0.916827,600,BLUE,1,-0.152824,0.171179,42568
17206,false,q1,12,0.916827,600,RED,1,-0.178285,-0.1455,42568
17206,false,q0,-12,0.916827,600,BLUE,1,-0.152824,0.171179,42568
17839,false,q1,12,0.916827,600,RED,1,-0.178285,-0.1455,42568
17841,false,q0,-12,0.916827,600,BLUE,2,-0.152824,0.171179,42568
18472,false,q1,12,0.916827,600,RED,1,-0.178285,-0.1455,42568
18474,false,q0,-12,0.916827,600,BLUE,1,-0.152824,0.171179,42568
19105,false,q1,12,0.916827,600,RED,1,-0.178285,-0.1455,42568
19107,false,q0,-12,0.916827,600,BLUE,1,-0.152824,0.171179,42568
19738,false,q1,12,0.916827,600,RED,1,-0.178285,-0.1455,42568
19740,false,q0,-12,0.916827,600,BLUE,1,-0.152824,0.171179,42568
20371,false,q1,12,0.916827,600,RED,1,-0.178285,-0.1455,42568
20373,false,q0,-12,0.916827,600,BLUE,1,-0.152824,0.171179,42568
21004,false,q1,12,0.916827,600,RED,1,-0.178285,-0.1455,42568
21006,false,q0,-12,0.916827,600,BLUE,1,-0.152824,0.171179,42568
21637,false,q1,12,0.916827,600,RED,1,-0.178285,-0.1455,42568
21639,false,q0,-12,0.916827,600,BLUE,1,-0.152824,0.171179,42568
22270,false,q1,12,0.916827,600,RED,1,-0.178285,-0.1455,42568
22272,false,q0,-12,0.916827,600,BLUE,1,-0.152824,0.171179,42568
22903,false,q1,12,0.916827,600,RED,1,-0.178285,-0.1455,42568
22905,false,q0,-12,0.916827,600,BLUE,1,-0.152824,0.171179,42568
23536,false,q1,12,0.916827,600,RED,1,-0.178285,-0.1455,42568
23538,false,q0,-12,0.916827,600,BLUE,1,-0.152824,0.171179,42568
24169,false,q1,12,0.916827,600,RED,1,-0.178285,-0.1455,42568
24171,false,q0,-12,0.916827,600,BLUE,1,-0.152824,0.171179,42568
24802,false,q1,12,0.916827,600,RED,1,-0.178285,-0.1455,42568
24806,false,q0,-12,0.916827,600,BLUE,2,-0.152824,0.171179,42568
25435,false,q1,12,0.916827,600,RED,1,-0.178285,-0.1455,42568
25439,false,q0,-12,0.916827,600,BLUE,1,-0.152824,0.171179,42568
26068,false,q1,12,0.916827,600,RED,1,-0.178285,-0.1455,42568
26072,false,q0,-12,0.916827,600,BLUE,1,-0.152824,0.171179,42568
26701,false,q1,12,0.916827,600,RED,1,-0.178285,-0.1455,42568
26705,false,q0,-12,0.916827,600,BLUE,1,-0.152824,0.171179,42568
27334,false,q1,12,0.916827,600,RED,1,-0.178285,-0.1455,42568
27340,false,q0,-12,0.916827,600,BLUE,2,-0.152824,0.171179,42568
27967,false,q1,12,0.916827,600,RED,1,-0.178285,-0.1455,42568
27973,false,q0,-12,0.916827,600,BLUE,1,-0.152824,0.171179,42568
28600,false,q1,12,0.916827,600,RED,1,-0.178285,-0.1455,42568
28606,false,q0,-12,0.916827,600,BLUE,1,-0.152824,0.171179,42568
29233,false,q1,12,0.916827,600,RED,1,-0.178285,-0.1455,42568
29239,false,q0,-12,0.916827,600,BLUE,1,-0.152824,0.171179,42568
29866,false,q1,12,0.916827,600,RED,1,-0.178285,-0.1455,42568
29872,false,q0,-12,0.916827,600,BLUE,1,-0.152824,0.171179,42568
30499,false,q1,12,0.916827,600,RED,1,-0.178285,-0.1455,42568
30505,false,q0,-12,0.916827,600,BLUE,1,-0.152824,0.171179,42568
31132,false,q1,12,0.916827,600,RED,1,-0.178285,-0.1455,42568
31138,false,q0,-12,0.916827,600,BLUE,1,-0.152824,0.171179,42568
31765,false,q1,12,0.916827,600,RED,1,-0.178285,-0.1455,42568
31771,false,q0,-12,0.916827,600,BLUE,1,-0.152824,0.171179,42568
32398,false,q1,12,0.916827,600,RED,1,-0.178285,-0.1455,42568
32404,false,q0,-12,0.916827,600,BLUE,1,-0.152824,0.171179,42568
33031,false,q1,12,0.916827,600,RED,1,-0.178285,-0.1455,42568
33037,false,q0,-12,0.916827,600,BLUE,1,-0.152824,0.171179,42568
33664,false,q1,12,0.916827,600,RED,1,-0.178285,-0.1455,42568
33670,false,q0,-12,0.916827,600,BLUE,1,-0.152824,0.171179,42568
34297,false,q1,12,0.916827,600,RED,1,-0.178285,-0.1455,42568
34303,false,q0,-12,0.916827,600,BLUE,1,-0.152824,0.171179,42568
34930,false,q1,12,0.916827,600,RED,1,-0.178285,-0.1455,42568
34936,false,q0,-12,0.916827,600,BLUE,1,-0.152824,0.171179,42568
35563,false,q1,12,0.916827,600,RED,1,-0.178285,-0.1455,42568
35571,false,q0,-12,0.916827,600,BLUE,2,-0.152824,0.171179,42568
36196,false,q1,12,0.916827,600,RED,1,-0.178285,-0.1455,42568
36204,false,q0,-12,0.916827,600,BLUE,1,-0.152824,0.171179,42568
36829,false,q1,12,0.916827,600,RED,1,-0.178285,-0.1455,42568
36837,false,q0,-12,0.916827,600,BLUE,1,-0.152824,0.171179,42568
37462,false,q1,12,0.916827,600,RED,1,-0.178285,-0.1455,42568
37470,false,q0,-12,0.916827,600,BLUE,1,-0.152824,0.171179,42568
38095,false,q1,12,0.916827,600,RED,1,-0.178285,-0.1455,42568
38146,false,q0,-12,0.916827,600,BLUE,43,-0.152824,0.171179,42568
38728,false,q1,12,0.916827,600,RED,1,-0.178285,-0.1455,42568
38779,false,q0,-12,0.916827,600,BLUE,1,-0.152824,0.171179,42568
39361,false,q1,12,0.916827,600,RED,1,-0.178285,-0.1455,42568
39412,false,q0,-12,0.916827,600,BLUE,1,-0.152824,0.171179,42568
39994,false,q1,12,0.916827,600,RED,1,-0.178285,-0.1455,42568
40045,false,q0,-12,0.916827,600,BLUE,1,-0.152824,0.171179,42568
40627,false,q1,12,0.916827,600,RED,1,-0.178285,-0.1455,42568
40678,false,q0,-12,0.916827,600,BLUE,1,-0.152824,0.171179,42568
41260,false,q1,12,0.916827,600,RED,1,-0.178285,-0.1455,42568
41313,false,q0,-12,0.916827,600,BLUE,2,-0.152824,0.171179,42568
41893,false,q1,12,0.916827,600,RED,1,-0.178285,-0.1455,42568
41946,false,q0,-12,0.916827,600,BLUE,1,-0.152824,0.171179,42568
42526,false,q1,12,0.916827,600,RED,1,-0.178285,-0.1455,42568
42579,false,q0,-12,0.916827,600,BLUE,1,-0.152824,0.171179,42568
43159,false,q1,12,0.916827,600,RED,1,-0.178285,-0.1455,42568
43216,false,q0,-12,0.916827,600,BLUE,3,-0.152824,0.171179,42568
43792,false,q1,12,0.916827,600,RED,1,-0.178285,-0.1455,42568
43849,false,q0,-12,0.916827,600,BLUE,1,-0.152824,0.171179,42568
44425,false,q1,12,0.916827,600,RED,1,-0.178285,-0.1455,42568
44482,false,q0,-12,0.916827,600,BLUE,1,-0.152824,0.171179,42568
45058,false,q1,12,0.916827,600,RED,1,-0.178285,-0.1455,42568
45115,false,q0,-12,0.916827,600,BLUE,1,-0.152824,0.171179,42568
45691,false,q1,12,0.916827,600,RED,1,-0.178285,-0.1455,42568
45748,false,q0,-12,0.916827,600,BLUE,1,-0.152824,0.171179,42568
46324,false,q1,12,0.916827,600,RED,1,-0.178285,-0.1455,42568
46381,false,q0,-12,0.916827,600,BLUE,1,-0.152824,0.171179,42568
46957,false,q1,12,0.916827,600,RED,1,-0.178285,-0.1455,42568
47014,false,q0,-12,0.916827,600,BLUE,1,-0.152824,0.171179,42568
47590,false,q1,12,0.916827,600,RED,1,-0.178285,-0.1455,42568
47647,false,q0,-12,0.916827,600,BLUE,1,-0.152824,0.171179,42568
48223,false,q1,12,0.916827,600,RED,1,-0.178285,-0.1455,42568
48280,false,q0,-12,0.916827,600,BLUE,1,-0.152824,0.171179,42568
48856,false,q1,12,0.916827,600,RED,1,-0.178285,-0.1455,42568
48913,false,q0,-12,0.916827,600,BLUE,1,-0.152824,0.171179,42568
49540,false,q1,12,0.916827,600,RED,51,-0.178285,-0.1455,42568
49546,false,q0,-12,0.916827,600,BLUE,1,-0.152824,0.171179,42568
50173,false,q1,12,0.916827,600,RED,1,-0.178285,-0.1455,42568
50181,false,q0,-12,0.916827,600,BLUE,2,-0.152824,0.171179,42568
50806,false,q1,12,0.916827,600,RED,1,-0.178285,-0.1455,42568
50814,false,q0,-12,0.916827,600,BLUE,1,-0.152824,0.171179,42568
51439,false,q1,12,0.916827,600,RED,1,-0.178285,-0.1455,42568
51447,false,q0,-12,0.916827,600,BLUE,1,-0.152824,0.171179,42568
52072,false,q1,12,0.916827,600,RED,1,-0.178285,-0.1455,42568
52080,false,q0,-12,0.916827,600,BLUE,1,-0.152824,0.171179,42568
52705,false,q1,12,0.916827,600,RED,1,-0.178285,-0.1455,42568
52713,false,q0,-12,0.916827,600,BLUE,1,-0.152824,0.171179,42568
53338,false,q1,12,0.916827,600,RED,1,-0.178285,-0.1455,42568
53346,false,q0,-12,0.916827,600,BLUE,1,-0.152824,0.171179,42568
53971,false,q1,12,0.916827,600,RED,1,-0.178285,-0.1455,42568
53979,false,q0,-12,0.916827,600,BLUE,1,-0.152824,0.171179,42568
54604,false,q1,12,0.916827,600,RED,1,-0.178285,-0.1455,42568
54612,false,q0,-12,0.916827,600,BLUE,1,-0.152824,0.171179,42568
55237,false,q1,12,0.916827,600,RED,1,-0.178285,-0.1455,42568
55245,false,q0,-12,0.916827,600,BLUE,1,-0.152824,0.171179,42568
55870,false,q1,12,0.916827,600,RED,1,-0.178285,-0.1455,42568
55878,false,q0,-12,0.916827,600,BLUE,1,-0.152824,0.171179,42568
56503,false,q1,12,0.916827,600,RED,1,-0.178285,-0.1455,42568
56511,false,q0,-12,0.916827,600,BLUE,1,-0.152824,0.171179,42568
57136,false,q1,12,0.916827,600,RED,1,-0.178285,-0.1455,42568
57144,false,q0,-12,0.916827,600,BLUE,1,-0.152824,0.171179,42568
57769,false,q1,12,0.916827,600,RED,1,-0.178285,-0.1455,42568
57777,false,q0,-12,0.916827,600,BLUE,1,-0.152824,0.171179,42568
58402,false,q1,12,0.916827,600,RED,1,-0.178285,-0.1455,42568
58410,false,q0,-12,0.916827,600,BLUE,1,-0.152824,0.171179,42568
59035,false,q1,12,0.916827,600,RED,1,-0.178285,-0.1455,42568
59043,false,q0,-12,0.916827,600,BLUE,1,-0.152824,0.171179,42568
59668,false,q1,12,0.916827,600,RED,1,-0.178285,-0.1455,42568
59676,false,q0,-12,0.916827,600,BLUE,1,-0.152824,0.171179,42568
60303,false,q1,12,0.916827,600,RED,2,-0.178285,-0.1455,42568
60309,false,q0,-12,0.916827,600,BLUE,1,-0.152824,0.171179,42568
60936,false,q1,12,0.916827,600,RED,1,-0.178285,-0.1455,42568
60942,false,q0,-12,0.916827,600,BLUE,1,-0.152824,0.171179,42568
61569,false,q1,12,0.916827,600,RED,1,-0.178285,-0.1455,42568
61575,false,q0,-12,0.916827,600,BLUE,1,-0.152824,0.171179,42568
62202,false,q1,12,0.916827,600,RED,1,-0.178285,-0.1455,42568
62208,false,q0,-12,0.916827,600,BLUE,1,-0.152824,0.171179,42568
62835,false,q1,12,0.916827,600,RED,1,-0.178285,-0.1455,42568
62841,false,q0,-12,0.916827,600,BLUE,1,-0.152824,0.171179,42568
63468,false,q1,12,0.916827,600,RED,1,-0.178285,-0.1455,42568
63474,false,q0,-12,0.916827,600,BLUE,1,-0.152824,0.171179,42568
64101,false,q1,12,0.916827,600,RED,1,-0.178285,-0.1455,42568
64107,false,q0,-12,0.916827,600,BLUE,1,-0.152824,0.171179,42568
64734,false,q1,12,0.916827,600,RED,1,-0.178285,-0.1455,42568
64740,false,q0,-12,0.916827,600,BLUE,1,-0.152824,0.171179,42568
65367,false,q1,12,0.916827,600,RED,1,-0.178285,-0.1455,42568
65373,false,q0,-12,0.916827,600,BLUE,1,-0.152824,0.171179,42568
66000,false,q1,12,0.916827,600,RED,1,-0.178285,-0.1455,42568
66006,false,q0,-12,0.916827,600,BLUE,1,-0.152824,0.171179,42568
66633,false,q1,12,0.916827,600,RED,1,-0.178285,-0.1455,42568
66639,false,q0,-12,0.916827,600,BLUE,1,-0.152824,0.171179,42568
67266,false,q1,12,0.916827,600,RED,1,-0.178285,-0.1455,42568
67272,false,q0,-12,0.916827,600,BLUE,1,-0.152824,0.171179,42568
67899,false,q1,12,0.916827,600,RED,1,-0.178285,-0.1455,42568
67909,false,q0,-12,0.916827,600,BLUE,3,-0.152824,0.171179,42568
68532,false,q1,12,0.916827,600,RED,1,-0.178285,-0.1455,42568
68542,false,q0,-12,0.916827,600,BLUE,1,-0.152824,0.171179,42568
69165,false,q1,12,0.916827,600,RED,1,-0.178285,-0.1455,42568
69175,false,q0,-12,0.916827,600,BLUE,1,-0.152824,0.171179,42568
69798,false,q1,12,0.916827,600,RED,1,-0.178285,-0.1455,42568
69808,false,q0,-12,0.916827,600,BLUE,1,-0.152824,0.171179,42568
70431,false,q1,12,0.916827,600,RED,1,-0.178285,-0.1455,42568
70441,false,q0,-12,0.916827,600,BLUE,1,-0.152824,0.171179,42568
71064,false,q1,12,0.916827,600,RED,1,-0.178285,-0.1455,42568
71074,false,q0,-12,0.916827,600,BLUE,1,-0.152824,0.171179,42568
71697,false,q1,12,0.916827,600,RED,1,-0.178285,-0.1455,42568
71707,false,q0,-12,0.916827,600,BLUE,1,-0.152824,0.171179,42568
72330,false,q1,12,0.916827,600,RED,1,-0.178285,-0.1455,42568
72340,false,q0,-12,0.916827,600,BLUE,1,-0.152824,0.171179,42568
72963,false,q1,12,0.916827,600,RED,1,-0.178285,-0.1455,42568
72973,false,q0,-12,0.916827,600,BLUE,1,-0.152824,0.171179,42568
73596,false,q1,12,0.916827,600,RED,1,-0.178285,-0.1455,42568
73606,false,q0,-12,0.916827,600,BLUE,1,-0.152824,0.171179,42568
74229,false,q1,12,0.916827,600,RED,1,-0.178285,-0.1455,42568
74239,false,q0,-12,0.916827,600,BLUE,1,-0.152824,0.171179,42568
74862,false,q1,12,0.916827,600,RED,1,-0.178285,-0.1455,42568
74872,false,q0,-12,0.916827,600,BLUE,1,-0.152824,0.171179,42568
75495,false,q1,12,0.916827,600,RED,1,-0.178285,-0.1455,42568
75505,false,q0,-12,0.916827,600,BLUE,1,-0.152824,0.171179,42568
76128,false,q1,12,0.916827,600,RED,1,-0.178285,-0.1455,42568
76138,false,q0,-12,0.916827,600,BLUE,1,-0.152824,0.171179,42568
76761,false,q1,12,0.916827,600,RED,1,-0.178285,-0.1455,42568
76771,false,q0,-12,0.916827,600,BLUE,1,-0.152824,0.171179,42568
77394,false,q1,12,0.916827,600,RED,1,-0.178285,-0.1455,42568
77447,false,q0,-12,0.916827,600,BLUE,43,-0.152824,0.171179,42568
78027,false,q1,12,0.916827,600,RED,1,-0.178285,-0.1455,42568
78080,false,q0,-12,0.916827,600,BLUE,1,-0.152824,0.171179,42568
78660,false,q1,12,0.916827,600,RED,1,-0.178285,-0.1455,42568
78713,false,q0,-12,0.916827,600,BLUE,1,-0.152824,0.171179,42568
79293,false,q1,12,0.916827,600,RED,1,-0.178285,-0.1455,42568
79346,false,q0,-12,0.916827,600,BLUE,1,-0.152824,0.171179,42568
79926,false,q1,12,0.916827,600,RED,1,-0.178285,-0.1455,42568
79979,false,q0,-12,0.916827,600,BLUE,1,-0.152824,0.171179,42568
80559,false,q1,12,0.916827,600,RED,1,-0.178285,-0.1455,42568
80612,false,q0,-12,0.916827,600,BLUE,1,-0.152824,0.171179,42568
81192,false,q1,12,0.916827,600,RED,1,-0.178285,-0.1455,42568
81245,false,q0,-12,0.916827,600,BLUE,1,-0.152824,0.171179,42568
81825,false,q1,12,0.916827,600,RED,1,-0.178285,-0.1455,42568
81878,false,q0,-12,0.916827,600,BLUE,1,-0.152824,0.171179,42568
82458,false,q1,12,0.916827,600,RED,1,-0.178285,-0.1455,42568
82511,false,q0,-12,0.916827,600,BLUE,1,-0.152824,0.171179,42568
83091,false,q1,12,0.916827,600,RED,1,-0.178285,-0.1455,42568
83144,false,q0,-12,0.916827,600,BLUE,1,-0.152824,0.171179,42568
83724,false,q1,12,0.916827,600,RED,1,-0.178285,-0.1455,42568
83777,false,q0,-12,0.916827,600,BLUE,1,-0.152824,0.171179,42568
84357,false,q1,12,0.916827,600,RED,1,-0.178285,-0.1455,42568
84410,false,q0,-12,0.916827,600,BLUE,1,-0.152824,0.171179,42568
84990,false,q1,12,0.916827,600,RED,1,-0.178285,-0.1455,42568
85043,false,q0,-12,0.916827,600,BLUE,1,-0.152824,0.171179,42568
85623,false,q1,12,0.916827,600,RED,1,-0.178285,-0.1455,42568
85676,false,q0,-12,0.916827,600,BLUE,1,-0.152824,0.171179,42568
86256,false,q1,12,0.916827,600,RED,1,-0.178285,-0.1455,42568
86309,false,q0,-12,0.916827,600,BLUE,1,-0.152824,0.171179,42568
86940,false,q1,12,0.916827,600,RED,51,-0.178285,-0.1455,42568
86942,false,q0,-12,0.916827,600,BLUE,1,-0.152824,0.171179,42568
87573,false,q1,12,0.916827,600,RED,1,-0.178285,-0.1455,42568
87575,false,q0,-12,0.916827,600,BLUE,1,-0.152824,0.171179,42568
88206,false,q1,12,0.916827,600,RED,1,-0.178285,-0.1455,42568
88208,false,q0,-12,0.916827,600,BLUE,1,-0.152824,0.171179,42568
88839,false,q1,12,0.916827,600,RED,1,-0.178285,-0.1455,42568
88841,false,q0,-12,0.916827,600,BLUE,1,-0.152824,0.171179,42568
89472,false,q1,12,0.916827,600,RED,1,-0.178285,-0.1455,42568
89474,false,q0,-12,0.916827,600,BLUE,1,-0.152824,0.171179,42568
90105,false,q1,12,0.916827,600,RED,1,-0.178285,-0.1455,42568
90107,false,q0,-12,0.916827,600,BLUE,1,-0.152824,0.171179,42568
90738,false,q1,12,0.916827,600,RED,1,-0.178285,-0.1455,42568
90740,false,q0,-12,0.916827,600,BLUE,1,-0.152824,0.171179,42568
91373,false,q1,12,0.916827,600,RED,2,-0.178285,-0.1455,42568
91373,false,q0,-12,0.916827,600,BLUE,1,-0.152824,0.171179,42568
92006,false,q1,12,0.916827,600,RED,1,-0.178285,-0.1455,42568
92006,false,q0,-12,0.916827,600,BLUE,1,-0.152824,0.171179,42568
92639,false,q1,12,0.916827,600,RED,1,-0.178285,-0.1455,42568
92639,false,q0,-12,0.916827,600,BLUE,1,-0.152824,0.171179,42568
93272,false,q1,12,0.916827,600,RED,1,-0.178285,-0.1455,42568
93272,false,q0,-12,0.916827,600,BLUE,1,-0.152824,0.171179,42568
93905,false,q1,12,0.916827,600,RED,1,-0.178285,-0.1455,42568
93905,false,q0,-12,0.916827,600,BLUE,1,-0.152824,0.171179,42568
94538,false,q1,12,0.916827,600,RED,1,-0.178285,-0.1455,42568
94538,false,q0,-12,0.916827,600,BLUE,1,-0.152824,0.171179,42568
95171,false,q1,12,0.916827,600,RED,1,-0.178285,-0.1455,42568
95171,false,q0,-12,0.916827,600,BLUE,1,-0.152824,0.171179,42568
95804,false,q0,-12,0.916827,600,BLUE,1,-0.152824,0.171179,42568
95806,false,q1,12,0.916827,600,RED,2,-0.178285,-0.1455,42568
96437,false,q0,-12,0.916827,600,BLUE,1,-0.152824,0.171179,42568
96439,false,q1,12,0.916827,600,RED,1,-0.178285,-0.1455,42568
97070,false,q0,-12,0.916827,600,BLUE,1,-0.152824,0.171179,42568
97072,false,q1,12,0.916827,600,RED,1,-0.178285,-0.1455,42568
97705,false,q1,12,0.916827,600,RED,1,-0.178285,-0.1455,42568
97705,false,q0,-12,0.916827,600,BLUE,2,-0.152824,0.171179,42568
98338,false,q1,12,0.916827,600,RED,1,-0.178285,-0.1455,42568
98338,false,q0,-12,0.916827,600,BLUE,1,-0.152824,0.171179,42568
98971,false,q1,12,0.916827,600,RED,1,-0.178285,-0.1455,42568
98973,false,q0,-12,0.916827,600,BLUE,2,-0.152824,0.171179,42568
99604,false,q1,12,0.916827,600,RED,1,-0.178285,-0.1455,42568
99606,false,q0,-12,0.916827,600,BLUE,1,-0.152824,0.171179,42568
52,false,q1,0,0.5,600,RED,1,-0.178285,-0.1455,60765
60,false,q0,0,0.5,600,BLUE,5,-0.152824,0.171179,60765
685,false,q1,1,0.549834,600,RED,1,-0.178285,-0.1455,60765
740,false,q0,-1,0.549834,600,BLUE,45,-0.152824,0.171179,60765
1318,false,q1,2,0.598688,600,RED,1,-0.178285,-0.1455,60765
1379,false,q0,-2,0.598688,600,BLUE,4,-0.152824,0.171179,60765
1951,false,q1,3,0.645656,600,RED,1,-0.178285,-0.1455,60765
2012,false,q0,-3,0.645656,600,BLUE,1,-0.152824,0.171179,60765
2584,false,q1,4,0.689974,600,RED,1,-0.178285,-0.1455,60765
2661,false,q0,-4,0.689974,600,BLUE,9,-0.152824,0.171179,60765
3217,false,q1,5,0.731059,600,RED,1,-0.178285,-0.1455,60765
3294,false,q0,-5,0.731059,600,BLUE,1,-0.152824,0.171179,60765
3850,false,q1,6,0.768525,600,RED,1,-0.178285,-0.1455,60765
3927,false,q0,-6,0.768525,600,BLUE,1,-0.152824,0.171179,60765
4487,false,q1,7,0.802184,600,RED,3,-0.178285,-0.1455,60765
4560,false,q0,-7,0.802184,600,BLUE,1,-0.152824,0.171179,60765
5122,false,q1,8,0.832018,600,RED,2,-0.178285,-0.1455,60765
5193,false,q0,-8,0.832018,600,BLUE,1,-0.152824,0.171179,60765
5755,false,q1,9,0.858149,600,RED,1,-0.178285,-0.1455,60765
5826,false,q0,-9,0.858149,600,BLUE,1,-0.152824,0.171179,60765
6388,false,q1,10,0.880797,600,RED,1,-0.178285,-0.1455,60765
6459,false,q0,-10,0.880797,600,BLUE,1,-0.152824,0.171179,60765
7021,false,q1,11,0.90025,600,RED,1,-0.178285,-0.1455,60765
7094,false,q0,-11,0.90025,600,BLUE,2,-0.152824,0.171179,60765
7656,false,q1,12,0.916827,600,RED,2,-0.178285,-0.1455,60765
7727,false,q0,-12,0.916827,600,BLUE,1,-0.152824,0.171179,60765
8289,false,q1,12,0.916827,600,RED,1,-0.178285,-0.1455,60765
8360,false,q0,-12,0.916827,600,BLUE,1,-0.152824,0.171179,60765
8922,false,q1,12,0.916827,600,RED,1,-0.178285,-0.1455,60765
8995,false,q0,-12,0.916827,600,BLUE,2,-0.152824,0.171179,60765
9555,false,q1,12,0.916827,600,RED,1,-0.178285,-0.1455,60765
9628,false,q0,-12,0.916827,600,BLUE,1,-0.152824,0.171179,60765
10188,false,q1,12,0.916827,600,RED,1,-0.178285,-0.1455,60765
10261,false,q0,-12,0.916827,600,BLUE,1,-0.152824,0.171179,60765
10821,false,q1,12,0.916827,600,RED,1,-0.178285,-0.1455,60765
10896,false,q0,-12,0.916827,600,BLUE,2,-0.152824,0.171179,60765
11454,false,q1,12,0.916827,600,RED,1,-0.178285,-0.1455,60765
11529,false,q0,-12,0.916827,600,BLUE,1,-0.152824,0.171179,60765
12087,false,q1,12,0.916827,600,RED,1,-0.178285,-0.1455,60765
12162,false,q0,-12,0.916827,600,BLUE,1,-0.152824,0.171179,60765
12771,false,q1,12,0.916827,600,RED,51,-0.178285,-0.1455,60765
12795,false,q0,-12,0.916827,600,BLUE,1,-0.152824,0.171179,60765
13408,false,q1,12,0.916827,600,RED,3,-0.178285,-0.1455,60765
13428,false,q0,-12,0.916827,600,BLUE,1,-0.152824,0.171179,60765
14041,false,q1,12,0.916827,600,RED,1,-0.178285,-0.1455,60765
14061,false,q0,-12,0.916827,600,BLUE,1,-0.152824,0.171179,60765
14674,false,q1,12,0.916827,600,RED,1,-0.178285,-0.1455,60765
14694,false,q0,-12,0.916827,600,BLUE,1,-0.152824,0.171179,60765
15307,false,q1,12,0.916827,600,RED,1,-0.178285,-0.1455,60765
15327,false,q0,-12,0.916827,600,BLUE,1,-0.152824,0.171179,60765
15940,false,q1,12,0.916827,600,RED,1,-0.178285,-0.1455,60765
15960,false,q0,-12,0.916827,600,BLUE,1,-0.152824,0.171179,60765
16575,false,q1,12,0.916827,600,RED,2,-0.178285,-0.1455,60765
16595,false,q0,-12,0.916827,600,BLUE,2,-0.152824,0.171179,60765
17208,false,q1,12,0.916827,600,RED,1,-0.178285,-0.1455,60765
17228,false,q0,-12,0.916827,600,BLUE,1,-0.152824,0.171179,60765
17843,false,q1,12,0.916827,600,RED,2,-0.178285,-0.1455,60765
17861,false,q0,-12,0.916827,600,BLUE,1,-0.152824,0.171179,60765
18476,false,q1,12,0.916827,600,RED,1,-0.178285,-0.1455,60765
18494,false,q0,-12,0.916827,600,BLUE,1,-0.152824,0.171179,60765
19109,false,q1,12,0.916827,600,RED,1,-0.178285,-0.1455,60765
19127,false,q0,-12,0.916827,600,BLUE,1,-0.152824,0.171179,60765
19742,false,q1,12,0.916827,600,RED,1,-0.178285,-0.1455,60765
19760,false,q0,-12,0.916827,600,BLUE,1,-0.152824,0.171179,60765
20375,false,q1,12,0.916827,600,RED,1,-0.178285,-0.1455,60765
20393,false,q0,-12,0.916827,600,BLUE,1,-0.152824,0.171179,60765
21008,false,q1,12,0.916827,600,RED,1,-0.178285,-0.1455,60765
21026,false,q0,-12,0.916827,600,BLUE,1,-0.152824,0.171179,60765
21641,false,q1,12,0.916827,600,RED,1,-0.178285,-0.1455,60765
21659,false,q0,-12,0.916827,600,BLUE,1,-0.152824,0.171179,60765
22276,false,q1,12,0.916827,600,RED,2,-0.178285,-0.1455,60765
22292,false,q0,-12,0.916827,600,BLUE,1,-0.152824,0.171179,60765
22911,false,q1,12,0.916827,600,RED,2,-0.178285,-0.1455,60765
22925,false,q0,-12,0.916827,600,BLUE,1,-0.152824,0.171179,60765
23544,false,q1,12,0.916827,600,RED,1,-0.178285,-0.1455,60765
23558,false,q0,-12,0.916827,600,BLUE,1,-0.152824,0.171179,60765
24177,false,q1,12,0.916827,600,RED,1,-0.178285,-0.1455,60765
24191,false,q0,-12,0.916827,600,BLUE,1,-0.152824,0.171179,60765
24810,false,q1,12,0.916827,600,RED,1,-0.178285,-0.1455,60765
24826,false,q0,-12,0.916827,600,BLUE,2,-0.152824,0.171179,60765
25443,false,q1,12,0.916827,600,RED,1,-0.178285,-0.1455,60765
25459,false,q0,-12,0.916827,600,BLUE,1,-0.152824,0.171179,60765
26078,false,q1,12,0.916827,600,RED,2,-0.178285,-0.1455,60765
26092,false,q0,-12,0.916827,600,BLUE,1,-0.152824,0.171179,60765
26711,false,q1,12,0.916827,600,RED,1,-0.178285,-0.1455,60765
26725,false,q0,-12,0.916827,600,BLUE,1,-0.152824,0.171179,60765
27344,false,q1,12,0.916827,600,RED,1,-0.178285,-0.1455,60765
27358,false,q0,-12,0.916827,600,BLUE,1,-0.152824,0.171179,60765
27977,false,q1,12,0.916827,600,RED,1,-0.178285,-0.1455,60765
27991,false,q0,-12,0.916827,600,BLUE,1,-0.152824,0.171179,60765
28610,false,q1,12,0.916827,600,RED,1,-0.178285,-0.1455,60765
28624,false,q0,-12,0.916827,600,BLUE,1,-0.152824,0.171179,60765
29243,false,q1,12,0.916827,600,RED,1,-0.178285,-0.1455,60765
29257,false,q0,-12,0.916827,600,BLUE,1,-0.152824,0.171179,60765
29878,false,q1,12,0.916827,600,RED,2,-0.178285,-0.1455,60765
29890,false,q0,-12,0.916827,600,BLUE,1,-0.152824,0.171179,60765
30511,false,q1,12,0.916827,600,RED,1,-0.178285,-0.1455,60765
30523,false,q0,-12,0.916827,600,BLUE,1,-0.152824,0.171179,60765
31144,false,q1,12,0.916827,600,RED,1,-0.178285,-0.1455,60765
31156,false,q0,-12,0.916827,600,BLUE,1,-0.152824,0.171179,60765
31777,false,q1,12,0.916827,600,RED,1,-0.178285,-0.1455,60765
31789,false,q0,-12,0.916827,600,BLUE,1,-0.152824,0.171179,60765
32410,false,q1,12,0.916827,600,RED,1,-0.178285,-0.1455,60765
32467,false,q0,-12,0.916827,600,BLUE,44,-0.152824,0.171179,60765
33043,false,q1,12,0.916827,600,RED,1,-0.178285,-0.1455,60765
33102,false,q0,-12,0.916827,600,BLUE,2,-0.152824,0.171179,60765
33676,false,q1,12,0.916827,600,RED,1,-0.178285,-0.1455,60765
33735,false,q0,-12,0.916827,600,BLUE,1,-0.152824,0.171179,60765
34309,false,q1,12,0.916827,600,RED,1,-0.178285,-0.1455,60765
34368,false,q0,-12,0.916827,600,BLUE,1,-0.152824,0.171179,60765
34942,false,q1,12,0.916827,600,RED,1,-0.178285,-0.1455,60765
35001,false,q0,-12,0.916827,600,BLUE,1,-0.152824,0.171179,60765
35575,false,q1,12,0.916827,600,RED,1,-0.178285,-0.1455,60765
35636,false,q0,-12,0.916827,600,BLUE,2,-0.152824,0.171179,60765
36208,false,q1,12,0.916827,600,RED,1,-0.178285,-0.1455,60765
36269,false,q0,-12,0.916827,600,BLUE,1,-0.152824,0.171179,60765
36841,false,q1,12,0.916827,600,RED,1,-0.178285,-0.1455,60765
36902,false,q0,-12,0.916827,600,BLUE,1,-0.152824,0.171179,60765
37474,false,q1,12,0.916827,600,RED,1,-0.178285,-0.1455,60765
37535,false,q0,-12,0.916827,600,BLUE,1,-0.152824,0.171179,60765
38107,false,q1,12,0.916827,600,RED,1,-0.178285,-0.1455,60765
38168,false,q0,-12,0.916827,600,BLUE,1,-0.152824,0.171179,60765
38742,false,q1,12,0.916827,600,RED,2,-0.178285,-0.1455,60765
38801,false,q0,-12,0.916827,600,BLUE,1,-0.152824,0.171179,60765
39375,false,q1,12,0.916827,600,RED,1,-0.178285,-0.1455,60765
39434,false,q0,-12,0.916827,600,BLUE,1,-0.152824,0.171179,60765
40008,false,q1,12,0.916827,600,RED,1,-0.178285,-0.1455,60765
40069,false,q0,-12,0.916827,600,BLUE,2,-0.152824,0.171179,60765
40641,false,q1,12,0.916827,600,RED,1,-0.178285,-0.1455,60765
40702,false,q0,-12,0.916827,600,BLUE,1,-0.152824,0.171179,60765
41274,false,q1,12,0.916827,600,RED,1,-0.178285,-0.1455,60765
41337,false,q0,-12,0.916827,600,BLUE,2,-0.152824,0.171179,60765
41907,false,q1,12,0.916827,600,RED,1,-0.178285,-0.1455,60765
41970,false,q0,-12,0.916827,600,BLUE,1,-0.152824,0.171179,60765
42540,false,q1,12,0.916827,600,RED,1,-0.178285,-0.1455,60765
42603,false,q0,-12,0.916827,600,BLUE,1,-0.152824,0.171179,60765
43173,false,q1,12,0.916827,600,RED,1,-0.178285,-0.1455,60765
43236,false,q0,-12,0.916827,600,BLUE,1,-0.152824,0.171179,60765
43806,false,q1,12,0.916827,600,RED,1,-0.178285,-0.1455,60765
43869,false,q0,-12,0.916827,600,BLUE,1,-0.152824,0.171179,60765
44439,false,q1,12,0.916827,600,RED,1,-0.178285,-0.1455,60765
44502,false,q0,-12,0.916827,600,BLUE,1,-0.152824,0.171179,60765
45123,false,q1,12,0.916827,600,RED,51,-0.178285,-0.1455,60765
45135,false,q0,-12,0.916827,600,BLUE,1,-0.152824,0.171179,60765
45756,false,q1,12,0.916827,600,RED,1,-0.178285,-0.1455,60765
45768,false,q0,-12,0.916827,600,BLUE,1,-0.152824,0.171179,60765
46389,false,q1,12,0.916827,600,RED,1,-0.178285,-0.1455,60765
46401,false,q0,-12,0.916827,600,BLUE,1,-0.152824,0.171179,60765
47022,false,q1,12,0.916827,600,RED,1,-0.178285,-0.1455,60765
47034,false,q0,-12,0.916827,600,BLUE,1,-0.152824,0.171179,60765
47655,false,q1,12,0.916827,600,RED,1,-0.178285,-0.1455,60765
47667,false,q0,-12,0.916827,600,BLUE,1,-0.152824,0.171179,60765
48288,false,q1,12,0.916827,600,RED,1,-0.178285,-0.1455,60765
48300,false,q0,-12,0.916827,600,BLUE,1,-0.152824,0.171179,60765
48923,false,q1,12,0.916827,600,RED,2,-0.178285,-0.1455,60765
48933,false,q0,-12,0.916827,600,BLUE,1,-0.152824,0.171179,60765
49556,false,q1,12,0.916827,600,RED,1,-0.178285,-0.1455,60765
49566,false,q0,-12,0.916827,600,BLUE,1,-0.152824,0.171179,60765
50189,false,q1,12,0.916827,600,RED,1,-0.178285,-0.1455,60765
50199,false,q0,-12,0.916827,600,BLUE,1,-0.152824,0.171179,60765
50822,false,q1,12,0.916827,600,RED,1,-0.178285,-0.1455,60765
50832,false,q0,-12,0.916827,600,BLUE,1,-0.152824,0.171179,60765
51455,false,q1,12,0.916827,600,RED,1,-0.178285,-0.1455,60765
51465,false,q0,-12,0.916827,600,BLUE,1,-0.152824,0.171179,60765
52088,false,q1,12,0.916827,600,RED,1,-0.178285,-0.1455,60765
52098,false,q0,-12,0.916827,600,BLUE,1,-0.152824,0.171179,60765
52721,false,q1,12,0.916827,600,RED,1,-0.178285,-0.1455,60765
52731,false,q0,-12,0.916827,600,BLUE,1,-0.152824,0.171179,60765
53354,false,q1,12,0.916827,600,RED,1,-0.178285,-0.1455,60765
53364,false,q0,-12,0.916827,600,BLUE,1,-0.152824,0.171179,60765
53987,false,q1,12,0.916827,600,RED,1,-0.178285,-0.1455,60765
53997,false,q0,-12,0.916827,600,BLUE,1,-0.152824,0.171179,60765
54620,false,q1,12,0.916827,600,RED,1,-0.178285,-0.1455,60765
54630,false,q0,-12,0.916827,600,BLUE,1,-0.152824,0.171179,60765
55253,false,q1,12,0.916827,600,RED,1,-0.178285,-0.1455,60765
55263,false,q0,-12,0.916827,600,BLUE,1,-0.152824,0.171179,60765
55888,false,q1,12,0.916827,600,RED,2,-0.178285,-0.1455,60765
55896,false,q0,-12,0.916827,600,BLUE,1,-0.152824,0.171179,60765
56521,false,q1,12,0.916827,600,RED,1,-0.178285,-0.1455,60765
56529,false,q0,-12,0.916827,600,BLUE,1,-0.152824,0.171179,60765
57154,false,q1,12,0.916827,600,RED,1,-0.178285,-0.1455,60765
57162,false,q0,-12,0.916827,600,BLUE,1,-0.152824,0.171179,60765
57787,false,q1,12,0.916827,600,RED,1,-0.178285,-0.1455,60765
57795,false,q0,-12,0.916827,600,BLUE,1,-0.152824,0.171179,60765
58422,false,q1,12,0.916827,600,RED,2,-0.178285,-0.1455,60765
58428,false,q0,-12,0.916827,600,BLUE,1,-0.152824,0.171179,60765
59055,false,q1,12,0.916827,600,RED,1,-0.178285,-0.1455,60765
59061,false,q0,-12,0.916827,600,BLUE,1,-0.152824,0.171179,60765
59688,false,q1,12,0.916827,600,RED,1,-0.178285,-0.1455,60765
59694,false,q0,-12,0.916827,600,BLUE,1,-0.152824,0.171179,60765
60321,false,q1,12,0.916827,600,RED,1,-0.178285,-0.1455,60765
60327,false,q0,-12,0.916827,600,BLUE,1,-0.152824,0.171179,60765
60954,false,q1,12,0.916827,600,RED,1,-0.178285,-0.1455,60765
60960,false,q0,-12,0.916827,600,BLUE,1,-0.152824,0.171179,60765
61587,false,q1,12,0.916827,600,RED,1,-0.178285,-0.1455,60765
61593,false,q0,-12,0.916827,600,BLUE,1,-0.152824,0.171179,60765
62220,false,q1,12,0.916827,600,RED,1,-0.178285,-0.1455,60765
62226,false,q0,-12,0.916827,600,BLUE,1,-0.152824,0.171179,60765
62853,false,q1,12,0.916827,600,RED,1,-0.178285,-0.1455,60765
62859,false,q0,-12,0.916827,600,BLUE,1,-0.152824,0.171179,60765
63486,false,q1,12,0.916827,600,RED,1,-0.178285,-0.1455,60765
63492,false,q0,-12,0.916827,600,BLUE,1,-0.152824,0.171179,60765
64119,false,q1,12,0.916827,600,RED,1,-0.178285,-0.1455,60765
64129,false,q0,-12,0.916827,600,BLUE,3,-0.152824,0.171179,60765
64752,false,q1,12,0.916827,600,RED,1,-0.178285,-0.1455,60765
64762,false,q0,-12,0.916827,600,BLUE,1,-0.152824,0.171179,60765
65385,false,q1,12,0.916827,600,RED,1,-0.178285,-0.1455,60765
65399,false,q0,-12,0.916827,600,BLUE,3,-0.152824,0.171179,60765
66018,false,q1,12,0.916827,600,RED,1,-0.178285,-0.1455,60765
66032,false,q0,-12,0.916827,600,BLUE,1,-0.152824,0.171179,60765
66651,false,q1,12,0.916827,600,RED,1,-0.178285,-0.1455,60765
66665,false,q0,-12,0.916827,600,BLUE,1,-0.152824,0.171179,60765
67284,false,q1,12,0.916827,600,RED,1,-0.178285,-0.1455,60765
67300,false,q0,-12,0.916827,600,BLUE,2,-0.152824,0.171179,60765
67917,false,q1,12,0.916827,600,RED,1,-0.178285,-0.1455,60765
67933,false,q0,-12,0.916827,600,BLUE,1,-0.152824,0.171179,60765
68552,false,q1,12,0.916827,600,RED,2,-0.178285,-0.1455,60765
68566,false,q0,-12,0.916827,600,BLUE,1,-0.152824,0.171179,60765
69185,false,q1,12,0.916827,600,RED,1,-0.178285,-0.1455,60765
69199,false,q0,-12,0.916827,600,BLUE,1,-0.152824,0.171179,60765
69818,false,q1,12,0.916827,600,RED,1,-0.178285,-0.1455,60765
69875,false,q0,-12,0.916827,600,BLUE,43,-0.152824,0.171179,60765
70451,false,q1,12,0.916827,600,RED,1,-0.178285,-0.1455,60765
70508,false,q0,-12,0.916827,600,BLUE,1,-0.152824,0.171179,60765
71084,false,q1,12,0.916827,600,RED,1,-0.178285,-0.1455,60765
71141,false,q0,-12,0.916827,600,BLUE,1,-0.152824,0.171179,60765
71717,false,q1,12,0.916827,600,RED,1,-0.178285,-0.1455,60765
71774,false,q0,-12,0.916827,600,BLUE,1,-0.152824,0.171179,60765
72350,false,q1,12,0.916827,600,RED,1,-0.178285,-0.1455,60765
72407,false,q0,-12,0.916827,600,BLUE,1,-0.152824,0.171179,60765
72983,false,q1,12,0.916827,600,RED,1,-0.178285,-0.1455,60765
73040,false,q0,-12,0.916827,600,BLUE,1,-0.152824,0.171179,60765
73616,false,q1,12,0.916827,600,RED,1,-0.178285,-0.1455,60765
73673,false,q0,-12,0.916827,600,BLUE,1,-0.152824,0.171179,60765
74249,false,q1,12,0.916827,600,RED,1,-0.178285,-0.1455,60765
74306,false,q0,-12,0.916827,600,BLUE,1,-0.152824,0.171179,60765
74882,false,q1,12,0.916827,600,RED,1,-0.178285,-0.1455,60765
74939,false,q0,-12,0.916827,600,BLUE,1,-0.152824,0.171179,60765
75515,false,q1,12,0.916827,600,RED,1,-0.178285,-0.1455,60765
75572,false,q0,-12,0.916827,600,BLUE,1,-0.152824,0.171179,60765
76148,false,q1,12,0.916827,600,RED,1,-0.178285,-0.1455,60765
76205,false,q0,-12,0.916827,600,BLUE,1,-0.152824,0.171179,60765
76783,false,q1,12,0.916827,600,RED,2,-0.178285,-0.1455,60765
76838,false,q0,-12,0.916827,600,BLUE,1,-0.152824,0.171179,60765
77416,false,q1,12,0.916827,600,RED,1,-0.178285,-0.1455,60765
77471,false,q0,-12,0.916827,600,BLUE,1,-0.152824,0.171179,60765
78049,false,q1,12,0.916827,600,RED,1,-0.178285,-0.1455,60765
78104,false,q0,-12,0.916827,600,BLUE,1,-0.152824,0.171179,60765
78682,false,q1,12,0.916827,600,RED,1,-0.178285,-0.1455,60765
78737,false,q0,-12,0.916827,600,BLUE,1,-0.152824,0.171179,60765
79315,false,q1,12,0.916827,600,RED,1,-0.178285,-0.1455,60765
79370,false,q0,-12,0.916827,600,BLUE,1,-0.152824,0.171179,60765
79999,false,q1,12,0.916827,600,RED,51,-0.178285,-0.1455,60765
80003,false,q0,-12,0.916827,600,BLUE,1,-0.152824,0.171179,60765
80632,false,q1,12,0.916827,600,RED,1,-0.178285,-0.1455,60765
80638,false,q0,-12,0.916827,600,BLUE,2,-0.152824,0.171179,60765
81265,false,q1,12,0.916827,600,RED,1,-0.178285,-0.1455,60765
81271,false,q0,-12,0.916827,600,BLUE,1,-0.152824,0.171179,60765
81898,false,q1,12,0.916827,600,RED,1,-0.178285,-0.1455,60765
81904,false,q0,-12,0.916827,600,BLUE,1,-0.152824,0.171179,60765
82531,false,q1,12,0.916827,600,RED,1,-0.178285,-0.1455,60765
82537,false,q0,-12,0.916827,600,BLUE,1,-0.152824,0.171179,60765
83164,false,q1,12,0.916827,600,RED,1,-0.178285,-0.1455,60765
83172,false,q0,-12,0.916827,600,BLUE,2,-0.152824,0.171179,60765
83797,false,q1,12,0.916827,600,RED,1,-0.178285,-0.1455,60765
83805,false,q0,-12,0.916827,600,BLUE,1,-0.152824,0.171179,60765
84430,false,q1,12,0.916827,600,RED,1,-0.178285,-0.1455,60765
84438,false,q0,-12,0.916827,600,BLUE,1,-0.152824,0.171179,60765
85063,false,q1,12,0.916827,600,RED,1,-0.178285,-0.1455,60765
85071,false,q0,-12,0.916827,600,BLUE,1,-0.152824,0.171179,60765
85696,false,q1,12,0.916827,600,RED,1,-0.178285,-0.1455,60765
85704,false,q0,-12,0.916827,600,BLUE,1,-0.152824,0.171179,60765
86329,false,q1,12,0.916827,600,RED,1,-0.178285,-0.1455,60765
86339,false,q0,-12,0.916827,600,BLUE,2,-0.152824,0.171179,60765
86962,false,q1,12,0.916827,600,RED,1,-0.178285,-0.1455,60765
86972,false,q0,-12,0.916827,600,BLUE,1,-0.152824,0.171179,60765
87595,false,q1,12,0.916827,600,RED,1,-0.178285,-0.1455,60765
87607,false,q0,-12,0.916827,600,BLUE,2,-0.152824,0.171179,60765
88230,false,q1,12,0.916827,600,RED,2,-0.178285,-0.1455,60765
88240,false,q0,-12,0.916827,600,BLUE,1,-0.152824,0.171179,60765
88863,false,q1,12,0.916827,600,RED,1,-0.178285,-0.1455,60765
88873,false,q0,-12,0.916827,600,BLUE,1,-0.152824,0.171179,60765
89496,false,q1,12,0.916827,600,RED,1,-0.178285,-0.1455,60765
89506,false,q0,-12,0.916827,600,BLUE,1,-0.152824,0.171179,60765
90129,false,q1,12,0.916827,600,RED,1,-0.178285,-0.1455,60765
90139,false,q0,-12,0.916827,600,BLUE,1,-0.152824,0.171179,60765
90762,false,q1,12,0.916827,600,RED,1,-0.178285,-0.1455,60765
90772,false,q0,-12,0.916827,600,BLUE,1,-0.152824,0.171179,60765
91395,false,q1,12,0.916827,600,RED,1,-0.178285,-0.1455,60765
91405,false,q0,-12,0.916827,600,BLUE,1,-0.152824,0.171179,60765
92028,false,q1,12,0.916827,600,RED,1,-0.178285,-0.1455,60765
92038,false,q0,-12,0.916827,600,BLUE,1,-0.152824,0.171179,60765
92661,false,q1,12,0.916827,600,RED,1,-0.178285,-0.1455,60765
92671,false,q0,-12,0.916827,600,BLUE,1,-0.152824,0.171179,60765
93294,false,q1,12,0.916827,600,RED,1,-0.178285,-0.1455,60765
93304,false,q0,-12,0.916827,600,BLUE,1,-0.152824,0.171179,60765
93927,false,q1,12,0.916827,600,RED,1,-0.178285,-0.1455,60765
93939,false,q0,-12,0.916827,600,BLUE,2,-0.152824,0.171179,60765
94560,false,q1,12,0.916827,600,RED,1,-0.178285,-0.1455,60765
94572,false,q0,-12,0.916827,600,BLUE,1,-0.152824,0.171179,60765
95193,false,q1,12,0.916827,600,RED,1,-0.178285,-0.1455,60765
95205,false,q0,-12,0.916827,600,BLUE,1,-0.152824,0.171179,60765
95826,false,q1,12,0.916827,600,RED,1,-0.178285,-0.1455,60765
95840,false,q0,-12,0.916827,600,BLUE,2,-0.152824,0.171179,60765
96459,false,q1,12,0.916827,600,RED,1,-0.178285,-0.1455,60765
96473,false,q0,-12,0.916827,600,BLUE,1,-0.152824,0.171179,60765
97092,false,q1,12,0.916827,600,RED,1,-0.178285,-0.1455,60765
97106,false,q0,-12,0.916827,600,BLUE,1,-0.152824,0.171179,60765
97725,false,q1,12,0.916827,600,RED,1,-0.178285,-0.1455,60765
97739,false,q0,-12,0.916827,600,BLUE,1,-0.152824,0.171179,60765
98358,false,q1,12,0.916827,600,RED,1,-0.178285,-0.1455,60765
98372,false,q0,-12,0.916827,600,BLUE,1,-0.152824,0.171179,60765
98991,false,q1,12,0.916827,600,RED,1,-0.178285,-0.1455,60765
99005,false,q0,-12,0.916827,600,BLUE,1,-0.152824,0.171179,60765
99624,false,q1,12,0.916827,600,RED,1,-0.178285,-0.1455,60765
99638,false,q0,-12,0.916827,600,BLUE,1,-0.152824,0.171179,60765
52,false,q1,0,0.5,600,RED,1,-0.178285,-0.1455,23373
52,false,q0,0,0.5,600,BLUE,1,-0.152824,0.171179,23373
685,false,q1,1,0.549834,600,RED,1,-0.178285,-0.1455,23373
685,false,q0,-1,0.549834,600,BLUE,1,-0.152824,0.171179,23373
1320,false,q0,-2,0.598688,600,BLUE,2,-0.152824,0.171179,23373
1326,false,q1,2,0.598688,600,RED,5,-0.178285,-0.1455,23373
1955,false,q0,-3,0.645656,600,BLUE,2,-0.152824,0.171179,23373
1959,false,q1,3,0.645656,600,RED,1,-0.178285,-0.1455,23373
2596,false,q1,4,0.689974,600,RED,3,-0.178285,-0.1455,23373
2631,false,q0,-4,0.689974,600,BLUE,43,-0.152824,0.171179,23373
3229,false,q1,5,0.731059,600,RED,1,-0.178285,-0.1455,23373
3266,false,q0,-5,0.731059,600,BLUE,2,-0.152824,0.171179,23373
3862,false,q1,6,0.768525,600,RED,1,-0.178285,-0.1455,23373
3899,false,q0,-6,0.768525,600,BLUE,1,-0.152824,0.171179,23373
4495,false,q1,7,0.802184,600,RED,1,-0.178285,-0.1455,23373
4532,false,q0,-7,0.802184,600,BLUE,1,-0.152824,0.171179,23373
5128,false,q1,8,0.832018,600,RED,1,-0.178285,-0.1455,23373
5165,false,q0,-8,0.832018,600,BLUE,1,-0.152824,0.171179,23373
5761,false,q1,9,0.858149,600,RED,1,-0.178285,-0.1455,23373
5798,false,q0,-9,0.858149,600,BLUE,1,-0.152824,0.171179,23373
6394,false,q1,10,0.880797,600,RED,1,-0.178285,-0.1455,23373
6431,false,q0,-10,0.880797,600,BLUE,1,-0.152824,0.171179,23373
7027,false,q1,11,0.90025,600,RED,1,-0.178285,-0.1455,23373
7064,false,q0,-11,0.90025,600,BLUE,1,-0.152824,0.171179,23373
7662,false,q1,12,0.916827,600,RED,2,-0.178285,-0.1455,23373
7697,false,q0,-12,0.916827,600,BLUE,1,-0.152824,0.171179,23373
8295,false,q1,12,0.916827,600,RED,1,-0.178285,-0.1455,23373
8330,false,q0,-12,0.916827,600,BLUE,1,-0.152824,0.171179,23373
8928,false,q1,12,0.916827,600,RED,1,-0.178285,-0.1455,23373
8963,false,q0,-12,0.916827,600,BLUE,1,-0.152824,0.171179,23373
9561,false,q1,12,0.916827,600,RED,1,-0.178285,-0.1455,23373
9596,false,q0,-12,0.916827,600,BLUE,1,-0.152824,0.171179,23373
10194,false,q1,12,0.916827,600,RED,1,-0.178285,-0.1455,23373
10229,false,q0,-12,0.916827,600,BLUE,1,-0.152824,0.171179,23373
10862,false,q0,-12,0.916827,600,BLUE,1,-0.152824,0.171179,23373
10878,false,q1,12,0.916827,600,RED,51,-0.178285,-0.1455,23373
11495,false,q0,-12,0.916827,600,BLUE,1,-0.152824,0.171179,23373
11511,false,q1,12,0.916827,600,RED,1,-0.178285,-0.1455,23373
12128,false,q0,-12,0.916827,600,BLUE,1,-0.152824,0.171179,23373
12144,false,q1,12,0.916827,600,RED,1,-0.178285,-0.1455,23373
12761,false,q0,-12,0.916827,600,BLUE,1,-0.152824,0.171179,23373
12777,false,q1,12,0.916827,600,RED,1,-0.178285,-0.1455,23373
13394,false,q0,-12,0.916827,600,BLUE,1,-0.152824,0.171179,23373
13410,false,q1,12,0.916827,600,RED,1,-0.178285,-0.1455,23373
14027,false,q0,-12,0.916827,600,BLUE,1,-0.152824,0.171179,23373
14043,false,q1,12,0.916827,600,RED,1,-0.178285,-0.1455,23373
14660,false,q0,-12,0.916827,600,BLUE,1,-0.152824,0.171179,23373
14676,false,q1,12,0.916827,600,RED,1,-0.178285,-0.1455,23373
15293,false,q0,-12,0.916827,600,BLUE,1,-0.152824,0.171179,23373
15309,false,q1,12,0.916827,600,RED,1,-0.178285,-0.1455,23373
15926,false,q0,-12,0.916827,600,BLUE,1,-0.152824,0.171179,23373
15942,false,q1,12,0.916827,600,RED,1,-0.178285,-0.1455,23373
16559,false,q0,-12,0.916827,600,BLUE,1,-0.152824,0.171179,23373
16575,false,q1,12,0.916827,600,RED,1,-0.178285,-0.1455,23373
17192,false,q0,-12,0.916827,600,BLUE,1,-0.152824,0.171179,23373
17208,false,q1,12,0.916827,600,RED,1,-0.178285,-0.1455,23373
17827,false,q0,-12,0.916827,600,BLUE,2,-0.152824,0.171179,23373
17843,false,q1,12,0.916827,600,RED,2,-0.178285,-0.1455,23373
18460,false,q0,-12,0.916827,600,BLUE,1,-0.152824,0.171179,23373
18476,false,q1,12,0.916827,600,RED,1,-0.178285,-0.1455,23373
19093,false,q0,-12,0.916827,600,BLUE,1,-0.152824,0.171179,23373
19109,false,q1,12,0.916827,600,RED,1,-0.178285,-0.1455,23373
19726,false,q0,-12,0.916827,600,BLUE,1,-0.152824,0.171179,23373
19742,false,q1,12,0.916827,600,RED,1,-0.178285,-0.1455,23373
20359,false,q0,-12,0.916827,600,BLUE,1,-0.152824,0.171179,23373
20375,false,q1,12,0.916827,600,RED,1,-0.178285,-0.1455,23373
20994,false,q0,-12,0.916827,600,BLUE,2,-0.152824,0.171179,23373
21008,false,q1,12,0.916827,600,RED,1,-0.178285,-0.1455,23373
21627,false,q0,-12,0.916827,600,BLUE,1,-0.152824,0.171179,23373
21641,false,q1,12,0.916827,600,RED,1,-0.178285,-0.1455,23373
22260,false,q0,-12,0.916827,600,BLUE,1,-0.152824,0.171179,23373
22274,false,q1,12,0.916827,600,RED,1,-0.178285,-0.1455,23373
22893,false,q0,-12,0.916827,600,BLUE,1,-0.152824,0.171179,23373
22907,false,q1,12,0.916827,600,RED,1,-0.178285,-0.1455,23373
23526,false,q0,-12,0.916827,600,BLUE,1,-0.152824,0.171179,23373
23542,false,q1,12,0.916827,600,RED,2,-0.178285,-0.1455,23373
24159,false,q0,-12,0.916827,600,BLUE,1,-0.152824,0.171179,23373
24175,false,q1,12,0.916827,600,RED,1,-0.178285,-0.1455,23373
24794,false,q0,-12,0.916827,600,BLUE,2,-0.152824,0.171179,23373
24808,false,q1,12,0.916827,600,RED,1,-0.178285,-0.1455,23373
25427,false,q0,-12,0.916827,600,BLUE,1,-0.152824,0.171179,23373
25441,false,q1,12,0.916827,600,RED,1,-0.178285,-0.1455,23373
26060,false,q0,-12,0.916827,600,BLUE,1,-0.152824,0.171179,23373
26074,false,q1,12,0.916827,600,RED,1,-0.178285,-0.1455,23373
26693,false,q0,-12,0.916827,600,BLUE,1,-0.152824,0.171179,23373
26707,false,q1,12,0.916827,600,RED,1,-0.178285,-0.1455,23373
27326,false,q0,-12,0.916827,600,BLUE,1,-0.152824,0.171179,23373
27340,false,q1,12,0.916827,600,RED,1,-0.178285,-0.1455,23373
27961,false,q0,-12,0.916827,600,BLUE,2,-0.152824,0.171179,23373
27973,false,q1,12,0.916827,600,RED,1,-0.178285,-0.1455,23373
28594,false,q0,-12,0.916827,600,BLUE,1,-0.152824,0.171179,23373
28606,false,q1,12,0.916827,600,RED,1,-0.178285,-0.1455,23373
29227,false,q0,-12,0.916827,600,BLUE,1,-0.152824,0.171179,23373
29239,false,q1,12,0.916827,600,RED,1,-0.178285,-0.1455,23373
29860,false,q0,-12,0.916827,600,BLUE,1,-0.152824,0.171179,23373
29872,false,q1,12,0.916827,600,RED,1,-0.178285,-0.1455,23373
30493,false,q0,-12,0.916827,600,BLUE,1,-0.152824,0.171179,23373
30505,false,q1,12,0.916827,600,RED,1,-0.178285,-0.1455,23373
31128,false,q0,-12,0.916827,600,BLUE,2,-0.152824,0.171179,23373
31138,false,q1,12,0.916827,600,RED,1,-0.178285,-0.1455,23373
31761,false,q0,-12,0.916827,600,BLUE,1,-0.152824,0.171179,23373
31771,false,q1,12,0.916827,600,RED,1,-0.178285,-0.1455,23373
32394,false,q0,-12,0.916827,600,BLUE,1,-0.152824,0.171179,23373
32404,false,q1,12,0.916827,600,RED,1,-0.178285,-0.1455,23373
33027,false,q0,-12,0.916827,600,BLUE,1,-0.152824,0.171179,23373
33037,false,q1,12,0.916827,600,RED,1,-0.178285,-0.1455,23373
33660,false,q0,-12,0.916827,600,BLUE,1,-0.152824,0.171179,23373
33672,false,q1,12,0.916827,600,RED,2,-0.178285,-0.1455,23373
34293,false,q0,-12,0.916827,600,BLUE,1,-0.152824,0.171179,23373
34305,false,q1,12,0.916827,600,RED,1,-0.178285,-0.1455,23373
34928,false,q0,-12,0.916827,600,BLUE,2,-0.152824,0.171179,23373
34938,false,q1,12,0.916827,600,RED,1,-0.178285,-0.1455,23373
35561,false,q0,-12,0.916827,600,BLUE,1,-0.152824,0.171179,23373
35571,false,q1,12,0.916827,600,RED,1,-0.178285,-0.1455,23373
36194,false,q0,-12,0.916827,600,BLUE,1,-0.152824,0.171179,23373
36204,false,q1,12,0.916827,600,RED,1,-0.178285,-0.1455,23373
36827,false,q0,-12,0.916827,600,BLUE,1,-0.152824,0.171179,23373
36837,false,q1,12,0.916827,600,RED,1,-0.178285,-0.1455,23373
37462,false,q0,-12,0.916827,600,BLUE,2,-0.152824,0.171179,23373
37470,false,q1,12,0.916827,600,RED,1,-0.178285,-0.1455,23373
38095,false,q0,-12,0.916827,600,BLUE,1,-0.152824,0.171179,23373
38103,false,q1,12,0.916827,600,RED,1,-0.178285,-0.1455,23373
38728,false,q0,-12,0.916827,600,BLUE,1,-0.152824,0.171179,23373
38736,false,q1,12,0.916827,600,RED,1,-0.178285,-0.1455,23373
39361,false,q0,-12,0.916827,600,BLUE,1,-0.152824,0.171179,23373
39369,false,q1,12,0.916827,600,RED,1,-0.178285,-0.1455,23373
39994,false,q0,-12,0.916827,600,BLUE,1,-0.152824,0.171179,23373
40002,false,q1,12,0.916827,600,RED,1,-0.178285,-0.1455,23373
40635,false,q1,12,0.916827,600,RED,1,-0.178285,-0.1455,23373
40670,false,q0,-12,0.916827,600,BLUE,43,-0.152824,0.171179,23373
41268,false,q1,12,0.916827,600,RED,1,-0.178285,-0.1455,23373
41303,false,q0,-12,0.916827,600,BLUE,1,-0.152824,0.171179,23373
41903,false,q1,12,0.916827,600,RED,2,-0.178285,-0.1455,23373
41936,false,q0,-12,0.916827,600,BLUE,1,-0.152824,0.171179,23373
42536,false,q1,12,0.916827,600,RED,1,-0.178285,-0.1455,23373
42569,false,q0,-12,0.916827,600,BLUE,1,-0.152824,0.171179,23373
43169,false,q1,12,0.916827,600,RED,1,-0.178285,-0.1455,23373
43202,false,q0,-12,0.916827,600,BLUE,1,-0.152824,0.171179,23373
43802,false,q1,12,0.916827,600,RED,1,-0.178285,-0.1455,23373
43835,false,q0,-12,0.916827,600,BLUE,1,-0.152824,0.171179,23373
44435,false,q1,12,0.916827,600,RED,1,-0.178285,-0.1455,23373
44468,false,q0,-12,0.916827,600,BLUE,1,-0.152824,0.171179,23373
45068,false,q1,12,0.916827,600,RED,1,-0.178285,-0.1455,23373
45101,false,q0,-12,0.916827,600,BLUE,1,-0.152824,0.171179,23373
45701,false,q1,12,0.916827,600,RED,1,-0.178285,-0.1455,23373
45734,false,q0,-12,0.916827,600,BLUE,1,-0.152824,0.171179,23373
46367,false,q0,-12,0.916827,600,BLUE,1,-0.152824,0.171179,23373
46385,false,q1,12,0.916827,600,RED,51,-0.178285,-0.1455,23373
47000,false,q0,-12,0.916827,600,BLUE,1,-0.152824,0.171179,23373
47018,false,q1,12,0.916827,600,RED,1,-0.178285,-0.1455,23373
47633,false,q0,-12,0.916827,600,BLUE,1,-0.152824,0.171179,23373
47651,false,q1,12,0.916827,600,RED,1,-0.178285,-0.1455,23373
48266,false,q0,-12,0.916827,600,BLUE,1,-0.152824,0.171179,23373
48284,false,q1,12,0.916827,600,RED,1,-0.178285,-0.1455,23373
48899,false,q0,-12,0.916827,600,BLUE,1,-0.152824,0.171179,23373
48917,false,q1,12,0.916827,600,RED,1,-0.178285,-0.1455,23373
49532,false,q0,-12,0.916827,600,BLUE,1,-0.152824,0.171179,23373
49550,false,q1,12,0.916827,600,RED,1,-0.178285,-0.1455,23373
50165,false,q0,-12,0.916827,600,BLUE,1,-0.152824,0.171179,23373
50183,false,q1,12,0.916827,600,RED,1,-0.178285,-0.1455,23373
50798,false,q0,-12,0.916827,600,BLUE,1,-0.152824,0.171179,23373
50816,false,q1,12,0.916827,600,RED,1,-0.178285,-0.1455,23373
51431,false,q0,-12,0.916827,600,BLUE,1,-0.152824,0.171179,23373
51449,false,q1,12,0.916827,600,RED,1,-0.178285,-0.1455,23373
52070,false,q0,-12,0.916827,600,BLUE,4,-0.152824,0.171179,23373
52082,false,q1,12,0.916827,600,RED,1,-0.178285,-0.1455,23373
52703,false,q0,-12,0.916827,600,BLUE,1,-0.152824,0.171179,23373
52715,false,q1,12,0.916827,600,RED,1,-0.178285,-0.1455,23373
53336,false,q0,-12,0.916827,600,BLUE,1,-0.152824,0.171179,23373
53348,false,q1,12,0.916827,600,RED,1,-0.178285,-0.1455,23373
53969,false,q0,-12,0.916827,600,BLUE,1,-0.152824,0.171179,23373
53981,false,q1,12,0.916827,600,RED,1,-0.178285,-0.1455,23373
54602,false,q0,-12,0.916827,600,BLUE,1,-0.152824,0.171179,23373
54614,false,q1,12,0.916827,600,RED,1,-0.178285,-0.1455,23373
55235,false,q0,-12,0.916827,600,BLUE,1,-0.152824,0.171179,23373
55247,false,q1,12,0.916827,600,RED,1,-0.178285,-0.1455,23373
55868,false,q0,-12,0.916827,600,BLUE,1,-0.152824,0.171179,23373
55880,false,q1,12,0.916827,600,RED,1,-0.178285,-0.1455,23373
56501,false,q0,-12,0.916827,600,BLUE,1,-0.152824,0.171179,23373
56513,false,q1,12,0.916827,600,RED,1,-0.178285,-0.1455,23373
57134,false,q0,-12,0.916827,600,BLUE,1,-0.152824,0.171179,23373
57146,false,q1,12,0.916827,600,RED,1,-0.178285,-0.1455,23373
57767,false,q0,-12,0.916827,600,BLUE,1,-0.152824,0.171179,23373
57779,false,q1,12,0.916827,600,RED,1,-0.178285,-0.1455,23373
58400,false,q0,-12,0.916827,600,BLUE,1,-0.152824,0.171179,23373
58412,false,q1,12,0.916827,600,RED,1,-0.178285,-0.1455,23373
59033,false,q0,-12,0.916827,600,BLUE,1,-0.152824,0.171179,23373
59045,false,q1,12,0.916827,600,RED,1,-0.178285,-0.1455,23373
59666,false,q0,-12,0.916827,600,BLUE,1,-0.152824,0.171179,23373
59678,false,q1,12,0.916827,600,RED,1,-0.178285,-0.1455,23373
60299,false,q0,-12,0.916827,600,BLUE,1,-0.152824,0.171179,23373
60311,false,q1,12,0.916827,600,RED,1,-0.178285,-0.1455,23373
60932,false,q0,-12,0.916827,600,BLUE,1,-0.152824,0.171179,23373
60944,false,q1,12,0.916827,600,RED,1,-0.178285,-0.1455,23373
61565,false,q0,-12,0.916827,600,BLUE,1,-0.152824,0.171179,23373
61577,false,q1,12,0.916827,600,RED,1,-0.178285,-0.1455,23373
62198,false,q0,-12,0.916827,600,BLUE,1,-0.152824,0.171179,23373
62210,false,q1,12,0.916827,600,RED,1,-0.178285,-0.1455,23373
62831,false,q0,-12,0.916827,600,BLUE,1,-0.152824,0.171179,23373
62845,false,q1,12,0.916827,600,RED,2,-0.178285,-0.1455,23373
63464,false,q0,-12,0.916827,600,BLUE,1,-0.152824,0.171179,23373
63478,false,q1,12,0.916827,600,RED,1,-0.178285,-0.1455,23373
64097,false,q0,-12,0.916827,600,BLUE,1,-0.152824,0.171179,23373
64111,false,q1,12,0.916827,600,RED,1,-0.178285,-0.1455,23373
64730,false,q0,-12,0.916827,600,BLUE,1,-0.152824,0.171179,23373
64744,false,q1,12,0.916827,600,RED,1,-0.178285,-0.1455,23373
65363,false,q0,-12,0.916827,600,BLUE,1,-0.152824,0.171179,23373
65377,false,q1,12,0.916827,600,RED,1,-0.178285,-0.1455,23373
65996,false,q0,-12,0.916827,600,BLUE,1,-0.152824,0.171179,23373
66010,false,q1,12,0.916827,600,RED,1,-0.178285,-0.1455,23373
66629,false,q0,-12,0.916827,600,BLUE,1,-0.152824,0.171179,23373
66643,false,q1,12,0.916827,600,RED,1,-0.178285,-0.1455,23373
67262,false,q0,-12,0.916827,600,BLUE,1,-0.152824,0.171179,23373
67276,false,q1,12,0.916827,600,RED,1,-0.178285,-0.1455,23373
67895,false,q0,-12,0.916827,600,BLUE,1,-0.152824,0.171179,23373
67909,false,q1,12,0.916827,600,RED,1,-0.178285,-0.1455,23373
68528,false,q0,-12,0.916827,600,BLUE,1,-0.152824,0.171179,23373
68546,false,q1,12,0.916827,600,RED,3,-0.178285,-0.1455,23373
69161,false,q0,-12,0.916827,600,BLUE,1,-0.152824,0.171179,23373
69179,false,q1,12,0.916827,600,RED,1,-0.178285,-0.1455,23373
69794,false,q0,-12,0.916827,600,BLUE,1,-0.152824,0.171179,23373
69812,false,q1,12,0.916827,600,RED,1,-0.178285,-0.1455,23373
70431,false,q0,-12,0.916827,600,BLUE,3,-0.152824,0.171179,23373
70445,false,q1,12,0.916827,600,RED,1,-0.178285,-0.1455,23373
71064,false,q0,-12,0.916827,600,BLUE,1,-0.152824,0.171179,23373
71078,false,q1,12,0.916827,600,RED,1,-0.178285,-0.1455,23373
71697,false,q0,-12,0.916827,600,BLUE,1,-0.152824,0.171179,23373
71711,false,q1,12,0.916827,600,RED,1,-0.178285,-0.1455,23373
72330,false,q0,-12,0.916827,600,BLUE,1,-0.152824,0.171179,23373
72344,false,q1,12,0.916827,600,RED,1,-0.178285,-0.1455,23373
72963,false,q0,-12,0.916827,600,BLUE,1,-0.152824,0.171179,23373
72977,false,q1,12,0.916827,600,RED,1,-0.178285,-0.1455,23373
73596,false,q0,-12,0.916827,600,BLUE,1,-0.152824,0.171179,23373
73610,false,q1,12,0.916827,600,RED,1,-0.178285,-0.1455,23373
74229,false,q0,-12,0.916827,600,BLUE,1,-0.152824,0.171179,23373
74243,false,q1,12,0.916827,600,RED,1,-0.178285,-0.1455,23373
74862,false,q0,-12,0.916827,600,BLUE,1,-0.152824,0.171179,23373
74876,false,q1,12,0.916827,600,RED,1,-0.178285,-0.1455,23373
75497,false,q0,-12,0.916827,600,BLUE,2,-0.152824,0.171179,23373
75509,false,q1,12,0.916827,600,RED,1,-0.178285,-0.1455,23373
76130,false,q0,-12,0.916827,600,BLUE,1,-0.152824,0.171179,23373
76142,false,q1,12,0.916827,600,RED,1,-0.178285,-0.1455,23373
76763,false,q0,-12,0.916827,600,BLUE,1,-0.152824,0.171179,23373
76775,false,q1,12,0.916827,600,RED,1,-0.178285,-0.1455,23373
77396,false,q0,-12,0.916827,600,BLUE,1,-0.152824,0.171179,23373
77408,false,q1,12,0.916827,600,RED,1,-0.178285,-0.1455,23373
78029,false,q0,-12,0.916827,600,BLUE,1,-0.152824,0.171179,23373
78041,false,q1,12,0.916827,600,RED,1,-0.178285,-0.1455,23373
78664,false,q0,-12,0.916827,600,BLUE,2,-0.152824,0.171179,23373
78674,false,q1,12,0.916827,600,RED,1,-0.178285,-0.1455,23373
79307,false,q1,12,0.916827,600,RED,1,-0.178285,-0.1455,23373
79340,false,q0,-12,0.916827,600,BLUE,43,-0.152824,0.171179,23373
79940,false,q1,12,0.916827,600,RED,1,-0.178285,-0.1455,23373
79973,false,q0,-12,0.916827,600,BLUE,1,-0.152824,0.171179,23373
80573,false,q1,12,0.916827,600,RED,1,-0.178285,-0.1455,23373
80610,false,q0,-12,0.916827,600,BLUE,3,-0.152824,0.171179,23373
81206,false,q1,12,0.916827,600,RED,1,-0.178285,-0.1455,23373
81243,false,q0,-12,0.916827,600,BLUE,1,-0.152824,0.171179,23373
81839,false,q1,12,0.916827,600,RED,1,-0.178285,-0.1455,23373
81876,false,q0,-12,0.916827,600,BLUE,1,-0.152824,0.171179,23373
82509,false,q0,-12,0.916827,600,BLUE,1,-0.152824,0.171179,23373
82523,false,q1,12,0.916827,600,RED,51,-0.178285,-0.1455,23373
83142,false,q0,-12,0.916827,600,BLUE,1,-0.152824,0.171179,23373
83156,false,q1,12,0.916827,600,RED,1,-0.178285,-0.1455,23373
83775,false,q0,-12,0.916827,600,BLUE,1,-0.152824,0.171179,23373
83791,false,q1,12,0.916827,600,RED,2,-0.178285,-0.1455,23373
84408,false,q0,-12,0.916827,600,BLUE,1,-0.152824,0.171179,23373
84424,false,q1,12,0.916827,600,RED,1,-0.178285,-0.1455,23373
85041,false,q0,-12,0.916827,600,BLUE,1,-0.152824,0.171179,23373
85057,false,q1,12,0.916827,600,RED,1,-0.178285,-0.1455,23373
85674,false,q0,-12,0.916827,600,BLUE,1,-0.152824,0.171179,23373
85690,false,q1,12,0.916827,600,RED,1,-0.178285,-0.1455,23373
86307,false,q0,-12,0.916827,600,BLUE,1,-0.152824,0.171179,23373
86323,false,q1,12,0.916827,600,RED,1,-0.178285,-0.1455,23373
86940,false,q0,-12,0.916827,600,BLUE,1,-0.152824,0.171179,23373
86956,false,q1,12,0.916827,600,RED,1,-0.178285,-0.1455,23373
87573,false,q0,-12,0.916827,600,BLUE,1,-0.152824,0.171179,23373
87589,false,q1,12,0.916827,600,RED,1,-0.178285,-0.1455,23373
88210,false,q0,-12,0.916827,600,BLUE,3,-0.152824,0.171179,23373
88222,false,q1,12,0.916827,600,RED,1,-0.178285,-0.1455,23373
88843,false,q0,-12,0.916827,600,BLUE,1,-0.152824,0.171179,23373
88857,false,q1,12,0.916827,600,RED,2,-0.178285,-0.1455,23373
89476,false,q0,-12,0.916827,600,BLUE,1,-0.152824,0.171179,23373
89490,false,q1,12,0.916827,600,RED,1,-0.178285,-0.1455,23373
90109,false,q0,-12,0.916827,600,BLUE,1,-0.152824,0.171179,23373
90123,false,q1,12,0.916827,600,RED,1,-0.178285,-0.1455,23373
90742,false,q0,-12,0.916827,600,BLUE,1,-0.152824,0.171179,23373
90756,false,q1,12,0.916827,600,RED,1,-0.178285,-0.1455,23373
91375,false,q0,-12,0.916827,600,BLUE,1,-0.152824,0.171179,23373
91389,false,q1,12,0.916827,600,RED,1,-0.178285,-0.1455,23373
92008,false,q0,-12,0.916827,600,BLUE,1,-0.152824,0.171179,23373
92022,false,q1,12,0.916827,600,RED,1,-0.178285,-0.1455,23373
92641,false,q0,-12,0.916827,600,BLUE,1,-0.152824,0.171179,23373
92655,false,q1,12,0.916827,600,RED,1,-0.178285,-0.1455,23373
93274,false,q0,-12,0.916827,600,BLUE,1,-0.152824,0.171179,23373
93290,false,q1,12,0.916827,600,RED,2,-0.178285,-0.1455,23373
93907,false,q0,-12,0.916827,600,BLUE,1,-0.152824,0.171179,23373
93923,false,q1,12,0.916827,600,RED,1,-0.178285,-0.1455,23373
94540,false,q0,-12,0.916827,600,BLUE,1,-0.152824,0.171179,23373
94556,false,q1,12,0.916827,600,RED,1,-0.178285,-0.1455,23373
95173,false,q0,-12,0.916827,600,BLUE,1,-0.152824,0.171179,23373
95189,false,q1,12,0.916827,600,RED,1,-0.178285,-0.1455,23373
95806,false,q0,-12,0.916827,600,BLUE,1,-0.152824,0.171179,23373
95822,false,q1,12,0.916827,600,RED,1,-0.178285,-0.1455,23373
96439,false,q0,-12,0.916827,600,BLUE,1,-0.152824,0.171179,23373
96455,false,q1,12,0.916827,600,RED,1,-0.178285,-0.1455,23373
97072,false,q0,-12,0.916827,600,BLUE,1,-0.152824,0.171179,23373
97088,false,q1,12,0.916827,600,RED,1,-0.178285,-0.1455,23373
97705,false,q0,-12,0.916827,600,BLUE,1,-0.152824,0.171179,23373
97721,false,q1,12,0.916827,600,RED,1,-0.178285,-0.1455,23373
98338,false,q0,-12,0.916827,600,BLUE,1,-0.152824,0.171179,23373
98354,false,q1,12,0.916827,600,RED,1,-0.178285,-0.1455,23373
98973,false,q0,-12,0.916827,600,BLUE,2,-0.152824,0.171179,23373
98987,false,q1,12,0.916827,600,RED,1,-0.178285,-0.1455,23373
99606,false,q0,-12,0.916827,600,BLUE,1,-0.152824,0.171179,23373
99620,false,q1,12,0.916827,600,RED,1,-0.178285,-0.1455,23373
52,true,q1,0,1,600,RED,1,-0.178285,-0.1455,5854
52,true,q0,0,1,600,BLUE,1,-0.152824,0.171179,5854
685,true,q1,1,1,600,RED,1,-0.178285,-0.1455,5854
685,true,q0,-1,1,600,BLUE,1,-0.152824,0.171179,5854
1318,true,q1,2,1,600,RED,1,-0.178285,-0.1455,5854
1318,true,q0,-2,1,600,BLUE,1,-0.152824,0.171179,5854
1951,true,q1,3,1,600,RED,1,-0.178285,-0.1455,5854
1951,true,q0,-3,1,600,BLUE,1,-0.152824,0.171179,5854
2584,true,q1,4,1,600,RED,1,-0.178285,-0.1455,5854
2584,true,q0,-4,1,600,BLUE,1,-0.152824,0.171179,5854
3217,true,q1,5,1,600,RED,1,-0.178285,-0.1455,5854
3217,true,q0,-5,1,600,BLUE,1,-0.152824,0.171179,5854
3850,true,q1,6,1,600,RED,1,-0.178285,-0.1455,5854
3893,true,q0,-6,1,600,BLUE,43,-0.152824,0.171179,5854
4483,true,q1,7,1,600,RED,1,-0.178285,-0.1455,5854
4526,true,q0,-7,1,600,BLUE,1,-0.152824,0.171179,5854
5116,true,q1,8,1,600,RED,1,-0.178285,-0.1455,5854
5159,true,q0,-8,1,600,BLUE,1,-0.152824,0.171179,5854
5749,true,q1,9,1,600,RED,1,-0.178285,-0.1455,5854
5792,true,q0,-9,1,600,BLUE,1,-0.152824,0.171179,5854
6382,true,q1,10,1,600,RED,1,-0.178285,-0.1455,5854
6425,true,q0,-10,1,600,BLUE,1,-0.152824,0.171179,5854
7015,true,q1,11,1,600,RED,1,-0.178285,-0.1455,5854
7058,true,q0,-11,1,600,BLUE,1,-0.152824,0.171179,5854
7648,true,q1,12,1,600,RED,1,-0.178285,-0.1455,5854
7691,true,q0,-12,1,600,BLUE,1,-0.152824,0.171179,5854
8281,true,q1,12,1,600,RED,1,-0.178285,-0.1455,5854
8324,true,q0,-12,1,600,BLUE,1,-0.152824,0.171179,5854
8914,true,q1,12,1,600,RED,1,-0.178285,-0.1455,5854
8957,true,q0,-12,1,600,BLUE,1,-0.152824,0.171179,5854
9547,true,q1,12,1,600,RED,1,-0.178285,-0.1455,5854
9590,true,q0,-12,1,600,BLUE,1,-0.152824,0.171179,5854
10180,true,q1,12,1,600,RED,1,-0.178285,-0.1455,5854
10223,true,q0,-12,1,600,BLUE,1,-0.152824,0.171179,5854
10813,true,q1,12,1,600,RED,1,-0.178285,-0.1455,5854
10856,true,q0,-12,1,600,BLUE,1,-0.152824,0.171179,5854
11446,true,q1,12,1,600,RED,1,-0.178285,-0.1455,5854
11489,true,q0,-12,1,600,BLUE,1,-0.152824,0.171179,5854
12079,true,q1,12,1,600,RED,1,-0.178285,-0.1455,5854
12122,true,q0,-12,1,600,BLUE,1,-0.152824,0.171179,5854
12712,true,q1,12,1,600,RED,1,-0.178285,-0.1455,5854
12755,true,q0,-12,1,600,BLUE,1,-0.152824,0.171179,5854
13345,true,q1,12,1,600,RED,1,-0.178285,-0.1455,5854
13388,true,q0,-12,1,600,BLUE,1,-0.152824,0.171179,5854
13978,true,q1,12,1,600,RED,1,-0.178285,-0.1455,5854
14021,true,q0,-12,1,600,BLUE,1,-0.152824,0.171179,5854
14611,true,q1,12,1,600,RED,1,-0.178285,-0.1455,5854
14654,true,q0,-12,1,600,BLUE,1,-0.152824,0.171179,5854
15287,true,q0,-12,1,600,BLUE,1,-0.152824,0.171179,5854
15295,true,q1,12,1,600,RED,51,-0.178285,-0.1455,5854
15920,true,q0,-12,1,600,BLUE,1,-0.152824,0.171179,5854
15928,true,q1,12,1,600,RED,1,-0.178285,-0.1455,5854
16553,true,q0,-12,1,600,BLUE,1,-0.152824,0.171179,5854
16561,true,q1,12,1,600,RED,1,-0.178285,-0.1455,5854
17186,true,q0,-12,1,600,BLUE,1,-0.152824,0.171179,5854
17194,true,q1,12,1,600,RED,1,-0.178285,-0.1455,5854
17819,true,q0,-12,1,600,BLUE,1,-0.152824,0.171179,5854
17827,true,q1,12,1,600,RED,1,-0.178285,-0.1455,5854
18452,true,q0,-12,1,600,BLUE,1,-0.152824,0.171179,5854
18460,true,q1,12,1,600,RED,1,-0.178285,-0.1455,5854
19085,true,q0,-12,1,600,BLUE,1,-0.152824,0.171179,5854
19093,true,q1,12,1,600,RED,1,-0.178285,-0.1455,5854
19718,true,q0,-12,1,600,BLUE,1,-0.152824,0.171179,5854
19726,true,q1,12,1,600,RED,1,-0.178285,-0.1455,5854
20351,true,q0,-12,1,600,BLUE,1,-0.152824,0.171179,5854
20359,true,q1,12,1,600,RED,1,-0.178285,-0.1455,5854
20984,true,q0,-12,1,600,BLUE,1,-0.152824,0.171179,5854
20992,true,q1,12,1,600,RED,1,-0.178285,-0.1455,5854
21617,true,q0,-12,1,600,BLUE,1,-0.152824,0.171179,5854
21625,true,q1,12,1,600,RED,1,-0.178285,-0.1455,5854
22250,true,q0,-12,1,600,BLUE,1,-0.152824,0.171179,5854
22258,true,q1,12,1,600,RED,1,-0.178285,-0.1455,5854
22883,true,q0,-12,1,600,BLUE,1,-0.152824,0.171179,5854
22891,true,q1,12,1,600,RED,1,-0.178285,-0.1455,5854
23516,true,q0,-12,1,600,BLUE,1,-0.152824,0.171179,5854
23524,true,q1,12,1,600,RED,1,-0.178285,-0.1455,5854
24149,true,q0,-12,1,600,BLUE,1,-0.152824,0.171179,5854
24157,true,q1,12,1,600,RED,1,-0.178285,-0.1455,5854
24782,true,q0,-12,1,600,BLUE,1,-0.152824,0.171179,5854
24790,true,q1,12,1,600,RED,1,-0.178285,-0.1455,5854
25415,true,q0,-12,1,600,BLUE,1,-0.152824,0.171179,5854
25423,true,q1,12,1,600,RED,1,-0.178285,-0.1455,5854
26048,true,q0,-12,1,600,BLUE,1,-0.152824,0.171179,5854
26056,true,q1,12,1,600,RED,1,-0.178285,-0.1455,5854
26681,true,q0,-12,1,600,BLUE,1,-0.152824,0.171179,5854
26689,true,q1,12,1,600,RED,1,-0.178285,-0.1455,5854
27314,true,q0,-12,1,600,BLUE,1,-0.152824,0.171179,5854
27322,true,q1,12,1,600,RED,1,-0.178285,-0.1455,5854
27947,true,q0,-12,1,600,BLUE,1,-0.152824,0.171179,5854
27955,true,q1,12,1,600,RED,1,-0.178285,-0.1455,5854
28580,true,q0,-12,1,600,BLUE,1,-0.152824,0.171179,5854
28588,true,q1,12,1,600,RED,1,-0.178285,-0.1455,5854
29213,true,q0,-12,1,600,BLUE,1,-0.152824,0.171179,5854
29221,true,q1,12,1,600,RED,1,-0.178285,-0.1455,5854
29846,true,q0,-12,1,600,BLUE,1,-0.152824,0.171179,5854
29854,true,q1,12,1,600,RED,1,-0.178285,-0.1455,5854
30479,true,q0,-12,1,600,BLUE,1,-0.152824,0.171179,5854
30487,true,q1,12,1,600,RED,1,-0.178285,-0.1455,5854
31112,true,q0,-12,1,600,BLUE,1,-0.152824,0.171179,5854
31120,true,q1,12,1,600,RED,1,-0.178285,-0.1455,5854
31745,true,q0,-12,1,600,BLUE,1,-0.152824,0.171179,5854
31753,true,q1,12,1,600,RED,1,-0.178285,-0.1455,5854
32378,true,q0,-12,1,600,BLUE,1,-0.152824,0.171179,5854
32386,true,q1,12,1,600,RED,1,-0.178285,-0.1455,5854
33011,true,q0,-12,1,600,BLUE,1,-0.152824,0.171179,5854
33019,true,q1,12,1,600,RED,1,-0.178285,-0.1455,5854
33644,true,q0,-12,1,600,BLUE,1,-0.152824,0.171179,5854
33652,true,q1,12,1,600,RED,1,-0.178285,-0.1455,5854
34277,true,q0,-12,1,600,BLUE,1,-0.152824,0.171179,5854
34285,true,q1,12,1,600,RED,1,-0.178285,-0.1455,5854
34910,true,q0,-12,1,600,BLUE,1,-0.152824,0.171179,5854
34918,true,q1,12,1,600,RED,1,-0.178285,-0.1455,5854
35543,true,q0,-12,1,600,BLUE,1,-0.152824,0.171179,5854
35551,true,q1,12,1,600,RED,1,-0.178285,-0.1455,5854
36176,true,q0,-12,1,600,BLUE,1,-0.152824,0.171179,5854
36184,true,q1,12,1,600,RED,1,-0.178285,-0.1455,5854
36809,true,q0,-12,1,600,BLUE,1,-0.152824,0.171179,5854
36817,true,q1,12,1,600,RED,1,-0.178285,-0.1455,5854
37442,true,q0,-12,1,600,BLUE,1,-0.152824,0.171179,5854
37450,true,q1,12,1,600,RED,1,-0.178285,-0.1455,5854
38075,true,q0,-12,1,600,BLUE,1,-0.152824,0.171179,5854
38083,true,q1,12,1,600,RED,1,-0.178285,-0.1455,5854
38708,true,q0,-12,1,600,BLUE,1,-0.152824,0.171179,5854
38716,true,q1,12,1,600,RED,1,-0.178285,-0.1455,5854
39341,true,q0,-12,1,600,BLUE,1,-0.152824,0.171179,5854
39349,true,q1,12,1,600,RED,1,-0.178285,-0.1455,5854
39974,true,q0,-12,1,600,BLUE,1,-0.152824,0.171179,5854
39982,true,q1,12,1,600,RED,1,-0.178285,-0.1455,5854
40607,true,q0,-12,1,600,BLUE,1,-0.152824,0.171179,5854
40615,true,q1,12,1,600,RED,1,-0.178285,-0.1455,5854
41240,true,q0,-12,1,600,BLUE,1,-0.152824,0.171179,5854
41248,true,q1,12,1,600,RED,1,-0.178285,-0.1455,5854
41873,true,q0,-12,1,600,BLUE,1,-0.152824,0.171179,5854
41881,true,q1,12,1,600,RED,1,-0.178285,-0.1455,5854
42506,true,q0,-12,1,600,BLUE,1,-0.152824,0.171179,5854
42514,true,q1,12,1,600,RED,1,-0.178285,-0.1455,5854
43139,true,q0,-12,1,600,BLUE,1,-0.152824,0.171179,5854
43147,true,q1,12,1,600,RED,1,-0.178285,-0.1455,5854
43772,true,q0,-12,1,600,BLUE,1,-0.152824,0.171179,5854
43780,true,q1,12,1,600,RED,1,-0.178285,-0.1455,5854
44405,true,q0,-12,1,600,BLUE,1,-0.152824,0.171179,5854
44413,true,q1,12,1,600,RED,1,-0.178285,-0.1455,5854
45038,true,q0,-12,1,600,BLUE,1,-0.152824,0.171179,5854
45046,true,q1,12,1,600,RED,1,-0.178285,-0.1455,5854
45671,true,q0,-12,1,600,BLUE,1,-0.152824,0.171179,5854
45679,true,q1,12,1,600,RED,1,-0.178285,-0.1455,5854
46304,true,q0,-12,1,600,BLUE,1,-0.152824,0.171179,5854
46312,true,q1,12,1,600,RED,1,-0.178285,-0.1455,5854
46945,true,q1,12,1,600,RED,1,-0.178285,-0.1455,5854
46980,true,q0,-12,1,600,BLUE,43,-0.152824,0.171179,5854
47578,true,q1,12,1,600,RED,1,-0.178285,-0.1455,5854
47613,true,q0,-12,1,600,BLUE,1,-0.152824,0.171179,5854
48211,true,q1,12,1,600,RED,1,-0.178285,-0.1455,5854
48246,true,q0,-12,1,600,BLUE,1,-0.152824,0.171179,5854
48844,true,q1,12,1,600,RED,1,-0.178285,-0.1455,5854
48879,true,q0,-12,1,600,BLUE,1,-0.152824,0.171179,5854
49477,true,q1,12,1,600,RED,1,-0.178285,-0.1455,5854
49512,true,q0,-12,1,600,BLUE,1,-0.152824,0.171179,5854
50110,true,q1,12,1,600,RED,1,-0.178285,-0.1455,5854
50145,true,q0,-12,1,600,BLUE,1,-0.152824,0.171179,5854
50743,true,q1,12,1,600,RED,1,-0.178285,-0.1455,5854
50778,true,q0,-12,1,600,BLUE,1,-0.152824,0.171179,5854
51376,true,q1,12,1,600,RED,1,-0.178285,-0.1455,5854
51411,true,q0,-12,1,600,BLUE,1,-0.152824,0.171179,5854
52009,true,q1,12,1,600,RED,1,-0.178285,-0.1455,5854
52044,true,q0,-12,1,600,BLUE,1,-0.152824,0.171179,5854
52642,true,q1,12,1,600,RED,1,-0.178285,-0.1455,5854
52677,true,q0,-12,1,600,BLUE,1,-0.152824,0.171179,5854
53310,true,q0,-12,1,600,BLUE,1,-0.152824,0.171179,5854
53326,true,q1,12,1,600,RED,51,-0.178285,-0.1455,5854
53943,true,q0,-12,1,600,BLUE,1,-0.152824,0.171179,5854
53959,true,q1,12,1,600,RED,1,-0.178285,-0.1455,5854
54576,true,q0,-12,1,600,BLUE,1,-0.152824,0.171179,5854
54592,true,q1,12,1,600,RED,1,-0.178285,-0.1455,5854
55209,true,q0,-12,1,600,BLUE,1,-0.152824,0.171179,5854
55225,true,q1,12,1,600,RED,1,-0.178285,-0.1455,5854
55842,true,q0,-12,1,600,BLUE,1,-0.152824,0.171179,5854
55858,true,q1,12,1,600,RED,1,-0.178285,-0.1455,5854
56475,true,q0,-12,1,600,BLUE,1,-0.152824,0.171179,5854
56491,true,q1,12,1,600,RED,1,-0.178285,-0.1455,5854
57108,true,q0,-12,1,600,BLUE,1,-0.152824,0.171179,5854
57124,true,q1,12,1,600,RED,1,-0.178285,-0.1455,5854
57741,true,q0,-12,1,600,BLUE,1,-0.152824,0.171179,5854
57757,true,q1,12,1,600,RED,1,-0.178285,-0.1455,5854
58374,true,q0,-12,1,600,BLUE,1,-0.152824,0.171179,5854
58390,true,q1,12,1,600,RED,1,-0.178285,-0.1455,5854
59007,true,q0,-12,1,600,BLUE,1,-0.152824,0.171179,5854
59023,true,q1,12,1,600,RED,1,-0.178285,-0.1455,5854
59640,true,q0,-12,1,600,BLUE,1,-0.152824,0.171179,5854
59656,true,q1,12,1,600,RED,1,-0.178285,-0.1455,5854
60273,true,q0,-12,1,600,BLUE,1,-0.152824,0.171179,5854
60289,true,q1,12,1,600,RED,1,-0.178285,-0.1455,5854
60906,true,q0,-12,1,600,BLUE,1,-0.152824,0.171179,5854
60922,true,q1,12,1,600,RED,1,-0.178285,-0.1455,5854
61539,true,q0,-12,1,600,BLUE,1,-0.152824,0.171179,5854
61555,true,q1,12,1,600,RED,1,-0.178285,-0.1455,5854
62172,true,q0,-12,1,600,BLUE,1,-0.152824,0.171179,5854
62188,true,q1,12,1,600,RED,1,-0.178285,-0.1455,5854
62805,true,q0,-12,1,600,BLUE,1,-0.152824,0.171179,5854
62821,true,q1,12,1,600,RED,1,-0.178285,-0.1455,5854
63438,true,q0,-12,1,600,BLUE,1,-0.152824,0.171179,5854
63454,true,q1,12,1,600,RED,1,-0.178285,-0.1455,5854
64071,true,q0,-12,1,600,BLUE,1,-0.152824,0.171179,5854
64087,true,q1,12,1,600,RED,1,-0.178285,-0.1455,5854
64704,true,q0,-12,1,600,BLUE,1,-0.152824,0.171179,5854
64720,true,q1,12,1,600,RED,1,-0.178285,-0.1455,5854
65337,true,q0,-12,1,600,BLUE,1,-0.152824,0.171179,5854
65353,true,q1,12,1,600,RED,1,-0.178285,-0.1455,5854
65970,true,q0,-12,1,600,BLUE,1,-0.152824,0.171179,5854
65986,true,q1,12,1,600,RED,1,-0.178285,-0.1455,5854
66603,true,q0,-12,1,600,BLUE,1,-0.152824,0.171179,5854
66619,true,q1,12,1,600,RED,1,-0.178285,-0.1455,5854
67236,true,q0,-12,1,600,BLUE,1,-0.152824,0.171179,5854
67252,true,q1,12,1,600,RED,1,-0.178285,-0.1455,5854
67869,true,q0,-12,1,600,BLUE,1,-0.152824,0.171179,5854
67885,true,q1,12,1,600,RED,1,-0.178285,-0.1455,5854
68502,true,q0,-12,1,600,BLUE,1,-0.152824,0.171179,5854
68518,true,q1,12,1,600,RED,1,-0.178285,-0.1455,5854
69135,true,q0,-12,1,600,BLUE,1,-0.152824,0.171179,5854
69151,true,q1,12,1,600,RED,1,-0.178285,-0.1455,5854
69768,true,q0,-12,1,600,BLUE,1,-0.152824,0.171179,5854
69784,true,q1,12,1,600,RED,1,-0.178285,-0.1455,5854
70401,true,q0,-12,1,600,BLUE,1,-0.152824,0.171179,5854
70417,true,q1,12,1,600,RED,1,-0.178285,-0.1455,5854
71034,true,q0,-12,1,600,BLUE,1,-0.152824,0.171179,5854
71050,true,q1,12,1,600,RED,1,-0.178285,-0.1455,5854
71667,true,q0,-12,1,600,BLUE,1,-0.152824,0.171179,5854
71683,true,q1,12,1,600,RED,1,-0.178285,-0.1455,5854
72300,true,q0,-12,1,600,BLUE,1,-0.152824,0.171179,5854
72316,true,q1,12,1,600,RED,1,-0.178285,-0.1455,5854
72933,true,q0,-12,1,600,BLUE,1,-0.152824,0.171179,5854
72949,true,q1,12,1,600,RED,1,-0.178285,-0.1455,5854
73566,true,q0,-12,1,600,BLUE,1,-0.152824,0.171179,5854
73582,true,q1,12,1,600,RED,1,-0.178285,-0.1455,5854
74199,true,q0,-12,1,600,BLUE,1,-0.152824,0.171179,5854
74215,true,q1,12,1,600,RED,1,-0.178285,-0.1455,5854
74832,true,q0,-12,1,600,BLUE,1,-0.152824,0.171179,5854
74848,true,q1,12,1,600,RED,1,-0.178285,-0.1455,5854
75465,true,q0,-12,1,600,BLUE,1,-0.152824,0.171179,5854
75481,true,q1,12,1,600,RED,1,-0.178285,-0.1455,5854
76098,true,q0,-12,1,600,BLUE,1,-0.152824,0.171179,5854
76114,true,q1,12,1,600,RED,1,-0.178285,-0.1455,5854
76731,true,q0,-12,1,600,BLUE,1,-0.152824,0.171179,5854
76747,true,q1,12,1,600,RED,1,-0.178285,-0.1455,5854
77364,true,q0,-12,1,600,BLUE,1,-0.152824,0.171179,5854
77380,true,q1,12,1,600,RED,1,-0.178285,-0.1455,5854
77997,true,q0,-12,1,600,BLUE,1,-0.152824,0.171179,5854
78013,true,q1,12,1,600,RED,1,-0.178285,-0.1455,5854
78630,true,q0,-12,1,600,BLUE,1,-0.152824,0.171179,5854
78646,true,q1,12,1,600,RED,1,-0.178285,-0.1455,5854
79263,true,q0,-12,1,600,BLUE,1,-0.152824,0.171179,5854
79279,true,q1,12,1,600,RED,1,-0.178285,-0.1455,5854
79896,true,q0,-12,1,600,BLUE,1,-0.152824,0.171179,5854
79912,true,q1,12,1,600,RED,1,-0.178285,-0.1455,5854
80529,true,q0,-12,1,600,BLUE,1,-0.152824,0.171179,5854
80545,true,q1,12,1,600,RED,1,-0.178285,-0.1455,5854
81162,true,q0,-12,1,600,BLUE,1,-0.152824,0.171179,5854
81178,true,q1,12,1,600,RED,1,-0.178285,-0.1455,5854
81795,true,q0,-12,1,600,BLUE,1,-0.152824,0.171179,5854
81811,true,q1,12,1,600,RED,1,-0.178285,-0.1455,5854
82428,true,q0,-12,1,600,BLUE,1,-0.152824,0.171179,5854
82444,true,q1,12,1,600,RED,1,-0.178285,-0.1455,5854
83061,true,q0,-12,1,600,BLUE,1,-0.152824,0.171179,5854
83077,true,q1,12,1,600,RED,1,-0.178285,-0.1455,5854
83694,true,q0,-12,1,600,BLUE,1,-0.152824,0.171179,5854
83710,true,q1,12,1,600,RED,1,-0.178285,-0.1455,5854
84327,true,q0,-12,1,600,BLUE,1,-0.152824,0.171179,5854
84343,true,q1,12,1,600,RED,1,-0.178285,-0.1455,5854
84960,true,q0,-12,1,600,BLUE,1,-0.152824,0.171179,5854
84976,true,q1,12,1,600,RED,1,-0.178285,-0.1455,5854
85593,true,q0,-12,1,600,BLUE,1,-0.152824,0.171179,5854
85609,true,q1,12,1,600,RED,1,-0.178285,-0.1455,5854
86226,true,q0,-12,1,600,BLUE,1,-0.152824,0.171179,5854
86242,true,q1,12,1,600,RED,1,-0.178285,-0.1455,5854
86859,true,q0,-12,1,600,BLUE,1,-0.152824,0.171179,5854
86875,true,q1,12,1,600,RED,1,-0.178285,-0.1455,5854
87492,true,q0,-12,1,600,BLUE,1,-0.152824,0.171179,5854
87508,true,q1,12,1,600,RED,1,-0.178285,-0.1455,5854
88125,true,q0,-12,1,600,BLUE,1,-0.152824,0.171179,5854
88141,true,q1,12,1,600,RED,1,-0.178285,-0.1455,5854
88758,true,q0,-12,1,600,BLUE,1,-0.152824,0.171179,5854
88774,true,q1,12,1,600,RED,1,-0.178285,-0.1455,5854
89391,true,q0,-12,1,600,BLUE,1,-0.152824,0.171179,5854
89407,true,q1,12,1,600,RED,1,-0.178285,-0.1455,5854
90040,true,q1,12,1,600,RED,1,-0.178285,-0.1455,5854
90067,true,q0,-12,1,600,BLUE,43,-0.152824,0.171179,5854
90673,true,q1,12,1,600,RED,1,-0.178285,-0.1455,5854
90700,true,q0,-12,1,600,BLUE,1,-0.152824,0.171179,5854
91333,true,q0,-12,1,600,BLUE,1,-0.152824,0.171179,5854
91357,true,q1,12,1,600,RED,51,-0.178285,-0.1455,5854
91966,true,q0,-12,1,600,BLUE,1,-0.152824,0.171179,5854
91990,true,q1,12,1,600,RED,1,-0.178285,-0.1455,5854
92599,true,q0,-12,1,600,BLUE,1,-0.152824,0.171179,5854
92623,true,q1,12,1,600,RED,1,-0.178285,-0.1455,5854
93232,true,q0,-12,1,600,BLUE,1,-0.152824,0.171179,5854
93256,true,q1,12,1,600,RED,1,-0.178285,-0.1455,5854
93865,true,q0,-12,1,600,BLUE,1,-0.152824,0.171179,5854
93889,true,q1,12,1,600,RED,1,-0.178285,-0.1455,5854
94498,true,q0,-12,1,600,BLUE,1,-0.152824,0.171179,5854
94522,true,q1,12,1,600,RED,1,-0.178285,-0.1455,5854
95131,true,q0,-12,1,600,BLUE,1,-0.152824,0.171179,5854
95155,true,q1,12,1,600,RED,1,-0.178285,-0.1455,5854
95764,true,q0,-12,1,600,BLUE,1,-0.152824,0.171179,5854
95788,true,q1,12,1,600,RED,1,-0.178285,-0.1455,5854
96397,true,q0,-12,1,600,BLUE,1,-0.152824,0.171179,5854
96421,true,q1,12,1,600,RED,1,-0.178285,-0.1455,5854
97030,true,q0,-12,1,600,BLUE,1,-0.152824,0.171179,5854
97054,true,q1,12,1,600,RED,1,-0.178285,-0.1455,5854
97663,true,q0,-12,1,600,BLUE,1,-0.152824,0.171179,5854
97687,true,q1,12,1,600,RED,1,-0.178285,-0.1455,5854
98296,true,q0,-12,1,600,BLUE,1,-0.152824,0.171179,5854
98320,true,q1,12,1,600,RED,1,-0.178285,-0.1455,5854
98929,true,q0,-12,1,600,BLUE,1,-0.152824,0.171179,5854
98953,true,q1,12,1,600,RED,1,-0.178285,-0.1455,5854
99562,true,q0,-12,1,600,BLUE,1,-0.152824,0.171179,5854
99586,true,q1,12,1,600,RED,1,-0.178285,-0.1455,5854
52,true,q1,0,1,600,RED,1,-0.178285,-0.1455,62934
52,true,q0,0,1,600,BLUE,1,-0.152824,0.171179,62934
685,true,q1,1,1,600,RED,1,-0.178285,-0.1455,62934
685,true,q0,-1,1,600,BLUE,1,-0.152824,0.171179,62934
1318,true,q1,2,1,600,RED,1,-0.178285,-0.1455,62934
1318,true,q0,-2,1,600,BLUE,1,-0.152824,0.171179,62934
1951,true,q1,3,1,600,RED,1,-0.178285,-0.1455,62934
1951,true,q0,-3,1,600,BLUE,1,-0.152824,0.171179,62934
2584,true,q1,4,1,600,RED,1,-0.178285,-0.1455,62934
2584,true,q0,-4,1,600,BLUE,1,-0.152824,0.171179,62934
3217,true,q1,5,1,600,RED,1,-0.178285,-0.1455,62934
3217,true,q0,-5,1,600,BLUE,1,-0.152824,0.171179,62934
3850,true,q1,6,1,600,RED,1,-0.178285,-0.1455,62934
3893,true,q0,-6,1,600,BLUE,43,-0.152824,0.171179,62934
4483,true,q1,7,1,600,RED,1,-0.178285,-0.1455,62934
4526,true,q0,-7,1,600,BLUE,1,-0.152824,0.171179,62934
5116,true,q1,8,1,600,RED,1,-0.178285,-0.1455,62934
5159,true,q0,-8,1,600,BLUE,1,-0.152824,0.171179,62934
5749,true,q1,9,1,600,RED,1,-0.178285,-0.1455,62934
5792,true,q0,-9,1,600,BLUE,1,-0.152824,0.171179,62934
6382,true,q1,10,1,600,RED,1,-0.178285,-0.1455,62934
6425,true,q0,-10,1,600,BLUE,1,-0.152824,0.171179,62934
7015,true,q1,11,1,600,RED,1,-0.178285,-0.1455,62934
7058,true,q0,-11,1,600,BLUE,1,-0.152824,0.171179,62934
7648,true,q1,12,1,600,RED,1,-0.178285,-0.1455,62934
7691,true,q0,-12,1,600,BLUE,1,-0.152824,0.171179,62934
8281,true,q1,12,1,600,RED,1,-0.178285,-0.1455,62934
8324,true,q0,-12,1,600,BLUE,1,-0.152824,0.171179,62934
8914,true,q1,12,1,600,RED,1,-0.178285,-0.1455,62934
8957,true,q0,-12,1,600,BLUE,1,-0.152824,0.171179,62934
9547,true,q1,12,1,600,RED,1,-0.178285,-0.1455,62934
9590,true,q0,-12,1,600,BLUE,1,-0.152824,0.171179,62934
10180,true,q1,12,1,600,RED,1,-0.178285,-0.1455,62934
10223,true,q0,-12,1,600,BLUE,1,-0.152824,0.171179,62934
10813,true,q1,12,1,600,RED,1,-0.178285,-0.1455,62934
10856,true,q0,-12,1,600,BLUE,1,-0.152824,0.171179,62934
11446,true,q1,12,1,600,RED,1,-0.178285,-0.1455,62934
11489,true,q0,-12,1,600,BLUE,1,-0.152824,0.171179,62934
12079,true,q1,12,1,600,RED,1,-0.178285,-0.1455,62934
12122,true,q0,-12,1,600,BLUE,1,-0.152824,0.171179,62934
12712,true,q1,12,1,600,RED,1,-0.178285,-0.1455,62934
12755,true,q0,-12,1,600,BLUE,1,-0.152824,0.171179,62934
13345,true,q1,12,1,600,RED,1,-0.178285,-0.1455,62934
13388,true,q0,-12,1,600,BLUE,1,-0.152824,0.171179,62934
13978,true,q1,12,1,600,RED,1,-0.178285,-0.1455,62934
14021,true,q0,-12,1,600,BLUE,1,-0.152824,0.171179,62934
14611,true,q1,12,1,600,RED,1,-0.178285,-0.1455,62934
14654,true,q0,-12,1,600,BLUE,1,-0.152824,0.171179,62934
15287,true,q0,-12,1,600,BLUE,1,-0.152824,0.171179,62934
15295,true,q1,12,1,600,RED,51,-0.178285,-0.1455,62934
15920,true,q0,-12,1,600,BLUE,1,-0.152824,0.171179,62934
15928,true,q1,12,1,600,RED,1,-0.178285,-0.1455,62934
16553,true,q0,-12,1,600,BLUE,1,-0.152824,0.171179,62934
16561,true,q1,12,1,600,RED,1,-0.178285,-0.1455,62934
17186,true,q0,-12,1,600,BLUE,1,-0.152824,0.171179,62934
17194,true,q1,12,1,600,RED,1,-0.178285,-0.1455,62934
17819,true,q0,-12,1,600,BLUE,1,-0.152824,0.171179,62934
17827,true,q1,12,1,600,RED,1,-0.178285,-0.1455,62934
18452,true,q0,-12,1,600,BLUE,1,-0.152824,0.171179,62934
18460,true,q1,12,1,600,RED,1,-0.178285,-0.1455,62934
19085,true,q0,-12,1,600,BLUE,1,-0.152824,0.171179,62934
19093,true,q1,12,1,600,RED,1,-0.178285,-0.1455,62934
19718,true,q0,-12,1,600,BLUE,1,-0.152824,0.171179,62934
19726,true,q1,12,1,600,RED,1,-0.178285,-0.1455,62934
20351,true,q0,-12,1,600,BLUE,1,-0.152824,0.171179,62934
20359,true,q1,12,1,600,RED,1,-0.178285,-0.1455,62934
20984,true,q0,-12,1,600,BLUE,1,-0.152824,0.171179,62934
20992,true,q1,12,1,600,RED,1,-0.178285,-0.1455,62934
21617,true,q0,-12,1,600,BLUE,1,-0.152824,0.171179,62934
21625,true,q1,12,1,600,RED,1,-0.178285,-0.1455,62934
22250,true,q0,-12,1,600,BLUE,1,-0.152824,0.171179,62934
22258,true,q1,12,1,600,RED,1,-0.178285,-0.1455,62934
22883,true,q0,-12,1,600,BLUE,1,-0.152824,0.171179,62934
22891,true,q1,12,1,600,RED,1,-0.178285,-0.1455,62934
23516,true,q0,-12,1,600,BLUE,1,-0.152824,0.171179,62934
23524,true,q1,12,1,600,RED,1,-0.178285,-0.1455,62934
24149,true,q0,-12,1,600,BLUE,1,-0.152824,0.171179,62934
24157,true,q1,12,1,600,RED,1,-0.178285,-0.1455,62934
24782,true,q0,-12,1,600,BLUE,1,-0.152824,0.171179,62934
24790,true,q1,12,1,600,RED,1,-0.178285,-0.1455,62934
25415,true,q0,-12,1,600,BLUE,1,-0.152824,0.171179,62934
25423,true,q1,12,1,600,RED,1,-0.178285,-0.1455,62934
26048,true,q0,-12,1,600,BLUE,1,-0.152824,0.171179,62934
26056,true,q1,12,1,600,RED,1,-0.178285,-0.1455,62934
26681,true,q0,-12,1,600,BLUE,1,-0.152824,0.171179,62934
26689,true,q1,12,1,600,RED,1,-0.178285,-0.1455,62934
27314,true,q0,-12,1,600,BLUE,1,-0.152824,0.171179,62934
27322,true,q1,12,1,600,RED,1,-0.178285,-0.1455,62934
27947,true,q0,-12,1,600,BLUE,1,-0.152824,0.171179,62934
27955,true,q1,12,1,600,RED,1,-0.178285,-0.1455,62934
28580,true,q0,-12,1,600,BLUE,1,-0.152824,0.171179,62934
28588,true,q1,12,1,600,RED,1,-0.178285,-0.1455,62934
29213,true,q0,-12,1,600,BLUE,1,-0.152824,0.171179,62934
29221,true,q1,12,1,600,RED,1,-0.178285,-0.1455,62934
29846,true,q0,-12,1,600,BLUE,1,-0.152824,0.171179,62934
29854,true,q1,12,1,600,RED,1,-0.178285,-0.1455,62934
30479,true,q0,-12,1,600,BLUE,1,-0.152824,0.171179,62934
30487,true,q1,12,1,600,RED,1,-0.178285,-0.1455,62934
31112,true,q0,-12,1,600,BLUE,1,-0.152824,0.171179,62934
31120,true,q1,12,1,600,RED,1,-0.178285,-0.1455,62934
31745,true,q0,-12,1,600,BLUE,1,-0.152824,0.171179,62934
31753,true,q1,12,1,600,RED,1,-0.178285,-0.1455,62934
32378,true,q0,-12,1,600,BLUE,1,-0.152824,0.171179,62934
32386,true,q1,12,1,600,RED,1,-0.178285,-0.1455,62934
33011,true,q0,-12,1,600,BLUE,1,-0.152824,0.171179,62934
33019,true,q1,12,1,600,RED,1,-0.178285,-0.1455,62934
33644,true,q0,-12,1,600,BLUE,1,-0.152824,0.171179,62934
33652,true,q1,12,1,600,RED,1,-0.178285,-0.1455,62934
34277,true,q0,-12,1,600,BLUE,1,-0.152824,0.171179,62934
34285,true,q1,12,1,600,RED,1,-0.178285,-0.1455,62934
34910,true,q0,-12,1,600,BLUE,1,-0.152824,0.171179,62934
34918,true,q1,12,1,600,RED,1,-0.178285,-0.1455,62934
35543,true,q0,-12,1,600,BLUE,1,-0.152824,0.171179,62934
35551,true,q1,12,1,600,RED,1,-0.178285,-0.1455,62934
36176,true,q0,-12,1,600,BLUE,1,-0.152824,0.171179,62934
36184,true,q1,12,1,600,RED,1,-0.178285,-0.1455,62934
36809,true,q0,-12,1,600,BLUE,1,-0.152824,0.171179,62934
36817,true,q1,12,1,600,RED,1,-0.178285,-0.1455,62934
37442,true,q0,-12,1,600,BLUE,1,-0.152824,0.171179,62934
37450,true,q1,12,1,600,RED,1,-0.178285,-0.1455,62934
38075,true,q0,-12,1,600,BLUE,1,-0.152824,0.171179,62934
38083,true,q1,12,1,600,RED,1,-0.178285,-0.1455,62934
38708,true,q0,-12,1,600,BLUE,1,-0.152824,0.171179,62934
38716,true,q1,12,1,600,RED,1,-0.178285,-0.1455,62934
39341,true,q0,-12,1,600,BLUE,1,-0.152824,0.171179,62934
39349,true,q1,12,1,600,RED,1,-0.178285,-0.1455,62934
39974,true,q0,-12,1,600,BLUE,1,-0.152824,0.171179,62934
39982,true,q1,12,1,600,RED,1,-0.178285,-0.1455,62934
40607,true,q0,-12,1,600,BLUE,1,-0.152824,0.171179,62934
40615,true,q1,12,1,600,RED,1,-0.178285,-0.1455,62934
41240,true,q0,-12,1,600,BLUE,1,-0.152824,0.171179,62934
41248,true,q1,12,1,600,RED,1,-0.178285,-0.1455,62934
41873,true,q0,-12,1,600,BLUE,1,-0.152824,0.171179,62934
41881,true,q1,12,1,600,RED,1,-0.178285,-0.1455,62934
42506,true,q0,-12,1,600,BLUE,1,-0.152824,0.171179,62934
42514,true,q1,12,1,600,RED,1,-0.178285,-0.1455,62934
43139,true,q0,-12,1,600,BLUE,1,-0.152824,0.171179,62934
43147,true,q1,12,1,600,RED,1,-0.178285,-0.1455,62934
43772,true,q0,-12,1,600,BLUE,1,-0.152824,0.171179,62934
43780,true,q1,12,1,600,RED,1,-0.178285,-0.1455,62934
44405,true,q0,-12,1,600,BLUE,1,-0.152824,0.171179,62934
44413,true,q1,12,1,600,RED,1,-0.178285,-0.1455,62934
45038,true,q0,-12,1,600,BLUE,1,-0.152824,0.171179,62934
45046,true,q1,12,1,600,RED,1,-0.178285,-0.1455,62934
45671,true,q0,-12,1,600,BLUE,1,-0.152824,0.171179,62934
45679,true,q1,12,1,600,RED,1,-0.178285,-0.1455,62934
46304,true,q0,-12,1,600,BLUE,1,-0.152824,0.171179,62934
46312,true,q1,12,1,600,RED,1,-0.178285,-0.1455,62934
46945,true,q1,12,1,600,RED,1,-0.178285,-0.1455,62934
46980,true,q0,-12,1,600,BLUE,43,-0.152824,0.171179,62934
47578,true,q1,12,1,600,RED,1,-0.178285,-0.1455,62934
47613,true,q0,-12,1,600,BLUE,1,-0.152824,0.171179,62934
48211,true,q1,12,1,600,RED,1,-0.178285,-0.1455,62934
48246,true,q0,-12,1,600,BLUE,1,-0.152824,0.171179,62934
48844,true,q1,12,1,600,RED,1,-0.178285,-0.1455,62934
48879,true,q0,-12,1,600,BLUE,1,-0.152824,0.171179,62934
49477,true,q1,12,1,600,RED,1,-0.178285,-0.1455,62934
49512,true,q0,-12,1,600,BLUE,1,-0.152824,0.171179,62934
50110,true,q1,12,1,600,RED,1,-0.178285,-0.1455,62934
50145,true,q0,-12,1,600,BLUE,1,-0.152824,0.171179,62934
50743,true,q1,12,1,600,RED,1,-0.178285,-0.1455,62934
50778,true,q0,-12,1,600,BLUE,1,-0.152824,0.171179,62934
51376,true,q1,12,1,600,RED,1,-0.178285,-0.1455,62934
51411,true,q0,-12,1,600,BLUE,1,-0.152824,0.171179,62934
52009,true,q1,12,1,600,RED,1,-0.178285,-0.1455,62934
52044,true,q0,-12,1,600,BLUE,1,-0.152824,0.171179,62934
52642,true,q1,12,1,600,RED,1,-0.178285,-0.1455,62934
52677,true,q0,-12,1,600,BLUE,1,-0.152824,0.171179,62934
53310,true,q0,-12,1,600,BLUE,1,-0.152824,0.171179,62934
53326,true,q1,12,1,600,RED,51,-0.178285,-0.1455,62934
53943,true,q0,-12,1,600,BLUE,1,-0.152824,0.171179,62934
53959,true,q1,12,1,600,RED,1,-0.178285,-0.1455,62934
54576,true,q0,-12,1,600,BLUE,1,-0.152824,0.171179,62934
54592,true,q1,12,1,600,RED,1,-0.178285,-0.1455,62934
55209,true,q0,-12,1,600,BLUE,1,-0.152824,0.171179,62934
55225,true,q1,12,1,600,RED,1,-0.178285,-0.1455,62934
55842,true,q0,-12,1,600,BLUE,1,-0.152824,0.171179,62934
55858,true,q1,12,1,600,RED,1,-0.178285,-0.1455,62934
56475,true,q0,-12,1,600,BLUE,1,-0.152824,0.171179,62934
56491,true,q1,12,1,600,RED,1,-0.178285,-0.1455,62934
57108,true,q0,-12,1,600,BLUE,1,-0.152824,0.171179,62934
57124,true,q1,12,1,600,RED,1,-0.178285,-0.1455,62934
57741,true,q0,-12,1,600,BLUE,1,-0.152824,0.171179,62934
57757,true,q1,12,1,600,RED,1,-0.178285,-0.1455,62934
58374,true,q0,-12,1,600,BLUE,1,-0.152824,0.171179,62934
58390,true,q1,12,1,600,RED,1,-0.178285,-0.1455,62934
59007,true,q0,-12,1,600,BLUE,1,-0.152824,0.171179,62934
59023,true,q1,12,1,600,RED,1,-0.178285,-0.1455,62934
59640,true,q0,-12,1,600,BLUE,1,-0.152824,0.171179,62934
59656,true,q1,12,1,600,RED,1,-0.178285,-0.1455,62934
60273,true,q0,-12,1,600,BLUE,1,-0.152824,0.171179,62934
60289,true,q1,12,1,600,RED,1,-0.178285,-0.1455,62934
60906,true,q0,-12,1,600,BLUE,1,-0.152824,0.171179,62934
60922,true,q1,12,1,600,RED,1,-0.178285,-0.1455,62934
61539,true,q0,-12,1,600,BLUE,1,-0.152824,0.171179,62934
61555,true,q1,12,1,600,RED,1,-0.178285,-0.1455,62934
62172,true,q0,-12,1,600,BLUE,1,-0.152824,0.171179,62934
62188,true,q1,12,1,600,RED,1,-0.178285,-0.1455,62934
62805,true,q0,-12,1,600,BLUE,1,-0.152824,0.171179,62934
62821,true,q1,12,1,600,RED,1,-0.178285,-0.1455,62934
63438,true,q0,-12,1,600,BLUE,1,-0.152824,0.171179,62934
63454,true,q1,12,1,600,RED,1,-0.178285,-0.1455,62934
64071,true,q0,-12,1,600,BLUE,1,-0.152824,0.171179,62934
64087,true,q1,12,1,600,RED,1,-0.178285,-0.1455,62934
64704,true,q0,-12,1,600,BLUE,1,-0.152824,0.171179,62934
64720,true,q1,12,1,600,RED,1,-0.178285,-0.1455,62934
65337,true,q0,-12,1,600,BLUE,1,-0.152824,0.171179,62934
65353,true,q1,12,1,600,RED,1,-0.178285,-0.1455,62934
65970,true,q0,-12,1,600,BLUE,1,-0.152824,0.171179,62934
65986,true,q1,12,1,600,RED,1,-0.178285,-0.1455,62934
66603,true,q0,-12,1,600,BLUE,1,-0.152824,0.171179,62934
66619,true,q1,12,1,600,RED,1,-0.178285,-0.1455,62934
67236,true,q0,-12,1,600,BLUE,1,-0.152824,0.171179,62934
67252,true,q1,12,1,600,RED,1,-0.178285,-0.1455,62934
67869,true,q0,-12,1,600,BLUE,1,-0.152824,0.171179,62934
67885,true,q1,12,1,600,RED,1,-0.178285,-0.1455,62934
68502,true,q0,-12,1,600,BLUE,1,-0.152824,0.171179,62934
68518,true,q1,12,1,600,RED,1,-0.178285,-0.1455,62934
69135,true,q0,-12,1,600,BLUE,1,-0.152824,0.171179,62934
69151,true,q1,12,1,600,RED,1,-0.178285,-0.1455,62934
69768,true,q0,-12,1,600,BLUE,1,-0.152824,0.171179,62934
69784,true,q1,12,1,600,RED,1,-0.178285,-0.1455,62934
70401,true,q0,-12,1,600,BLUE,1,-0.152824,0.171179,62934
70417,true,q1,12,1,600,RED,1,-0.178285,-0.1455,62934
71034,true,q0,-12,1,600,BLUE,1,-0.152824,0.171179,62934
71050,true,q1,12,1,600,RED,1,-0.178285,-0.1455,62934
71667,true,q0,-12,1,600,BLUE,1,-0.152824,0.171179,62934
71683,true,q1,12,1,600,RED,1,-0.178285,-0.1455,62934
72300,true,q0,-12,1,600,BLUE,1,-0.152824,0.171179,62934
72316,true,q1,12,1,600,RED,1,-0.178285,-0.1455,62934
72933,true,q0,-12,1,600,BLUE,1,-0.152824,0.171179,62934
72949,true,q1,12,1,600,RED,1,-0.178285,-0.1455,62934
73566,true,q0,-12,1,600,BLUE,1,-0.152824,0.171179,62934
73582,true,q1,12,1,600,RED,1,-0.178285,-0.1455,62934
74199,true,q0,-12,1,600,BLUE,1,-0.152824,0.171179,62934
74215,true,q1,12,1,600,RED,1,-0.178285,-0.1455,62934
74832,true,q0,-12,1,600,BLUE,1,-0.152824,0.171179,62934
74848,true,q1,12,1,600,RED,1,-0.178285,-0.1455,62934
75465,true,q0,-12,1,600,BLUE,1,-0.152824,0.171179,62934
75481,true,q1,12,1,600,RED,1,-0.178285,-0.1455,62934
76098,true,q0,-12,1,600,BLUE,1,-0.152824,0.171179,62934
76114,true,q1,12,1,600,RED,1,-0.178285,-0.1455,62934
76731,true,q0,-12,1,600,BLUE,1,-0.152824,0.171179,62934
76747,true,q1,12,1,600,RED,1,-0.178285,-0.1455,62934
77364,true,q0,-12,1,600,BLUE,1,-0.152824,0.171179,62934
77380,true,q1,12,1,600,RED,1,-0.178285,-0.1455,62934
77997,true,q0,-12,1,600,BLUE,1,-0.152824,0.171179,62934
78013,true,q1,12,1,600,RED,1,-0.178285,-0.1455,62934
78630,true,q0,-12,1,600,BLUE,1,-0.152824,0.171179,62934
78646,true,q1,12,1,600,RED,1,-0.178285,-0.1455,62934
79263,true,q0,-12,1,600,BLUE,1,-0.152824,0.171179,62934
79279,true,q1,12,1,600,RED,1,-0.178285,-0.1455,62934
79896,true,q0,-12,1,600,BLUE,1,-0.152824,0.171179,62934
79912,true,q1,12,1,600,RED,1,-0.178285,-0.1455,62934
80529,true,q0,-12,1,600,BLUE,1,-0.152824,0.171179,62934
80545,true,q1,12,1,600,RED,1,-0.178285,-0.1455,62934
81162,true,q0,-12,1,600,BLUE,1,-0.152824,0.171179,62934
81178,true,q1,12,1,600,RED,1,-0.178285,-0.1455,62934
81795,true,q0,-12,1,600,BLUE,1,-0.152824,0.171179,62934
81811,true,q1,12,1,600,RED,1,-0.178285,-0.1455,62934
82428,true,q0,-12,1,600,BLUE,1,-0.152824,0.171179,62934
82444,true,q1,12,1,600,RED,1,-0.178285,-0.1455,62934
83061,true,q0,-12,1,600,BLUE,1,-0.152824,0.171179,62934
83077,true,q1,12,1,600,RED,1,-0.178285,-0.1455,62934
83694,true,q0,-12,1,600,BLUE,1,-0.152824,0.171179,62934
83710,true,q1,12,1,600,RED,1,-0.178285,-0.1455,62934
84327,true,q0,-12,1,600,BLUE,1,-0.152824,0.171179,62934
84343,true,q1,12,1,600,RED,1,-0.178285,-0.1455,62934
84960,true,q0,-12,1,600,BLUE,1,-0.152824,0.171179,62934
84976,true,q1,12,1,600,RED,1,-0.178285,-0.1455,62934
85593,true,q0,-12,1,600,BLUE,1,-0.152824,0.171179,62934
85609,true,q1,12,1,600,RED,1,-0.178285,-0.1455,62934
86226,true,q0,-12,1,600,BLUE,1,-0.152824,0.171179,62934
86242,true,q1,12,1,600,RED,1,-0.178285,-0.1455,62934
86859,true,q0,-12,1,600,BLUE,1,-0.152824,0.171179,62934
86875,true,q1,12,1,600,RED,1,-0.178285,-0.1455,62934
87492,true,q0,-12,1,600,BLUE,1,-0.152824,0.171179,62934
87508,true,q1,12,1,600,RED,1,-0.178285,-0.1455,62934
88125,true,q0,-12,1,600,BLUE,1,-0.152824,0.171179,62934
88141,true,q1,12,1,600,RED,1,-0.178285,-0.1455,62934
88758,true,q0,-12,1,600,BLUE,1,-0.152824,0.171179,62934
88774,true,q1,12,1,600,RED,1,-0.178285,-0.1455,62934
89391,true,q0,-12,1,600,BLUE,1,-0.152824,0.171179,62934
89407,true,q1,12,1,600,RED,1,-0.178285,-0.1455,62934
90040,true,q1,12,1,600,RED,1,-0.178285,-0.1455,62934
90067,true,q0,-12,1,600,BLUE,43,-0.152824,0.171179,62934
90673,true,q1,12,1,600,RED,1,-0.178285,-0.1455,62934
90700,true,q0,-12,1,600,BLUE,1,-0.152824,0.171179,62934
91333,true,q0,-12,1,600,BLUE,1,-0.152824,0.171179,62934
91357,true,q1,12,1,600,RED,51,-0.178285,-0.1455,62934
91966,true,q0,-12,1,600,BLUE,1,-0.152824,0.171179,62934
91990,true,q1,12,1,600,RED,1,-0.178285,-0.1455,62934
92599,true,q0,-12,1,600,BLUE,1,-0.152824,0.171179,62934
92623,true,q1,12,1,600,RED,1,-0.178285,-0.1455,62934
93232,true,q0,-12,1,600,BLUE,1,-0.152824,0.171179,62934
93256,true,q1,12,1,600,RED,1,-0.178285,-0.1455,62934
93865,true,q0,-12,1,600,BLUE,1,-0.152824,0.171179,62934
93889,true,q1,12,1,600,RED,1,-0.178285,-0.1455,62934
94498,true,q0,-12,1,600,BLUE,1,-0.152824,0.171179,62934
94522,true,q1,12,1,600,RED,1,-0.178285,-0.1455,62934
95131,true,q0,-12,1,600,BLUE,1,-0.152824,0.171179,62934
95155,true,q1,12,1,600,RED,1,-0.178285,-0.1455,62934
95764,true,q0,-12,1,600,BLUE,1,-0.152824,0.171179,62934
95788,true,q1,12,1,600,RED,1,-0.178285,-0.1455,62934
96397,true,q0,-12,1,600,BLUE,1,-0.152824,0.171179,62934
96421,true,q1,12,1,600,RED,1,-0.178285,-0.1455,62934
97030,true,q0,-12,1,600,BLUE,1,-0.152824,0.171179,62934
97054,true,q1,12,1,600,RED,1,-0.178285,-0.1455,62934
97663,true,q0,-12,1,600,BLUE,1,-0.152824,0.171179,62934
97687,true,q1,12,1,600,RED,1,-0.178285,-0.1455,62934
98296,true,q0,-12,1,600,BLUE,1,-0.152824,0.171179,62934
98320,true,q1,12,1,600,RED,1,-0.178285,-0.1455,62934
98929,true,q0,-12,1,600,BLUE,1,-0.152824,0.171179,62934
98953,true,q1,12,1,600,RED,1,-0.178285,-0.1455,62934
99562,true,q0,-12,1,600,BLUE,1,-0.152824,0.171179,62934
99586,true,q1,12,1,600,RED,1,-0.178285,-0.1455,62934
52,true,q1,0,1,600,RED,1,-0.178285,-0.1455,34376
52,true,q0,0,1,600,BLUE,1,-0.152824,0.171179,34376
685,true,q1,1,1,600,RED,1,-0.178285,-0.1455,34376
685,true,q0,-1,1,600,BLUE,1,-0.152824,0.171179,34376
1318,true,q1,2,1,600,RED,1,-0.178285,-0.1455,34376
1318,true,q0,-2,1,600,BLUE,1,-0.152824,0.171179,34376
1951,true,q1,3,1,600,RED,1,-0.178285,-0.1455,34376
1951,true,q0,-3,1,600,BLUE,1,-0.152824,0.171179,34376
2584,true,q1,4,1,600,RED,1,-0.178285,-0.1455,34376
2584,true,q0,-4,1,600,BLUE,1,-0.152824,0.171179,34376
3217,true,q1,5,1,600,RED,1,-0.178285,-0.1455,34376
3217,true,q0,-5,1,600,BLUE,1,-0.152824,0.171179,34376
3850,true,q1,6,1,600,RED,1,-0.178285,-0.1455,34376
3893,true,q0,-6,1,600,BLUE,43,-0.152824,0.171179,34376
4483,true,q1,7,1,600,RED,1,-0.178285,-0.1455,34376
4526,true,q0,-7,1,600,BLUE,1,-0.152824,0.171179,34376
5116,true,q1,8,1,600,RED,1,-0.178285,-0.1455,34376
5159,true,q0,-8,1,600,BLUE,1,-0.152824,0.171179,34376
5749,true,q1,9,1,600,RED,1,-0.178285,-0.1455,34376
5792,true,q0,-9,1,600,BLUE,1,-0.152824,0.171179,34376
6382,true,q1,10,1,600,RED,1,-0.178285,-0.1455,34376
6425,true,q0,-10,1,600,BLUE,1,-0.152824,0.171179,34376
7015,true,q1,11,1,600,RED,1,-0.178285,-0.1455,34376
7058,true,q0,-11,1,600,BLUE,1,-0.152824,0.171179,34376
7648,true,q1,12,1,600,RED,1,-0.178285,-0.1455,34376
7691,true,q0,-12,1,600,BLUE,1,-0.152824,0.171179,34376
8281,true,q1,12,1,600,RED,1,-0.178285,-0.1455,34376
8324,true,q0,-12,1,600,BLUE,1,-0.152824,0.171179,34376
8914,true,q1,12,1,600,RED,1,-0.178285,-0.1455,34376
8957,true,q0,-12,1,600,BLUE,1,-0.152824,0.171179,34376
9547,true,q1,12,1,600,RED,1,-0.178285,-0.1455,34376
9590,true,q0,-12,1,600,BLUE,1,-0.152824,0.171179,34376
10180,true,q1,12,1,600,RED,1,-0.178285,-0.1455,34376
10223,true,q0,-12,1,600,BLUE,1,-0.152824,0.171179,34376
10813,true,q1,12,1,600,RED,1,-0.178285,-0.1455,34376
10856,true,q0,-12,1,600,BLUE,1,-0.152824,0.171179,34376
11446,true,q1,12,1,600,RED,1,-0.178285,-0.1455,34376
11489,true,q0,-12,1,600,BLUE,1,-0.152824,0.171179,34376
12079,true,q1,12,1,600,RED,1,-0.178285,-0.1455,34376
12122,true,q0,-12,1,600,BLUE,1,-0.152824,0.171179,34376
12712,true,q1,12,1,600,RED,1,-0.178285,-0.1455,34376
12755,true,q0,-12,1,600,BLUE,1,-0.152824,0.171179,34376
13345,true,q1,12,1,600,RED,1,-0.178285,-0.1455,34376
13388,true,q0,-12,1,600,BLUE,1,-0.152824,0.171179,34376
13978,true,q1,12,1,600,RED,1,-0.178285,-0.1455,34376
14021,true,q0,-12,1,600,BLUE,1,-0.152824,0.171179,34376
14611,true,q1,12,1,600,RED,1,-0.178285,-0.1455,34376
14654,true,q0,-12,1,600,BLUE,1,-0.152824,0.171179,34376
15287,true,q0,-12,1,600,BLUE,1,-0.152824,0.171179,34376
15295,true,q1,12,1,600,RED,51,-0.178285,-0.1455,34376
15920,true,q0,-12,1,600,BLUE,1,-0.152824,0.171179,34376
15928,true,q1,12,1,600,RED,1,-0.178285,-0.1455,34376
16553,true,q0,-12,1,600,BLUE,1,-0.152824,0.171179,34376
16561,true,q1,12,1,600,RED,1,-0.178285,-0.1455,34376
17186,true,q0,-12,1,600,BLUE,1,-0.152824,0.171179,34376
17194,true,q1,12,1,600,RED,1,-0.178285,-0.1455,34376
17819,true,q0,-12,1,600,BLUE,1,-0.152824,0.171179,34376
17827,true,q1,12,1,600,RED,1,-0.178285,-0.1455,34376
18452,true,q0,-12,1,600,BLUE,1,-0.152824,0.171179,34376
18460,true,q1,12,1,600,RED,1,-0.178285,-0.1455,34376
19085,true,q0,-12,1,600,BLUE,1,-0.152824,0.171179,34376
19093,true,q1,12,1,600,RED,1,-0.178285,-0.1455,34376
19718,true,q0,-12,1,600,BLUE,1,-0.152824,0.171179,34376
19726,true,q1,12,1,600,RED,1,-0.178285,-0.1455,34376
20351,true,q0,-12,1,600,BLUE,1,-0.152824,0.171179,34376
20359,true,q1,12,1,600,RED,1,-0.178285,-0.1455,34376
20984,true,q0,-12,1,600,BLUE,1,-0.152824,0.171179,34376
20992,true,q1,12,1,600,RED,1,-0.178285,-0.1455,34376
21617,true,q0,-12,1,600,BLUE,1,-0.152824,0.171179,34376
21625,true,q1,12,1,600,RED,1,-0.178285,-0.1455,34376
22250,true,q0,-12,1,600,BLUE,1,-0.152824,0.171179,34376
22258,true,q1,12,1,600,RED,1,-0.178285,-0.1455,34376
22883,true,q0,-12,1,600,BLUE,1,-0.152824,0.171179,34376
22891,true,q1,12,1,600,RED,1,-0.178285,-0.1455,34376
23516,true,q0,-12,1,600,BLUE,1,-0.152824,0.171179,34376
23524,true,q1,12,1,600,RED,1,-0.178285,-0.1455,34376
24149,true,q0,-12,1,600,BLUE,1,-0.152824,0.171179,34376
24157,true,q1,12,1,600,RED,1,-0.178285,-0.1455,34376
24782,true,q0,-12,1,600,BLUE,1,-0.152824,0.171179,34376
24790,true,q1,12,1,600,RED,1,-0.178285,-0.1455,34376
25415,true,q0,-12,1,600,BLUE,1,-0.152824,0.171179,34376
25423,true,q1,12,1,600,RED,1,-0.178285,-0.1455,34376
26048,true,q0,-12,1,600,BLUE,1,-0.152824,0.171179,34376
26056,true,q1,12,1,600,RED,1,-0.178285,-0.1455,34376
26681,true,q0,-12,1,600,BLUE,1,-0.152824,0.171179,34376
26689,true,q1,12,1,600,RED,1,-0.178285,-0.1455,34376
27314,true,q0,-12,1,600,BLUE,1,-0.152824,0.171179,34376
27322,true,q1,12,1,600,RED,1,-0.178285,-0.1455,34376
27947,true,q0,-12,1,600,BLUE,1,-0.152824,0.171179,34376
27955,true,q1,12,1,600,RED,1,-0.178285,-0.1455,34376
28580,true,q0,-12,1,600,BLUE,1,-0.152824,0.171179,34376
28588,true,q1,12,1,600,RED,1,-0.178285,-0.1455,34376
29213,true,q0,-12,1,600,BLUE,1,-0.152824,0.171179,34376
29221,true,q1,12,1,600,RED,1,-0.178285,-0.1455,34376
29846,true,q0,-12,1,600,BLUE,1,-0.152824,0.171179,34376
29854,true,q1,12,1,600,RED,1,-0.178285,-0.1455,34376
30479,true,q0,-12,1,600,BLUE,1,-0.152824,0.171179,34376
30487,true,q1,12,1,600,RED,1,-0.178285,-0.1455,34376
31112,true,q0,-12,1,600,BLUE,1,-0.152824,0.171179,34376
31120,true,q1,12,1,600,RED,1,-0.178285,-0.1455,34376
31745,true,q0,-12,1,600,BLUE,1,-0.152824,0.171179,34376
31753,true,q1,12,1,600,RED,1,-0.178285,-0.1455,34376
32378,true,q0,-12,1,600,BLUE,1,-0.152824,0.171179,34376
32386,true,q1,12,1,600,RED,1,-0.178285,-0.1455,34376
33011,true,q0,-12,1,600,BLUE,1,-0.152824,0.171179,34376
33019,true,q1,12,1,600,RED,1,-0.178285,-0.1455,34376
33644,true,q0,-12,1,600,BLUE,1,-0.152824,0.171179,34376
33652,true,q1,12,1,600,RED,1,-0.178285,-0.1455,34376
34277,true,q0,-12,1,600,BLUE,1,-0.152824,0.171179,34376
34285,true,q1,12,1,600,RED,1,-0.178285,-0.1455,34376
34910,true,q0,-12,1,600,BLUE,1,-0.152824,0.171179,34376
34918,true,q1,12,1,600,RED,1,-0.178285,-0.1455,34376
35543,true,q0,-12,1,600,BLUE,1,-0.152824,0.171179,34376
35551,true,q1,12,1,600,RED,1,-0.178285,-0.1455,34376
36176,true,q0,-12,1,600,BLUE,1,-0.152824,0.171179,34376
36184,true,q1,12,1,600,RED,1,-0.178285,-0.1455,34376
36809,true,q0,-12,1,600,BLUE,1,-0.152824,0.171179,34376
36817,true,q1,12,1,600,RED,1,-0.178285,-0.1455,34376
37442,true,q0,-12,1,600,BLUE,1,-0.152824,0.171179,34376
37450,true,q1,12,1,600,RED,1,-0.178285,-0.1455,34376
38075,true,q0,-12,1,600,BLUE,1,-0.152824,0.171179,34376
38083,true,q1,12,1,600,RED,1,-0.178285,-0.1455,34376
38708,true,q0,-12,1,600,BLUE,1,-0.152824,0.171179,34376
38716,true,q1,12,1,600,RED,1,-0.178285,-0.1455,34376
39341,true,q0,-12,1,600,BLUE,1,-0.152824,0.171179,34376
39349,true,q1,12,1,600,RED,1,-0.178285,-0.1455,34376
39974,true,q0,-12,1,600,BLUE,1,-0.152824,0.171179,34376
39982,true,q1,12,1,600,RED,1,-0.178285,-0.1455,34376
40607,true,q0,-12,1,600,BLUE,1,-0.152824,0.171179,34376
40615,true,q1,12,1,600,RED,1,-0.178285,-0.1455,34376
41240,true,q0,-12,1,600,BLUE,1,-0.152824,0.171179,34376
41248,true,q1,12,1,600,RED,1,-0.178285,-0.1455,34376
41873,true,q0,-12,1,600,BLUE,1,-0.152824,0.171179,34376
41881,true,q1,12,1,600,RED,1,-0.178285,-0.1455,34376
42506,true,q0,-12,1,600,BLUE,1,-0.152824,0.171179,34376
42514,true,q1,12,1,600,RED,1,-0.178285,-0.1455,34376
43139,true,q0,-12,1,600,BLUE,1,-0.152824,0.171179,34376
43147,true,q1,12,1,600,RED,1,-0.178285,-0.1455,34376
43772,true,q0,-12,1,600,BLUE,1,-0.152824,0.171179,34376
43780,true,q1,12,1,600,RED,1,-0.178285,-0.1455,34376
44405,true,q0,-12,1,600,BLUE,1,-0.152824,0.171179,34376
44413,true,q1,12,1,600,RED,1,-0.178285,-0.1455,34376
45038,true,q0,-12,1,600,BLUE,1,-0.152824,0.171179,34376
45046,true,q1,12,1,600,RED,1,-0.178285,-0.1455,34376
45671,true,q0,-12,1,600,BLUE,1,-0.152824,0.171179,34376
45679,true,q1,12,1,600,RED,1,-0.178285,-0.1455,34376
46304,true,q0,-12,1,600,BLUE,1,-0.152824,0.171179,34376
46312,true,q1,12,1,600,RED,1,-0.178285,-0.1455,34376
46945,true,q1,12,1,600,RED,1,-0.178285,-0.1455,34376
46980,true,q0,-12,1,600,BLUE,43,-0.152824,0.171179,34376
47578,true,q1,12,1,600,RED,1,-0.178285,-0.1455,34376
47613,true,q0,-12,1,600,BLUE,1,-0.152824,0.171179,34376
48211,true,q1,12,1,600,RED,1,-0.178285,-0.1455,34376
48246,true,q0,-12,1,600,BLUE,1,-0.152824,0.171179,34376
48844,true,q1,12,1,600,RED,1,-0.178285,-0.1455,34376
48879,true,q0,-12,1,600,BLUE,1,-0.152824,0.171179,34376
49477,true,q1,12,1,600,RED,1,-0.178285,-0.1455,34376
49512,true,q0,-12,1,600,BLUE,1,-0.152824,0.171179,34376
50110,true,q1,12,1,600,RED,1,-0.178285,-0.1455,34376
50145,true,q0,-12,1,600,BLUE,1,-0.152824,0.171179,34376
50743,true,q1,12,1,600,RED,1,-0.178285,-0.1455,34376
50778,true,q0,-12,1,600,BLUE,1,-0.152824,0.171179,34376
51376,true,q1,12,1,600,RED,1,-0.178285,-0.1455,34376
51411,true,q0,-12,1,600,BLUE,1,-0.152824,0.171179,34376
52009,true,q1,12,1,600,RED,1,-0.178285,-0.1455,34376
52044,true,q0,-12,1,600,BLUE,1,-0.152824,0.171179,34376
52642,true,q1,12,1,600,RED,1,-0.178285,-0.1455,34376
52677,true,q0,-12,1,600,BLUE,1,-0.152824,0.171179,34376
53310,true,q0,-12,1,600,BLUE,1,-0.152824,0.171179,34376
53326,true,q1,12,1,600,RED,51,-0.178285,-0.1455,34376
53943,true,q0,-12,1,600,BLUE,1,-0.152824,0.171179,34376
53959,true,q1,12,1,600,RED,1,-0.178285,-0.1455,34376
54576,true,q0,-12,1,600,BLUE,1,-0.152824,0.171179,34376
54592,true,q1,12,1,600,RED,1,-0.178285,-0.1455,34376
55209,true,q0,-12,1,600,BLUE,1,-0.152824,0.171179,34376
55225,true,q1,12,1,600,RED,1,-0.178285,-0.1455,34376
55842,true,q0,-12,1,600,BLUE,1,-0.152824,0.171179,34376
55858,true,q1,12,1,600,RED,1,-0.178285,-0.1455,34376
56475,true,q0,-12,1,600,BLUE,1,-0.152824,0.171179,34376
56491,true,q1,12,1,600,RED,1,-0.178285,-0.1455,34376
57108,true,q0,-12,1,600,BLUE,1,-0.152824,0.171179,34376
57124,true,q1,12,1,600,RED,1,-0.178285,-0.1455,34376
57741,true,q0,-12,1,600,BLUE,1,-0.152824,0.171179,34376
57757,true,q1,12,1,600,RED,1,-0.178285,-0.1455,34376
58374,true,q0,-12,1,600,BLUE,1,-0.152824,0.171179,34376
58390,true,q1,12,1,600,RED,1,-0.178285,-0.1455,34376
59007,true,q0,-12,1,600,BLUE,1,-0.152824,0.171179,34376
59023,true,q1,12,1,600,RED,1,-0.178285,-0.1455,34376
59640,true,q0,-12,1,600,BLUE,1,-0.152824,0.171179,34376
59656,true,q1,12,1,600,RED,1,-0.178285,-0.1455,34376
60273,true,q0,-12,1,600,BLUE,1,-0.152824,0.171179,34376
60289,true,q1,12,1,600,RED,1,-0.178285,-0.1455,34376
60906,true,q0,-12,1,600,BLUE,1,-0.152824,0.171179,34376
60922,true,q1,12,1,600,RED,1,-0.178285,-0.1455,34376
61539,true,q0,-12,1,600,BLUE,1,-0.152824,0.171179,34376
61555,true,q1,12,1,600,RED,1,-0.178285,-0.1455,34376
62172,true,q0,-12,1,600,BLUE,1,-0.152824,0.171179,34376
62188,true,q1,12,1,600,RED,1,-0.178285,-0.1455,34376
62805,true,q0,-12,1,600,BLUE,1,-0.152824,0.171179,34376
62821,true,q1,12,1,600,RED,1,-0.178285,-0.1455,34376
63438,true,q0,-12,1,600,BLUE,1,-0.152824,0.171179,34376
63454,true,q1,12,1,600,RED,1,-0.178285,-0.1455,34376
64071,true,q0,-12,1,600,BLUE,1,-0.152824,0.171179,34376
64087,true,q1,12,1,600,RED,1,-0.178285,-0.1455,34376
64704,true,q0,-12,1,600,BLUE,1,-0.152824,0.171179,34376
64720,true,q1,12,1,600,RED,1,-0.178285,-0.1455,34376
65337,true,q0,-12,1,600,BLUE,1,-0.152824,0.171179,34376
65353,true,q1,12,1,600,RED,1,-0.178285,-0.1455,34376
65970,true,q0,-12,1,600,BLUE,1,-0.152824,0.171179,34376
65986,true,q1,12,1,600,RED,1,-0.178285,-0.1455,34376
66603,true,q0,-12,1,600,BLUE,1,-0.152824,0.171179,34376
66619,true,q1,12,1,600,RED,1,-0.178285,-0.1455,34376
67236,true,q0,-12,1,600,BLUE,1,-0.152824,0.171179,34376
67252,true,q1,12,1,600,RED,1,-0.178285,-0.1455,34376
67869,true,q0,-12,1,600,BLUE,1,-0.152824,0.171179,34376
67885,true,q1,12,1,600,RED,1,-0.178285,-0.1455,34376
68502,true,q0,-12,1,600,BLUE,1,-0.152824,0.171179,34376
68518,true,q1,12,1,600,RED,1,-0.178285,-0.1455,34376
69135,true,q0,-12,1,600,BLUE,1,-0.152824,0.171179,34376
69151,true,q1,12,1,600,RED,1,-0.178285,-0.1455,34376
69768,true,q0,-12,1,600,BLUE,1,-0.152824,0.171179,34376
69784,true,q1,12,1,600,RED,1,-0.178285,-0.1455,34376
70401,true,q0,-12,1,600,BLUE,1,-0.152824,0.171179,34376
70417,true,q1,12,1,600,RED,1,-0.178285,-0.1455,34376
71034,true,q0,-12,1,600,BLUE,1,-0.152824,0.171179,34376
71050,true,q1,12,1,600,RED,1,-0.178285,-0.1455,34376
71667,true,q0,-12,1,600,BLUE,1,-0.152824,0.171179,34376
71683,true,q1,12,1,600,RED,1,-0.178285,-0.1455,34376
72300,true,q0,-12,1,600,BLUE,1,-0.152824,0.171179,34376
72316,true,q1,12,1,600,RED,1,-0.178285,-0.1455,34376
72933,true,q0,-12,1,600,BLUE,1,-0.152824,0.171179,34376
72949,true,q1,12,1,600,RED,1,-0.178285,-0.1455,34376
73566,true,q0,-12,1,600,BLUE,1,-0.152824,0.171179,34376
73582,true,q1,12,1,600,RED,1,-0.178285,-0.1455,34376
74199,true,q0,-12,1,600,BLUE,1,-0.152824,0.171179,34376
74215,true,q1,12,1,600,RED,1,-0.178285,-0.1455,34376
74832,true,q0,-12,1,600,BLUE,1,-0.152824,0.171179,34376
74848,true,q1,12,1,600,RED,1,-0.178285,-0.1455,34376
75465,true,q0,-12,1,600,BLUE,1,-0.152824,0.171179,34376
75481,true,q1,12,1,600,RED,1,-0.178285,-0.1455,34376
76098,true,q0,-12,1,600,BLUE,1,-0.152824,0.171179,34376
76114,true,q1,12,1,600,RED,1,-0.178285,-0.1455,34376
76731,true,q0,-12,1,600,BLUE,1,-0.152824,0.171179,34376
76747,true,q1,12,1,600,RED,1,-0.178285,-0.1455,34376
77364,true,q0,-12,1,600,BLUE,1,-0.152824,0.171179,34376
77380,true,q1,12,1,600,RED,1,-0.178285,-0.1455,34376
77997,true,q0,-12,1,600,BLUE,1,-0.152824,0.171179,34376
78013,true,q1,12,1,600,RED,1,-0.178285,-0.1455,34376
78630,true,q0,-12,1,600,BLUE,1,-0.152824,0.171179,34376
78646,true,q1,12,1,600,RED,1,-0.178285,-0.1455,34376
79263,true,q0,-12,1,600,BLUE,1,-0.152824,0.171179,34376
79279,true,q1,12,1,600,RED,1,-0.178285,-0.1455,34376
79896,true,q0,-12,1,600,BLUE,1,-0.152824,0.171179,34376
79912,true,q1,12,1,600,RED,1,-0.178285,-0.1455,34376
80529,true,q0,-12,1,600,BLUE,1,-0.152824,0.171179,34376
80545,true,q1,12,1,600,RED,1,-0.178285,-0.1455,34376
81162,true,q0,-12,1,600,BLUE,1,-0.152824,0.171179,34376
81178,true,q1,12,1,600,RED,1,-0.178285,-0.1455,34376
81795,true,q0,-12,1,600,BLUE,1,-0.152824,0.171179,34376
81811,true,q1,12,1,600,RED,1,-0.178285,-0.1455,34376
82428,true,q0,-12,1,600,BLUE,1,-0.152824,0.171179,34376
82444,true,q1,12,1,600,RED,1,-0.178285,-0.1455,34376
83061,true,q0,-12,1,600,BLUE,1,-0.152824,0.171179,34376
83077,true,q1,12,1,600,RED,1,-0.178285,-0.1455,34376
83694,true,q0,-12,1,600,BLUE,1,-0.152824,0.171179,34376
83710,true,q1,12,1,600,RED,1,-0.178285,-0.1455,34376
84327,true,q0,-12,1,600,BLUE,1,-0.152824,0.171179,34376
84343,true,q1,12,1,600,RED,1,-0.178285,-0.1455,34376
84960,true,q0,-12,1,600,BLUE,1,-0.152824,0.171179,34376
84976,true,q1,12,1,600,RED,1,-0.178285,-0.1455,34376
85593,true,q0,-12,1,600,BLUE,1,-0.152824,0.171179,34376
85609,true,q1,12,1,600,RED,1,-0.178285,-0.1455,34376
86226,true,q0,-12,1,600,BLUE,1,-0.152824,0.171179,34376
86242,true,q1,12,1,600,RED,1,-0.178285,-0.1455,34376
86859,true,q0,-12,1,600,BLUE,1,-0.152824,0.171179,34376
86875,true,q1,12,1,600,RED,1,-0.178285,-0.1455,34376
87492,true,q0,-12,1,600,BLUE,1,-0.152824,0.171179,34376
87508,true,q1,12,1,600,RED,1,-0.178285,-0.1455,34376
88125,true,q0,-12,1,600,BLUE,1,-0.152824,0.171179,34376
88141,true,q1,12,1,600,RED,1,-0.178285,-0.1455,34376
88758,true,q0,-12,1,600,BLUE,1,-0.152824,0.171179,34376
88774,true,q1,12,1,600,RED,1,-0.178285,-0.1455,34376
89391,true,q0,-12,1,600,BLUE,1,-0.152824,0.171179,34376
89407,true,q1,12,1,600,RED,1,-0.178285,-0.1455,34376
90040,true,q1,12,1,600,RED,1,-0.178285,-0.1455,34376
90067,true,q0,-12,1,600,BLUE,43,-0.152824,0.171179,34376
90673,true,q1,12,1,600,RED,1,-0.178285,-0.1455,34376
90700,true,q0,-12,1,600,BLUE,1,-0.152824,0.171179,34376
91333,true,q0,-12,1,600,BLUE,1,-0.152824,0.171179,34376
91357,true,q1,12,1,600,RED,51,-0.178285,-0.1455,34376
91966,true,q0,-12,1,600,BLUE,1,-0.152824,0.171179,34376
91990,true,q1,12,1,600,RED,1,-0.178285,-0.1455,34376
92599,true,q0,-12,1,600,BLUE,1,-0.152824,0.171179,34376
92623,true,q1,12,1,600,RED,1,-0.178285,-0.1455,34376
93232,true,q0,-12,1,600,BLUE,1,-0.152824,0.171179,34376
93256,true,q1,12,1,600,RED,1,-0.178285,-0.1455,34376
93865,true,q0,-12,1,600,BLUE,1,-0.152824,0.171179,34376
93889,true,q1,12,1,600,RED,1,-0.178285,-0.1455,34376
94498,true,q0,-12,1,600,BLUE,1,-0.152824,0.171179,34376
94522,true,q1,12,1,600,RED,1,-0.178285,-0.1455,34376
95131,true,q0,-12,1,600,BLUE,1,-0.152824,0.171179,34376
95155,true,q1,12,1,600,RED,1,-0.178285,-0.1455,34376
95764,true,q0,-12,1,600,BLUE,1,-0.152824,0.171179,34376
95788,true,q1,12,1,600,RED,1,-0.178285,-0.1455,34376
96397,true,q0,-12,1,600,BLUE,1,-0.152824,0.171179,34376
96421,true,q1,12,1,600,RED,1,-0.178285,-0.1455,34376
97030,true,q0,-12,1,600,BLUE,1,-0.152824,0.171179,34376
97054,true,q1,12,1,600,RED,1,-0.178285,-0.1455,34376
97663,true,q0,-12,1,600,BLUE,1,-0.152824,0.171179,34376
97687,true,q1,12,1,600,RED,1,-0.178285,-0.1455,34376
98296,true,q0,-12,1,600,BLUE,1,-0.152824,0.171179,34376
98320,true,q1,12,1,600,RED,1,-0.178285,-0.1455,34376
98929,true,q0,-12,1,600,BLUE,1,-0.152824,0.171179,34376
98953,true,q1,12,1,600,RED,1,-0.178285,-0.1455,34376
99562,true,q0,-12,1,600,BLUE,1,-0.152824,0.171179,34376
99586,true,q1,12,1,600,RED,1,-0.178285,-0.1455,34376
52,true,q1,0,1,600,RED,1,-0.178285,-0.1455,42261
52,true,q0,0,1,600,BLUE,1,-0.152824,0.171179,42261
685,true,q1,1,1,600,RED,1,-0.178285,-0.1455,42261
685,true,q0,-1,1,600,BLUE,1,-0.152824,0.171179,42261
1318,true,q1,2,1,600,RED,1,-0.178285,-0.1455,42261
1318,true,q0,-2,1,600,BLUE,1,-0.152824,0.171179,42261
1951,true,q1,3,1,600,RED,1,-0.178285,-0.1455,42261
1951,true,q0,-3,1,600,BLUE,1,-0.152824,0.171179,42261
2584,true,q1,4,1,600,RED,1,-0.178285,-0.1455,42261
2584,true,q0,-4,1,600,BLUE,1,-0.152824,0.171179,42261
3217,true,q1,5,1,600,RED,1,-0.178285,-0.1455,42261
3217,true,q0,-5,1,600,BLUE,1,-0.152824,0.171179,42261
3850,true,q1,6,1,600,RED,1,-0.178285,-0.1455,42261
3893,true,q0,-6,1,600,BLUE,43,-0.152824,0.171179,42261
4483,true,q1,7,1,600,RED,1,-0.178285,-0.1455,42261
4526,true,q0,-7,1,600,BLUE,1,-0.152824,0.171179,42261
5116,true,q1,8,1,600,RED,1,-0.178285,-0.1455,42261
5159,true,q0,-8,1,600,BLUE,1,-0.152824,0.171179,42261
5749,true,q1,9,1,600,RED,1,-0.178285,-0.1455,42261
5792,true,q0,-9,1,600,BLUE,1,-0.152824,0.171179,42261
6382,true,q1,10,1,600,RED,1,-0.178285,-0.1455,42261
6425,true,q0,-10,1,600,BLUE,1,-0.152824,0.171179,42261
7015,true,q1,11,1,600,RED,1,-0.178285,-0.1455,42261
7058,true,q0,-11,1,600,BLUE,1,-0.152824,0.171179,42261
7648,true,q1,12,1,600,RED,1,-0.178285,-0.1455,42261
7691,true,q0,-12,1,600,BLUE,1,-0.152824,0.171179,42261
8281,true,q1,12,1,600,RED,1,-0.178285,-0.1455,42261
8324,true,q0,-12,1,600,BLUE,1,-0.152824,0.171179,42261
8914,true,q1,12,1,600,RED,1,-0.178285,-0.1455,42261
8957,true,q0,-12,1,600,BLUE,1,-0.152824,0.171179,42261
9547,true,q1,12,1,600,RED,1,-0.178285,-0.1455,42261
9590,true,q0,-12,1,600,BLUE,1,-0.152824,0.171179,42261
10180,true,q1,12,1,600,RED,1,-0.178285,-0.1455,42261
10223,true,q0,-12,1,600,BLUE,1,-0.152824,0.171179,42261
10813,true,q1,12,1,600,RED,1,-0.178285,-0.1455,42261
10856,true,q0,-12,1,600,BLUE,1,-0.152824,0.171179,42261
11446,true,q1,12,1,600,RED,1,-0.178285,-0.1455,42261
11489,true,q0,-12,1,600,BLUE,1,-0.152824,0.171179,42261
12079,true,q1,12,1,600,RED,1,-0.178285,-0.1455,42261
12122,true,q0,-12,1,600,BLUE,1,-0.152824,0.171179,42261
12712,true,q1,12,1,600,RED,1,-0.178285,-0.1455,42261
12755,true,q0,-12,1,600,BLUE,1,-0.152824,0.171179,42261
13345,true,q1,12,1,600,RED,1,-0.178285,-0.1455,42261
13388,true,q0,-12,1,600,BLUE,1,-0.152824,0.171179,42261
13978,true,q1,12,1,600,RED,1,-0.178285,-0.1455,42261
14021,true,q0,-12,1,600,BLUE,1,-0.152824,0.171179,42261
14611,true,q1,12,1,600,RED,1,-0.178285,-0.1455,42261
14654,true,q0,-12,1,600,BLUE,1,-0.152824,0.171179,42261
15287,true,q0,-12,1,600,BLUE,1,-0.152824,0.171179,42261
15295,true,q1,12,1,600,RED,51,-0.178285,-0.1455,42261
15920,true,q0,-12,1,600,BLUE,1,-0.152824,0.171179,42261
15928,true,q1,12,1,600,RED,1,-0.178285,-0.1455,42261
16553,true,q0,-12,1,600,BLUE,1,-0.152824,0.171179,42261
16561,true,q1,12,1,600,RED,1,-0.178285,-0.1455,42261
17186,true,q0,-12,1,600,BLUE,1,-0.152824,0.171179,42261
17194,true,q1,12,1,600,RED,1,-0.178285,-0.1455,42261
17819,true,q0,-12,1,600,BLUE,1,-0.152824,0.171179,42261
17827,true,q1,12,1,600,RED,1,-0.178285,-0.1455,42261
18452,true,q0,-12,1,600,BLUE,1,-0.152824,0.171179,42261
18460,true,q1,12,1,600,RED,1,-0.178285,-0.1455,42261
19085,true,q0,-12,1,600,BLUE,1,-0.152824,0.171179,42261
19093,true,q1,12,1,600,RED,1,-0.178285,-0.1455,42261
19718,true,q0,-12,1,600,BLUE,1,-0.152824,0.171179,42261
19726,true,q1,12,1,600,RED,1,-0.178285,-0.1455,42261
20351,true,q0,-12,1,600,BLUE,1,-0.152824,0.171179,42261
20359,true,q1,12,1,600,RED,1,-0.178285,-0.1455,42261
20984,true,q0,-12,1,600,BLUE,1,-0.152824,0.171179,42261
20992,true,q1,12,1,600,RED,1,-0.178285,-0.1455,42261
21617,true,q0,-12,1,600,BLUE,1,-0.152824,0.171179,42261
21625,true,q1,12,1,600,RED,1,-0.178285,-0.1455,42261
22250,true,q0,-12,1,600,BLUE,1,-0.152824,0.171179,42261
22258,true,q1,12,1,600,RED,1,-0.178285,-0.1455,42261
22883,true,q0,-12,1,600,BLUE,1,-0.152824,0.171179,42261
22891,true,q1,12,1,600,RED,1,-0.178285,-0.1455,42261
23516,true,q0,-12,1,600,BLUE,1,-0.152824,0.171179,42261
23524,true,q1,12,1,600,RED,1,-0.178285,-0.1455,42261
24149,true,q0,-12,1,600,BLUE,1,-0.152824,0.171179,42261
24157,true,q1,12,1,600,RED,1,-0.178285,-0.1455,42261
24782,true,q0,-12,1,600,BLUE,1,-0.152824,0.171179,42261
24790,true,q1,12,1,600,RED,1,-0.178285,-0.1455,42261
25415,true,q0,-12,1,600,BLUE,1,-0.152824,0.171179,42261
25423,true,q1,12,1,600,RED,1,-0.178285,-0.1455,42261
26048,true,q0,-12,1,600,BLUE,1,-0.152824,0.171179,42261
26056,true,q1,12,1,600,RED,1,-0.178285,-0.1455,42261
26681,true,q0,-12,1,600,BLUE,1,-0.152824,0.171179,42261
26689,true,q1,12,1,600,RED,1,-0.178285,-0.1455,42261
27314,true,q0,-12,1,600,BLUE,1,-0.152824,0.171179,42261
27322,true,q1,12,1,600,RED,1,-0.178285,-0.1455,42261
27947,true,q0,-12,1,600,BLUE,1,-0.152824,0.171179,42261
27955,true,q1,12,1,600,RED,1,-0.178285,-0.1455,42261
28580,true,q0,-12,1,600,BLUE,1,-0.152824,0.171179,42261
28588,true,q1,12,1,600,RED,1,-0.178285,-0.1455,42261
29213,true,q0,-12,1,600,BLUE,1,-0.152824,0.171179,42261
29221,true,q1,12,1,600,RED,1,-0.178285,-0.1455,42261
29846,true,q0,-12,1,600,BLUE,1,-0.152824,0.171179,42261
29854,true,q1,12,1,600,RED,1,-0.178285,-0.1455,42261
30479,true,q0,-12,1,600,BLUE,1,-0.152824,0.171179,42261
30487,true,q1,12,1,600,RED,1,-0.178285,-0.1455,42261
31112,true,q0,-12,1,600,BLUE,1,-0.152824,0.171179,42261
31120,true,q1,12,1,600,RED,1,-0.178285,-0.1455,42261
31745,true,q0,-12,1,600,BLUE,1,-0.152824,0.171179,42261
31753,true,q1,12,1,600,RED,1,-0.178285,-0.1455,42261
32378,true,q0,-12,1,600,BLUE,1,-0.152824,0.171179,42261
32386,true,q1,12,1,600,RED,1,-0.178285,-0.1455,42261
33011,true,q0,-12,1,600,BLUE,1,-0.152824,0.171179,42261
33019,true,q1,12,1,600,RED,1,-0.178285,-0.1455,42261
33644,true,q0,-12,1,600,BLUE,1,-0.152824,0.171179,42261
33652,true,q1,12,1,600,RED,1,-0.178285,-0.1455,42261
34277,true,q0,-12,1,600,BLUE,1,-0.152824,0.171179,42261
34285,true,q1,12,1,600,RED,1,-0.178285,-0.1455,42261
34910,true,q0,-12,1,600,BLUE,1,-0.152824,0.171179,42261
34918,true,q1,12,1,600,RED,1,-0.178285,-0.1455,42261
35543,true,q0,-12,1,600,BLUE,1,-0.152824,0.171179,42261
35551,true,q1,12,1,600,RED,1,-0.178285,-0.1455,42261
36176,true,q0,-12,1,600,BLUE,1,-0.152824,0.171179,42261
36184,true,q1,12,1,600,RED,1,-0.178285,-0.1455,42261
36809,true,q0,-12,1,600,BLUE,1,-0.152824,0.171179,42261
36817,true,q1,12,1,600,RED,1,-0.178285,-0.1455,42261
37442,true,q0,-12,1,600,BLUE,1,-0.152824,0.171179,42261
37450,true,q1,12,1,600,RED,1,-0.178285,-0.1455,42261
38075,true,q0,-12,1,600,BLUE,1,-0.152824,0.171179,42261
38083,true,q1,12,1,600,RED,1,-0.178285,-0.1455,42261
38708,true,q0,-12,1,600,BLUE,1,-0.152824,0.171179,42261
38716,true,q1,12,1,600,RED,1,-0.178285,-0.1455,42261
39341,true,q0,-12,1,600,BLUE,1,-0.152824,0.171179,42261
39349,true,q1,12,1,600,RED,1,-0.178285,-0.1455,42261
39974,true,q0,-12,1,600,BLUE,1,-0.152824,0.171179,42261
39982,true,q1,12,1,600,RED,1,-0.178285,-0.1455,42261
40607,true,q0,-12,1,600,BLUE,1,-0.152824,0.171179,42261
40615,true,q1,12,1,600,RED,1,-0.178285,-0.1455,42261
41240,true,q0,-12,1,600,BLUE,1,-0.152824,0.171179,42261
41248,true,q1,12,1,600,RED,1,-0.178285,-0.1455,42261
41873,true,q0,-12,1,600,BLUE,1,-0.152824,0.171179,42261
41881,true,q1,12,1,600,RED,1,-0.178285,-0.1455,42261
42506,true,q0,-12,1,600,BLUE,1,-0.152824,0.171179,42261
42514,true,q1,12,1,600,RED,1,-0.178285,-0.1455,42261
43139,true,q0,-12,1,600,BLUE,1,-0.152824,0.171179,42261
43147,true,q1,12,1,600,RED,1,-0.178285,-0.1455,42261
43772,true,q0,-12,1,600,BLUE,1,-0.152824,0.171179,42261
43780,true,q1,12,1,600,RED,1,-0.178285,-0.1455,42261
44405,true,q0,-12,1,600,BLUE,1,-0.152824,0.171179,42261
44413,true,q1,12,1,600,RED,1,-0.178285,-0.1455,42261
45038,true,q0,-12,1,600,BLUE,1,-0.152824,0.171179,42261
45046,true,q1,12,1,600,RED,1,-0.178285,-0.1455,42261
45671,true,q0,-12,1,600,BLUE,1,-0.152824,0.171179,42261
45679,true,q1,12,1,600,RED,1,-0.178285,-0.1455,42261
46304,true,q0,-12,1,600,BLUE,1,-0.152824,0.171179,42261
46312,true,q1,12,1,600,RED,1,-0.178285,-0.1455,42261
46945,true,q1,12,1,600,RED,1,-0.178285,-0.1455,42261
46980,true,q0,-12,1,600,BLUE,43,-0.152824,0.171179,42261
47578,true,q1,12,1,600,RED,1,-0.178285,-0.1455,42261
47613,true,q0,-12,1,600,BLUE,1,-0.152824,0.171179,42261
48211,true,q1,12,1,600,RED,1,-0.178285,-0.1455,42261
48246,true,q0,-12,1,600,BLUE,1,-0.152824,0.171179,42261
48844,true,q1,12,1,600,RED,1,-0.178285,-0.1455,42261
48879,true,q0,-12,1,600,BLUE,1,-0.152824,0.171179,42261
49477,true,q1,12,1,600,RED,1,-0.178285,-0.1455,42261
49512,true,q0,-12,1,600,BLUE,1,-0.152824,0.171179,42261
50110,true,q1,12,1,600,RED,1,-0.178285,-0.1455,42261
50145,true,q0,-12,1,600,BLUE,1,-0.152824,0.171179,42261
50743,true,q1,12,1,600,RED,1,-0.178285,-0.1455,42261
50778,true,q0,-12,1,600,BLUE,1,-0.152824,0.171179,42261
51376,true,q1,12,1,600,RED,1,-0.178285,-0.1455,42261
51411,true,q0,-12,1,600,BLUE,1,-0.152824,0.171179,42261
52009,true,q1,12,1,600,RED,1,-0.178285,-0.1455,42261
52044,true,q0,-12,1,600,BLUE,1,-0.152824,0.171179,42261
52642,true,q1,12,1,600,RED,1,-0.178285,-0.1455,42261
52677,true,q0,-12,1,600,BLUE,1,-0.152824,0.171179,42261
53310,true,q0,-12,1,600,BLUE,1,-0.152824,0.171179,42261
53326,true,q1,12,1,600,RED,51,-0.178285,-0.1455,42261
53943,true,q0,-12,1,600,BLUE,1,-0.152824,0.171179,42261
53959,true,q1,12,1,600,RED,1,-0.178285,-0.1455,42261
54576,true,q0,-12,1,600,BLUE,1,-0.152824,0.171179,42261
54592,true,q1,12,1,600,RED,1,-0.178285,-0.1455,42261
55209,true,q0,-12,1,600,BLUE,1,-0.152824,0.171179,42261
55225,true,q1,12,1,600,RED,1,-0.178285,-0.1455,42261
55842,true,q0,-12,1,600,BLUE,1,-0.152824,0.171179,42261
55858,true,q1,12,1,600,RED,1,-0.178285,-0.1455,42261
56475,true,q0,-12,1,600,BLUE,1,-0.152824,0.171179,42261
56491,true,q1,12,1,600,RED,1,-0.178285,-0.1455,42261
57108,true,q0,-12,1,600,BLUE,1,-0.152824,0.171179,42261
57124,true,q1,12,1,600,RED,1,-0.178285,-0.1455,42261
57741,true,q0,-12,1,600,BLUE,1,-0.152824,0.171179,42261
57757,true,q1,12,1,600,RED,1,-0.178285,-0.1455,42261
58374,true,q0,-12,1,600,BLUE,1,-0.152824,0.171179,42261
58390,true,q1,12,1,600,RED,1,-0.178285,-0.1455,42261
59007,true,q0,-12,1,600,BLUE,1,-0.152824,0.171179,42261
59023,true,q1,12,1,600,RED,1,-0.178285,-0.1455,42261
59640,true,q0,-12,1,600,BLUE,1,-0.152824,0.171179,42261
59656,true,q1,12,1,600,RED,1,-0.178285,-0.1455,42261
60273,true,q0,-12,1,600,BLUE,1,-0.152824,0.171179,42261
60289,true,q1,12,1,600,RED,1,-0.178285,-0.1455,42261
60906,true,q0,-12,1,600,BLUE,1,-0.152824,0.171179,42261
60922,true,q1,12,1,600,RED,1,-0.178285,-0.1455,42261
61539,true,q0,-12,1,600,BLUE,1,-0.152824,0.171179,42261
61555,true,q1,12,1,600,RED,1,-0.178285,-0.1455,42261
62172,true,q0,-12,1,600,BLUE,1,-0.152824,0.171179,42261
62188,true,q1,12,1,600,RED,1,-0.178285,-0.1455,42261
62805,true,q0,-12,1,600,BLUE,1,-0.152824,0.171179,42261
62821,true,q1,12,1,600,RED,1,-0.178285,-0.1455,42261
63438,true,q0,-12,1,600,BLUE,1,-0.152824,0.171179,42261
63454,true,q1,12,1,600,RED,1,-0.178285,-0.1455,42261
64071,true,q0,-12,1,600,BLUE,1,-0.152824,0.171179,42261
64087,true,q1,12,1,600,RED,1,-0.178285,-0.1455,42261
64704,true,q0,-12,1,600,BLUE,1,-0.152824,0.171179,42261
64720,true,q1,12,1,600,RED,1,-0.178285,-0.1455,42261
65337,true,q0,-12,1,600,BLUE,1,-0.152824,0.171179,42261
65353,true,q1,12,1,600,RED,1,-0.178285,-0.1455,42261
65970,true,q0,-12,1,600,BLUE,1,-0.152824,0.171179,42261
65986,true,q1,12,1,600,RED,1,-0.178285,-0.1455,42261
66603,true,q0,-12,1,600,BLUE,1,-0.152824,0.171179,42261
66619,true,q1,12,1,600,RED,1,-0.178285,-0.1455,42261
67236,true,q0,-12,1,600,BLUE,1,-0.152824,0.171179,42261
67252,true,q1,12,1,600,RED,1,-0.178285,-0.1455,42261
67869,true,q0,-12,1,600,BLUE,1,-0.152824,0.171179,42261
67885,true,q1,12,1,600,RED,1,-0.178285,-0.1455,42261
68502,true,q0,-12,1,600,BLUE,1,-0.152824,0.171179,42261
68518,true,q1,12,1,600,RED,1,-0.178285,-0.1455,42261
69135,true,q0,-12,1,600,BLUE,1,-0.152824,0.171179,42261
69151,true,q1,12,1,600,RED,1,-0.178285,-0.1455,42261
69768,true,q0,-12,1,600,BLUE,1,-0.152824,0.171179,42261
69784,true,q1,12,1,600,RED,1,-0.178285,-0.1455,42261
70401,true,q0,-12,1,600,BLUE,1,-0.152824,0.171179,42261
70417,true,q1,12,1,600,RED,1,-0.178285,-0.1455,42261
71034,true,q0,-12,1,600,BLUE,1,-0.152824,0.171179,42261
71050,true,q1,12,1,600,RED,1,-0.178285,-0.1455,42261
71667,true,q0,-12,1,600,BLUE,1,-0.152824,0.171179,42261
71683,true,q1,12,1,600,RED,1,-0.178285,-0.1455,42261
72300,true,q0,-12,1,600,BLUE,1,-0.152824,0.171179,42261
72316,true,q1,12,1,600,RED,1,-0.178285,-0.1455,42261
72933,true,q0,-12,1,600,BLUE,1,-0.152824,0.171179,42261
72949,true,q1,12,1,600,RED,1,-0.178285,-0.1455,42261
73566,true,q0,-12,1,600,BLUE,1,-0.152824,0.171179,42261
73582,true,q1,12,1,600,RED,1,-0.178285,-0.1455,42261
74199,true,q0,-12,1,600,BLUE,1,-0.152824,0.171179,42261
74215,true,q1,12,1,600,RED,1,-0.178285,-0.1455,42261
74832,true,q0,-12,1,600,BLUE,1,-0.152824,0.171179,42261
74848,true,q1,12,1,600,RED,1,-0.178285,-0.1455,42261
75465,true,q0,-12,1,600,BLUE,1,-0.152824,0.171179,42261
75481,true,q1,12,1,600,RED,1,-0.178285,-0.1455,42261
76098,true,q0,-12,1,600,BLUE,1,-0.152824,0.171179,42261
76114,true,q1,12,1,600,RED,1,-0.178285,-0.1455,42261
76731,true,q0,-12,1,600,BLUE,1,-0.152824,0.171179,42261
76747,true,q1,12,1,600,RED,1,-0.178285,-0.1455,42261
77364,true,q0,-12,1,600,BLUE,1,-0.152824,0.171179,42261
77380,true,q1,12,1,600,RED,1,-0.178285,-0.1455,42261
77997,true,q0,-12,1,600,BLUE,1,-0.152824,0.171179,42261
78013,true,q1,12,1,600,RED,1,-0.178285,-0.1455,42261
78630,true,q0,-12,1,600,BLUE,1,-0.152824,0.171179,42261
78646,true,q1,12,1,600,RED,1,-0.178285,-0.1455,42261
79263,true,q0,-12,1,600,BLUE,1,-0.152824,0.171179,42261
79279,true,q1,12,1,600,RED,1,-0.178285,-0.1455,42261
79896,true,q0,-12,1,600,BLUE,1,-0.152824,0.171179,42261
79912,true,q1,12,1,600,RED,1,-0.178285,-0.1455,42261
80529,true,q0,-12,1,600,BLUE,1,-0.152824,0.171179,42261
80545,true,q1,12,1,600,RED,1,-0.178285,-0.1455,42261
81162,true,q0,-12,1,600,BLUE,1,-0.152824,0.171179,42261
81178,true,q1,12,1,600,RED,1,-0.178285,-0.1455,42261
81795,true,q0,-12,1,600,BLUE,1,-0.152824,0.171179,42261
81811,true,q1,12,1,600,RED,1,-0.178285,-0.1455,42261
82428,true,q0,-12,1,600,BLUE,1,-0.152824,0.171179,42261
82444,true,q1,12,1,600,RED,1,-0.178285,-0.1455,42261
83061,true,q0,-12,1,600,BLUE,1,-0.152824,0.171179,42261
83077,true,q1,12,1,600,RED,1,-0.178285,-0.1455,42261
83694,true,q0,-12,1,600,BLUE,1,-0.152824,0.171179,42261
83710,true,q1,12,1,600,RED,1,-0.178285,-0.1455,42261
84327,true,q0,-12,1,600,BLUE,1,-0.152824,0.171179,42261
84343,true,q1,12,1,600,RED,1,-0.178285,-0.1455,42261
84960,true,q0,-12,1,600,BLUE,1,-0.152824,0.171179,42261
84976,true,q1,12,1,600,RED,1,-0.178285,-0.1455,42261
85593,true,q0,-12,1,600,BLUE,1,-0.152824,0.171179,42261
85609,true,q1,12,1,600,RED,1,-0.178285,-0.1455,42261
86226,true,q0,-12,1,600,BLUE,1,-0.152824,0.171179,42261
86242,true,q1,12,1,600,RED,1,-0.178285,-0.1455,42261
86859,true,q0,-12,1,600,BLUE,1,-0.152824,0.171179,42261
86875,true,q1,12,1,600,RED,1,-0.178285,-0.1455,42261
87492,true,q0,-12,1,600,BLUE,1,-0.152824,0.171179,42261
87508,true,q1,12,1,600,RED,1,-0.178285,-0.1455,42261
88125,true,q0,-12,1,600,BLUE,1,-0.152824,0.171179,42261
88141,true,q1,12,1,600,RED,1,-0.178285,-0.1455,42261
88758,true,q0,-12,1,600,BLUE,1,-0.152824,0.171179,42261
88774,true,q1,12,1,600,RED,1,-0.178285,-0.1455,42261
89391,true,q0,-12,1,600,BLUE,1,-0.152824,0.171179,42261
89407,true,q1,12,1,600,RED,1,-0.178285,-0.1455,42261
90040,true,q1,12,1,600,RED,1,-0.178285,-0.1455,42261
90067,true,q0,-12,1,600,BLUE,43,-0.152824,0.171179,42261
90673,true,q1,12,1,600,RED,1,-0.178285,-0.1455,42261
90700,true,q0,-12,1,600,BLUE,1,-0.152824,0.171179,42261
91333,true,q0,-12,1,600,BLUE,1,-0.152824,0.171179,42261
91357,true,q1,12,1,600,RED,51,-0.178285,-0.1455,42261
91966,true,q0,-12,1,600,BLUE,1,-0.152824,0.171179,42261
91990,true,q1,12,1,600,RED,1,-0.178285,-0.1455,42261
92599,true,q0,-12,1,600,BLUE,1,-0.152824,0.171179,42261
92623,true,q1,12,1,600,RED,1,-0.178285,-0.1455,42261
93232,true,q0,-12,1,600,BLUE,1,-0.152824,0.171179,42261
93256,true,q1,12,1,600,RED,1,-0.178285,-0.1455,42261
93865,true,q0,-12,1,600,BLUE,1,-0.152824,0.171179,42261
93889,true,q1,12,1,600,RED,1,-0.178285,-0.1455,42261
94498,true,q0,-12,1,600,BLUE,1,-0.152824,0.171179,42261
94522,true,q1,12,1,600,RED,1,-0.178285,-0.1455,42261
95131,true,q0,-12,1,600,BLUE,1,-0.152824,0.171179,42261
95155,true,q1,12,1,600,RED,1,-0.178285,-0.1455,42261
95764,true,q0,-12,1,600,BLUE,1,-0.152824,0.171179,42261
95788,true,q1,12,1,600,RED,1,-0.178285,-0.1455,42261
96397,true,q0,-12,1,600,BLUE,1,-0.152824,0.171179,42261
96421,true,q1,12,1,600,RED,1,-0.178285,-0.1455,42261
97030,true,q0,-12,1,600,BLUE,1,-0.152824,0.171179,42261
97054,true,q1,12,1,600,RED,1,-0.178285,-0.1455,42261
97663,true,q0,-12,1,600,BLUE,1,-0.152824,0.171179,42261
97687,true,q1,12,1,600,RED,1,-0.178285,-0.1455,42261
98296,true,q0,-12,1,600,BLUE,1,-0.152824,0.171179,42261
98320,true,q1,12,1,600,RED,1,-0.178285,-0.1455,42261
98929,true,q0,-12,1,600,BLUE,1,-0.152824,0.171179,42261
98953,true,q1,12,1,600,RED,1,-0.178285,-0.1455,42261
99562,true,q0,-12,1,600,BLUE,1,-0.152824,0.171179,42261
99586,true,q1,12,1,600,RED,1,-0.178285,-0.1455,42261
52,true,q1,0,1,600,RED,1,-0.178285,-0.1455,40370
52,true,q0,0,1,600,BLUE,1,-0.152824,0.171179,40370
685,true,q1,1,1,600,RED,1,-0.178285,-0.1455,40370
685,true,q0,-1,1,600,BLUE,1,-0.152824,0.171179,40370
1318,true,q1,2,1,600,RED,1,-0.178285,-0.1455,40370
1318,true,q0,-2,1,600,BLUE,1,-0.152824,0.171179,40370
1951,true,q1,3,1,600,RED,1,-0.178285,-0.1455,40370
1951,true,q0,-3,1,600,BLUE,1,-0.152824,0.171179,40370
2584,true,q1,4,1,600,RED,1,-0.178285,-0.1455,40370
2584,true,q0,-4,1,600,BLUE,1,-0.152824,0.171179,40370
3217,true,q1,5,1,600,RED,1,-0.178285,-0.1455,40370
3217,true,q0,-5,1,600,BLUE,1,-0.152824,0.171179,40370
3850,true,q1,6,1,600,RED,1,-0.178285,-0.1455,40370
3893,true,q0,-6,1,600,BLUE,43,-0.152824,0.171179,40370
4483,true,q1,7,1,600,RED,1,-0.178285,-0.1455,40370
4526,true,q0,-7,1,600,BLUE,1,-0.152824,0.171179,40370
5116,true,q1,8,1,600,RED,1,-0.178285,-0.1455,40370
5159,true,q0,-8,1,600,BLUE,1,-0.152824,0.171179,40370
5749,true,q1,9,1,600,RED,1,-0.178285,-0.1455,40370
5792,true,q0,-9,1,600,BLUE,1,-0.152824,0.171179,40370
6382,true,q1,10,1,600,RED,1,-0.178285,-0.1455,40370
6425,true,q0,-10,1,600,BLUE,1,-0.152824,0.171179,40370
7015,true,q1,11,1,600,RED,1,-0.178285,-0.1455,40370
7058,true,q0,-11,1,600,BLUE,1,-0.152824,0.171179,40370
7648,true,q1,12,1,600,RED,1,-0.178285,-0.1455,40370
7691,true,q0,-12,1,600,BLUE,1,-0.152824,0.171179,40370
8281,true,q1,12,1,600,RED,1,-0.178285,-0.1455,40370
8324,true,q0,-12,1,600,BLUE,1,-0.152824,0.171179,40370
8914,true,q1,12,1,600,RED,1,-0.178285,-0.1455,40370
8957,true,q0,-12,1,600,BLUE,1,-0.152824,0.171179,40370
9547,true,q1,12,1,600,RED,1,-0.178285,-0.1455,40370
9590,true,q0,-12,1,600,BLUE,1,-0.152824,0.171179,40370
10180,true,q1,12,1,600,RED,1,-0.178285,-0.1455,40370
10223,true,q0,-12,1,600,BLUE,1,-0.152824,0.171179,40370
10813,true,q1,12,1,600,RED,1,-0.178285,-0.1455,40370
10856,true,q0,-12,1,600,BLUE,1,-0.152824,0.171179,40370
11446,true,q1,12,1,600,RED,1,-0.178285,-0.1455,40370
11489,true,q0,-12,1,600,BLUE,1,-0.152824,0.171179,40370
12079,true,q1,12,1,600,RED,1,-0.178285,-0.1455,40370
12122,true,q0,-12,1,600,BLUE,1,-0.152824,0.171179,40370
12712,true,q1,12,1,600,RED,1,-0.178285,-0.1455,40370
12755,true,q0,-12,1,600,BLUE,1,-0.152824,0.171179,40370
13345,true,q1,12,1,600,RED,1,-0.178285,-0.1455,40370
13388,true,q0,-12,1,600,BLUE,1,-0.152824,0.171179,40370
13978,true,q1,12,1,600,RED,1,-0.178285,-0.1455,40370
14021,true,q0,-12,1,600,BLUE,1,-0.152824,0.171179,40370
14611,true,q1,12,1,600,RED,1,-0.178285,-0.1455,40370
14654,true,q0,-12,1,600,BLUE,1,-0.152824,0.171179,40370
15287,true,q0,-12,1,600,BLUE,1,-0.152824,0.171179,40370
15295,true,q1,12,1,600,RED,51,-0.178285,-0.1455,40370
15920,true,q0,-12,1,600,BLUE,1,-0.152824,0.171179,40370
15928,true,q1,12,1,600,RED,1,-0.178285,-0.1455,40370
16553,true,q0,-12,1,600,BLUE,1,-0.152824,0.171179,40370
16561,true,q1,12,1,600,RED,1,-0.178285,-0.1455,40370
17186,true,q0,-12,1,600,BLUE,1,-0.152824,0.171179,40370
17194,true,q1,12,1,600,RED,1,-0.178285,-0.1455,40370
17819,true,q0,-12,1,600,BLUE,1,-0.152824,0.171179,40370
17827,true,q1,12,1,600,RED,1,-0.178285,-0.1455,40370
18452,true,q0,-12,1,600,BLUE,1,-0.152824,0.171179,40370
18460,true,q1,12,1,600,RED,1,-0.178285,-0.1455,40370
19085,true,q0,-12,1,600,BLUE,1,-0.152824,0.171179,40370
19093,true,q1,12,1,600,RED,1,-0.178285,-0.1455,40370
19718,true,q0,-12,1,600,BLUE,1,-0.152824,0.171179,40370
19726,true,q1,12,1,600,RED,1,-0.178285,-0.1455,40370
20351,true,q0,-12,1,600,BLUE,1,-0.152824,0.171179,40370
20359,true,q1,12,1,600,RED,1,-0.178285,-0.1455,40370
20984,true,q0,-12,1,600,BLUE,1,-0.152824,0.171179,40370
20992,true,q1,12,1,600,RED,1,-0.178285,-0.1455,40370
21617,true,q0,-12,1,600,BLUE,1,-0.152824,0.171179,40370
21625,true,q1,12,1,600,RED,1,-0.178285,-0.1455,40370
22250,true,q0,-12,1,600,BLUE,1,-0.152824,0.171179,40370
22258,true,q1,12,1,600,RED,1,-0.178285,-0.1455,40370
22883,true,q0,-12,1,600,BLUE,1,-0.152824,0.171179,40370
22891,true,q1,12,1,600,RED,1,-0.178285,-0.1455,40370
23516,true,q0,-12,1,600,BLUE,1,-0.152824,0.171179,40370
23524,true,q1,12,1,600,RED,1,-0.178285,-0.1455,40370
24149,true,q0,-12,1,600,BLUE,1,-0.152824,0.171179,40370
24157,true,q1,12,1,600,RED,1,-0.178285,-0.1455,40370
24782,true,q0,-12,1,600,BLUE,1,-0.152824,0.171179,40370
24790,true,q1,12,1,600,RED,1,-0.178285,-0.1455,40370
25415,true,q0,-12,1,600,BLUE,1,-0.152824,0.171179,40370
25423,true,q1,12,1,600,RED,1,-0.178285,-0.1455,40370
26048,true,q0,-12,1,600,BLUE,1,-0.152824,0.171179,40370
26056,true,q1,12,1,600,RED,1,-0.178285,-0.1455,40370
26681,true,q0,-12,1,600,BLUE,1,-0.152824,0.171179,40370
26689,true,q1,12,1,600,RED,1,-0.178285,-0.1455,40370
27314,true,q0,-12,1,600,BLUE,1,-0.152824,0.171179,40370
27322,true,q1,12,1,600,RED,1,-0.178285,-0.1455,40370
27947,true,q0,-12,1,600,BLUE,1,-0.152824,0.171179,40370
27955,true,q1,12,1,600,RED,1,-0.178285,-0.1455,40370
28580,true,q0,-12,1,600,BLUE,1,-0.152824,0.171179,40370
28588,true,q1,12,1,600,RED,1,-0.178285,-0.1455,40370
29213,true,q0,-12,1,600,BLUE,1,-0.152824,0.171179,40370
29221,true,q1,12,1,600,RED,1,-0.178285,-0.1455,40370
29846,true,q0,-12,1,600,BLUE,1,-0.152824,0.171179,40370
29854,true,q1,12,1,600,RED,1,-0.178285,-0.1455,40370
30479,true,q0,-12,1,600,BLUE,1,-0.152824,0.171179,40370
30487,true,q1,12,1,600,RED,1,-0.178285,-0.1455,40370
31112,true,q0,-12,1,600,BLUE,1,-0.152824,0.171179,40370
31120,true,q1,12,1,600,RED,1,-0.178285,-0.1455,40370
31745,true,q0,-12,1,600,BLUE,1,-0.152824,0.171179,40370
31753,true,q1,12,1,600,RED,1,-0.178285,-0.1455,40370
32378,true,q0,-12,1,600,BLUE,1,-0.152824,0.171179,40370
32386,true,q1,12,1,600,RED,1,-0.178285,-0.1455,40370
33011,true,q0,-12,1,600,BLUE,1,-0.152824,0.171179,40370
33019,true,q1,12,1,600,RED,1,-0.178285,-0.1455,40370
33644,true,q0,-12,1,600,BLUE,1,-0.152824,0.171179,40370
33652,true,q1,12,1,600,RED,1,-0.178285,-0.1455,40370
34277,true,q0,-12,1,600,BLUE,1,-0.152824,0.171179,40370
34285,true,q1,12,1,600,RED,1,-0.178285,-0.1455,40370
34910,true,q0,-12,1,600,BLUE,1,-0.152824,0.171179,40370
34918,true,q1,12,1,600,RED,1,-0.178285,-0.1455,40370
35543,true,q0,-12,1,600,BLUE,1,-0.152824,0.171179,40370
35551,true,q1,12,1,600,RED,1,-0.178285,-0.1455,40370
36176,true,q0,-12,1,600,BLUE,1,-0.152824,0.171179,40370
36184,true,q1,12,1,600,RED,1,-0.178285,-0.1455,40370
36809,true,q0,-12,1,600,BLUE,1,-0.152824,0.171179,40370
36817,true,q1,12,1,600,RED,1,-0.178285,-0.1455,40370
37442,true,q0,-12,1,600,BLUE,1,-0.152824,0.171179,40370
37450,true,q1,12,1,600,RED,1,-0.178285,-0.1455,40370
38075,true,q0,-12,1,600,BLUE,1,-0.152824,0.171179,40370
38083,true,q1,12,1,600,RED,1,-0.178285,-0.1455,40370
38708,true,q0,-12,1,600,BLUE,1,-0.152824,0.171179,40370
38716,true,q1,12,1,600,RED,1,-0.178285,-0.1455,40370
39341,true,q0,-12,1,600,BLUE,1,-0.152824,0.171179,40370
39349,true,q1,12,1,600,RED,1,-0.178285,-0.1455,40370
39974,true,q0,-12,1,600,BLUE,1,-0.152824,0.171179,40370
39982,true,q1,12,1,600,RED,1,-0.178285,-0.1455,40370
40607,true,q0,-12,1,600,BLUE,1,-0.152824,0.171179,40370
40615,true,q1,12,1,600,RED,1,-0.178285,-0.1455,40370
41240,true,q0,-12,1,600,BLUE,1,-0.152824,0.171179,40370
41248,true,q1,12,1,600,RED,1,-0.178285,-0.1455,40370
41873,true,q0,-12,1,600,BLUE,1,-0.152824,0.171179,40370
41881,true,q1,12,1,600,RED,1,-0.178285,-0.1455,40370
42506,true,q0,-12,1,600,BLUE,1,-0.152824,0.171179,40370
42514,true,q1,12,1,600,RED,1,-0.178285,-0.1455,40370
43139,true,q0,-12,1,600,BLUE,1,-0.152824,0.171179,40370
43147,true,q1,12,1,600,RED,1,-0.178285,-0.1455,40370
43772,true,q0,-12,1,600,BLUE,1,-0.152824,0.171179,40370
43780,true,q1,12,1,600,RED,1,-0.178285,-0.1455,40370
44405,true,q0,-12,1,600,BLUE,1,-0.152824,0.171179,40370
44413,true,q1,12,1,600,RED,1,-0.178285,-0.1455,40370
45038,true,q0,-12,1,600,BLUE,1,-0.152824,0.171179,40370
45046,true,q1,12,1,600,RED,1,-0.178285,-0.1455,40370
45671,true,q0,-12,1,600,BLUE,1,-0.152824,0.171179,40370
45679,true,q1,12,1,600,RED,1,-0.178285,-0.1455,40370
46304,true,q0,-12,1,600,BLUE,1,-0.152824,0.171179,40370
46312,true,q1,12,1,600,RED,1,-0.178285,-0.1455,40370
46945,true,q1,12,1,600,RED,1,-0.178285,-0.1455,40370
46980,true,q0,-12,1,600,BLUE,43,-0.152824,0.171179,40370
47578,true,q1,12,1,600,RED,1,-0.178285,-0.1455,40370
47613,true,q0,-12,1,600,BLUE,1,-0.152824,0.171179,40370
48211,true,q1,12,1,600,RED,1,-0.178285,-0.1455,40370
48246,true,q0,-12,1,600,BLUE,1,-0.152824,0.171179,40370
48844,true,q1,12,1,600,RED,1,-0.178285,-0.1455,40370
48879,true,q0,-12,1,600,BLUE,1,-0.152824,0.171179,40370
49477,true,q1,12,1,600,RED,1,-0.178285,-0.1455,40370
49512,true,q0,-12,1,600,BLUE,1,-0.152824,0.171179,40370
50110,true,q1,12,1,600,RED,1,-0.178285,-0.1455,40370
50145,true,q0,-12,1,600,BLUE,1,-0.152824,0.171179,40370
50743,true,q1,12,1,600,RED,1,-0.178285,-0.1455,40370
50778,true,q0,-12,1,600,BLUE,1,-0.152824,0.171179,40370
51376,true,q1,12,1,600,RED,1,-0.178285,-0.1455,40370
51411,true,q0,-12,1,600,BLUE,1,-0.152824,0.171179,40370
52009,true,q1,12,1,600,RED,1,-0.178285,-0.1455,40370
52044,true,q0,-12,1,600,BLUE,1,-0.152824,0.171179,40370
52642,true,q1,12,1,600,RED,1,-0.178285,-0.1455,40370
52677,true,q0,-12,1,600,BLUE,1,-0.152824,0.171179,40370
53310,true,q0,-12,1,600,BLUE,1,-0.152824,0.171179,40370
53326,true,q1,12,1,600,RED,51,-0.178285,-0.1455,40370
53943,true,q0,-12,1,600,BLUE,1,-0.152824,0.171179,40370
53959,true,q1,12,1,600,RED,1,-0.178285,-0.1455,40370
54576,true,q0,-12,1,600,BLUE,1,-0.152824,0.171179,40370
54592,true,q1,12,1,600,RED,1,-0.178285,-0.1455,40370
55209,true,q0,-12,1,600,BLUE,1,-0.152824,0.171179,40370
55225,true,q1,12,1,600,RED,1,-0.178285,-0.1455,40370
55842,true,q0,-12,1,600,BLUE,1,-0.152824,0.171179,40370
55858,true,q1,12,1,600,RED,1,-0.178285,-0.1455,40370
56475,true,q0,-12,1,600,BLUE,1,-0.152824,0.171179,40370
56491,true,q1,12,1,600,RED,1,-0.178285,-0.1455,40370
57108,true,q0,-12,1,600,BLUE,1,-0.152824,0.171179,40370
57124,true,q1,12,1,600,RED,1,-0.178285,-0.1455,40370
57741,true,q0,-12,1,600,BLUE,1,-0.152824,0.171179,40370
57757,true,q1,12,1,600,RED,1,-0.178285,-0.1455,40370
58374,true,q0,-12,1,600,BLUE,1,-0.152824,0.171179,40370
58390,true,q1,12,1,600,RED,1,-0.178285,-0.1455,40370
59007,true,q0,-12,1,600,BLUE,1,-0.152824,0.171179,40370
59023,true,q1,12,1,600,RED,1,-0.178285,-0.1455,40370
59640,true,q0,-12,1,600,BLUE,1,-0.152824,0.171179,40370
59656,true,q1,12,1,600,RED,1,-0.178285,-0.1455,40370
60273,true,q0,-12,1,600,BLUE,1,-0.152824,0.171179,40370
60289,true,q1,12,1,600,RED,1,-0.178285,-0.1455,40370
60906,true,q0,-12,1,600,BLUE,1,-0.152824,0.171179,40370
60922,true,q1,12,1,600,RED,1,-0.178285,-0.1455,40370
61539,true,q0,-12,1,600,BLUE,1,-0.152824,0.171179,40370
61555,true,q1,12,1,600,RED,1,-0.178285,-0.1455,40370
62172,true,q0,-12,1,600,BLUE,1,-0.152824,0.171179,40370
62188,true,q1,12,1,600,RED,1,-0.178285,-0.1455,40370
62805,true,q0,-12,1,600,BLUE,1,-0.152824,0.171179,40370
62821,true,q1,12,1,600,RED,1,-0.178285,-0.1455,40370
63438,true,q0,-12,1,600,BLUE,1,-0.152824,0.171179,40370
63454,true,q1,12,1,600,RED,1,-0.178285,-0.1455,40370
64071,true,q0,-12,1,600,BLUE,1,-0.152824,0.171179,40370
64087,true,q1,12,1,600,RED,1,-0.178285,-0.1455,40370
64704,true,q0,-12,1,600,BLUE,1,-0.152824,0.171179,40370
64720,true,q1,12,1,600,RED,1,-0.178285,-0.1455,40370
65337,true,q0,-12,1,600,BLUE,1,-0.152824,0.171179,40370
65353,true,q1,12,1,600,RED,1,-0.178285,-0.1455,40370
65970,true,q0,-12,1,600,BLUE,1,-0.152824,0.171179,40370
65986,true,q1,12,1,600,RED,1,-0.178285,-0.1455,40370
66603,true,q0,-12,1,600,BLUE,1,-0.152824,0.171179,40370
66619,true,q1,12,1,600,RED,1,-0.178285,-0.1455,40370
67236,true,q0,-12,1,600,BLUE,1,-0.152824,0.171179,40370
67252,true,q1,12,1,600,RED,1,-0.178285,-0.1455,40370
67869,true,q0,-12,1,600,BLUE,1,-0.152824,0.171179,40370
67885,true,q1,12,1,600,RED,1,-0.178285,-0.1455,40370
68502,true,q0,-12,1,600,BLUE,1,-0.152824,0.171179,40370
68518,true,q1,12,1,600,RED,1,-0.178285,-0.1455,40370
69135,true,q0,-12,1,600,BLUE,1,-0.152824,0.171179,40370
69151,true,q1,12,1,600,RED,1,-0.178285,-0.1455,40370
69768,true,q0,-12,1,600,BLUE,1,-0.152824,0.171179,40370
69784,true,q1,12,1,600,RED,1,-0.178285,-0.1455,40370
70401,true,q0,-12,1,600,BLUE,1,-0.152824,0.171179,40370
70417,true,q1,12,1,600,RED,1,-0.178285,-0.1455,40370
71034,true,q0,-12,1,600,BLUE,1,-0.152824,0.171179,40370
71050,true,q1,12,1,600,RED,1,-0.178285,-0.1455,40370
71667,true,q0,-12,1,600,BLUE,1,-0.152824,0.171179,40370
71683,true,q1,12,1,600,RED,1,-0.178285,-0.1455,40370
72300,true,q0,-12,1,600,BLUE,1,-0.152824,0.171179,40370
72316,true,q1,12,1,600,RED,1,-0.178285,-0.1455,40370
72933,true,q0,-12,1,600,BLUE,1,-0.152824,0.171179,40370
72949,true,q1,12,1,600,RED,1,-0.178285,-0.1455,40370
73566,true,q0,-12,1,600,BLUE,1,-0.152824,0.171179,40370
73582,true,q1,12,1,600,RED,1,-0.178285,-0.1455,40370
74199,true,q0,-12,1,600,BLUE,1,-0.152824,0.171179,40370
74215,true,q1,12,1,600,RED,1,-0.178285,-0.1455,40370
74832,true,q0,-12,1,600,BLUE,1,-0.152824,0.171179,40370
74848,true,q1,12,1,600,RED,1,-0.178285,-0.1455,40370
75465,true,q0,-12,1,600,BLUE,1,-0.152824,0.171179,40370
75481,true,q1,12,1,600,RED,1,-0.178285,-0.1455,40370
76098,true,q0,-12,1,600,BLUE,1,-0.152824,0.171179,40370
76114,true,q1,12,1,600,RED,1,-0.178285,-0.1455,40370
76731,true,q0,-12,1,600,BLUE,1,-0.152824,0.171179,40370
76747,true,q1,12,1,600,RED,1,-0.178285,-0.1455,40370
77364,true,q0,-12,1,600,BLUE,1,-0.152824,0.171179,40370
77380,true,q1,12,1,600,RED,1,-0.178285,-0.1455,40370
77997,true,q0,-12,1,600,BLUE,1,-0.152824,0.171179,40370
78013,true,q1,12,1,600,RED,1,-0.178285,-0.1455,40370
78630,true,q0,-12,1,600,BLUE,1,-0.152824,0.171179,40370
78646,true,q1,12,1,600,RED,1,-0.178285,-0.1455,40370
79263,true,q0,-12,1,600,BLUE,1,-0.152824,0.171179,40370
79279,true,q1,12,1,600,RED,1,-0.178285,-0.1455,40370
79896,true,q0,-12,1,600,BLUE,1,-0.152824,0.171179,40370
79912,true,q1,12,1,600,RED,1,-0.178285,-0.1455,40370
80529,true,q0,-12,1,600,BLUE,1,-0.152824,0.171179,40370
80545,true,q1,12,1,600,RED,1,-0.178285,-0.1455,40370
81162,true,q0,-12,1,600,BLUE,1,-0.152824,0.171179,40370
81178,true,q1,12,1,600,RED,1,-0.178285,-0.1455,40370
81795,true,q0,-12,1,600,BLUE,1,-0.152824,0.171179,40370
81811,true,q1,12,1,600,RED,1,-0.178285,-0.1455,40370
82428,true,q0,-12,1,600,BLUE,1,-0.152824,0.171179,40370
82444,true,q1,12,1,600,RED,1,-0.178285,-0.1455,40370
83061,true,q0,-12,1,600,BLUE,1,-0.152824,0.171179,40370
83077,true,q1,12,1,600,RED,1,-0.178285,-0.1455,40370
83694,true,q0,-12,1,600,BLUE,1,-0.152824,0.171179,40370
83710,true,q1,12,1,600,RED,1,-0.178285,-0.1455,40370
84327,true,q0,-12,1,600,BLUE,1,-0.152824,0.171179,40370
84343,true,q1,12,1,600,RED,1,-0.178285,-0.1455,40370
84960,true,q0,-12,1,600,BLUE,1,-0.152824,0.171179,40370
84976,true,q1,12,1,600,RED,1,-0.178285,-0.1455,40370
85593,true,q0,-12,1,600,BLUE,1,-0.152824,0.171179,40370
85609,true,q1,12,1,600,RED,1,-0.178285,-0.1455,40370
86226,true,q0,-12,1,600,BLUE,1,-0.152824,0.171179,40370
86242,true,q1,12,1,600,RED,1,-0.178285,-0.1455,40370
86859,true,q0,-12,1,600,BLUE,1,-0.152824,0.171179,40370
86875,true,q1,12,1,600,RED,1,-0.178285,-0.1455,40370
87492,true,q0,-12,1,600,BLUE,1,-0.152824,0.171179,40370
87508,true,q1,12,1,600,RED,1,-0.178285,-0.1455,40370
88125,true,q0,-12,1,600,BLUE,1,-0.152824,0.171179,40370
88141,true,q1,12,1,600,RED,1,-0.178285,-0.1455,40370
88758,true,q0,-12,1,600,BLUE,1,-0.152824,0.171179,40370
88774,true,q1,12,1,600,RED,1,-0.178285,-0.1455,40370
89391,true,q0,-12,1,600,BLUE,1,-0.152824,0.171179,40370
89407,true,q1,12,1,600,RED,1,-0.178285,-0.1455,40370
90040,true,q1,12,1,600,RED,1,-0.178285,-0.1455,40370
90067,true,q0,-12,1,600,BLUE,43,-0.152824,0.171179,40370
90673,true,q1,12,1,600,RED,1,-0.178285,-0.1455,40370
90700,true,q0,-12,1,600,BLUE,1,-0.152824,0.171179,40370
91333,true,q0,-12,1,600,BLUE,1,-0.152824,0.171179,40370
91357,true,q1,12,1,600,RED,51,-0.178285,-0.1455,40370
91966,true,q0,-12,1,600,BLUE,1,-0.152824,0.171179,40370
91990,true,q1,12,1,600,RED,1,-0.178285,-0.1455,40370
92599,true,q0,-12,1,600,BLUE,1,-0.152824,0.171179,40370
92623,true,q1,12,1,600,RED,1,-0.178285,-0.1455,40370
93232,true,q0,-12,1,600,BLUE,1,-0.152824,0.171179,40370
93256,true,q1,12,1,600,RED,1,-0.178285,-0.1455,40370
93865,true,q0,-12,1,600,BLUE,1,-0.152824,0.171179,40370
93889,true,q1,12,1,600,RED,1,-0.178285,-0.1455,40370
94498,true,q0,-12,1,600,BLUE,1,-0.152824,0.171179,40370
94522,true,q1,12,1,600,RED,1,-0.178285,-0.1455,40370
95131,true,q0,-12,1,600,BLUE,1,-0.152824,0.171179,40370
95155,true,q1,12,1,600,RED,1,-0.178285,-0.1455,40370
95764,true,q0,-12,1,600,BLUE,1,-0.152824,0.171179,40370
95788,true,q1,12,1,600,RED,1,-0.178285,-0.1455,40370
96397,true,q0,-12,1,600,BLUE,1,-0.152824,0.171179,40370
96421,true,q1,12,1,600,RED,1,-0.178285,-0.1455,40370
97030,true,q0,-12,1,600,BLUE,1,-0.152824,0.171179,40370
97054,true,q1,12,1,600,RED,1,-0.178285,-0.1455,40370
97663,true,q0,-12,1,600,BLUE,1,-0.152824,0.171179,40370
97687,true,q1,12,1,600,RED,1,-0.178285,-0.1455,40370
98296,true,q0,-12,1,600,BLUE,1,-0.152824,0.171179,40370
98320,true,q1,12,1,600,RED,1,-0.178285,-0.1455,40370
98929,true,q0,-12,1,600,BLUE,1,-0.152824,0.171179,40370
98953,true,q1,12,1,600,RED,1,-0.178285,-0.1455,40370
99562,true,q0,-12,1,600,BLUE,1,-0.152824,0.171179,40370
99586,true,q1,12,1,600,RED,1,-0.178285,-0.1455,40370
52,true,q1,0,1,600,RED,1,-0.178285,-0.1455,62279
52,true,q0,0,1,600,BLUE,1,-0.152824,0.171179,62279
685,true,q1,1,1,600,RED,1,-0.178285,-0.1455,62279
685,true,q0,-1,1,600,BLUE,1,-0.152824,0.171179,62279
1318,true,q1,2,1,600,RED,1,-0.178285,-0.1455,62279
1318,true,q0,-2,1,600,BLUE,1,-0.152824,0.171179,62279
1951,true,q1,3,1,600,RED,1,-0.178285,-0.1455,62279
1951,true,q0,-3,1,600,BLUE,1,-0.152824,0.171179,62279
2584,true,q1,4,1,600,RED,1,-0.178285,-0.1455,62279
2584,true,q0,-4,1,600,BLUE,1,-0.152824,0.171179,62279
3217,true,q1,5,1,600,RED,1,-0.178285,-0.1455,62279
3217,true,q0,-5,1,600,BLUE,1,-0.152824,0.171179,62279
3850,true,q1,6,1,600,RED,1,-0.178285,-0.1455,62279
3893,true,q0,-6,1,600,BLUE,43,-0.152824,0.171179,62279
4483,true,q1,7,1,600,RED,1,-0.178285,-0.1455,62279
4526,true,q0,-7,1,600,BLUE,1,-0.152824,0.171179,62279
5116,true,q1,8,1,600,RED,1,-0.178285,-0.1455,62279
5159,true,q0,-8,1,600,BLUE,1,-0.152824,0.171179,62279
5749,true,q1,9,1,600,RED,1,-0.178285,-0.1455,62279
5792,true,q0,-9,1,600,BLUE,1,-0.152824,0.171179,62279
6382,true,q1,10,1,600,RED,1,-0.178285,-0.1455,62279
6425,true,q0,-10,1,600,BLUE,1,-0.152824,0.171179,62279
7015,true,q1,11,1,600,RED,1,-0.178285,-0.1455,62279
7058,true,q0,-11,1,600,BLUE,1,-0.152824,0.171179,62279
7648,true,q1,12,1,600,RED,1,-0.178285,-0.1455,62279
7691,true,q0,-12,1,600,BLUE,1,-0.152824,0.171179,62279
8281,true,q1,12,1,600,RED,1,-0.178285,-0.1455,62279
8324,true,q0,-12,1,600,BLUE,1,-0.152824,0.171179,62279
8914,true,q1,12,1,600,RED,1,-0.178285,-0.1455,62279
8957,true,q0,-12,1,600,BLUE,1,-0.152824,0.171179,62279
9547,true,q1,12,1,600,RED,1,-0.178285,-0.1455,62279
9590,true,q0,-12,1,600,BLUE,1,-0.152824,0.171179,62279
10180,true,q1,12,1,600,RED,1,-0.178285,-0.1455,62279
10223,true,q0,-12,1,600,BLUE,1,-0.152824,0.171179,62279
10813,true,q1,12,1,600,RED,1,-0.178285,-0.1455,62279
10856,true,q0,-12,1,600,BLUE,1,-0.152824,0.171179,62279
11446,true,q1,12,1,600,RED,1,-0.178285,-0.1455,62279
11489,true,q0,-12,1,600,BLUE,1,-0.152824,0.171179,62279
12079,true,q1,12,1,600,RED,1,-0.178285,-0.1455,62279
12122,true,q0,-12,1,600,BLUE,1,-0.152824,0.171179,62279
12712,true,q1,12,1,600,RED,1,-0.178285,-0.1455,62279
12755,true,q0,-12,1,600,BLUE,1,-0.152824,0.171179,62279
13345,true,q1,12,1,600,RED,1,-0.178285,-0.1455,62279
13388,true,q0,-12,1,600,BLUE,1,-0.152824,0.171179,62279
13978,true,q1,12,1,600,RED,1,-0.178285,-0.1455,62279
14021,true,q0,-12,1,600,BLUE,1,-0.152824,0.171179,62279
14611,true,q1,12,1,600,RED,1,-0.178285,-0.1455,62279
14654,true,q0,-12,1,600,BLUE,1,-0.152824,0.171179,62279
15287,true,q0,-12,1,600,BLUE,1,-0.152824,0.171179,62279
15295,true,q1,12,1,600,RED,51,-0.178285,-0.1455,62279
15920,true,q0,-12,1,600,BLUE,1,-0.152824,0.171179,62279
15928,true,q1,12,1,600,RED,1,-0.178285,-0.1455,62279
16553,true,q0,-12,1,600,BLUE,1,-0.152824,0.171179,62279
16561,true,q1,12,1,600,RED,1,-0.178285,-0.1455,62279
17186,true,q0,-12,1,600,BLUE,1,-0.152824,0.171179,62279
17194,true,q1,12,1,600,RED,1,-0.178285,-0.1455,62279
17819,true,q0,-12,1,600,BLUE,1,-0.152824,0.171179,62279
17827,true,q1,12,1,600,RED,1,-0.178285,-0.1455,62279
18452,true,q0,-12,1,600,BLUE,1,-0.152824,0.171179,62279
18460,true,q1,12,1,600,RED,1,-0.178285,-0.1455,62279
19085,true,q0,-12,1,600,BLUE,1,-0.152824,0.171179,62279
19093,true,q1,12,1,600,RED,1,-0.178285,-0.1455,62279
19718,true,q0,-12,1,600,BLUE,1,-0.152824,0.171179,62279
19726,true,q1,12,1,600,RED,1,-0.178285,-0.1455,62279
20351,true,q0,-12,1,600,BLUE,1,-0.152824,0.171179,62279
20359,true,q1,12,1,600,RED,1,-0.178285,-0.1455,62279
20984,true,q0,-12,1,600,BLUE,1,-0.152824,0.171179,62279
20992,true,q1,12,1,600,RED,1,-0.178285,-0.1455,62279
21617,true,q0,-12,1,600,BLUE,1,-0.152824,0.171179,62279
21625,true,q1,12,1,600,RED,1,-0.178285,-0.1455,62279
22250,true,q0,-12,1,600,BLUE,1,-0.152824,0.171179,62279
22258,true,q1,12,1,600,RED,1,-0.178285,-0.1455,62279
22883,true,q0,-12,1,600,BLUE,1,-0.152824,0.171179,62279
22891,true,q1,12,1,600,RED,1,-0.178285,-0.1455,62279
23516,true,q0,-12,1,600,BLUE,1,-0.152824,0.171179,62279
23524,true,q1,12,1,600,RED,1,-0.178285,-0.1455,62279
24149,true,q0,-12,1,600,BLUE,1,-0.152824,0.171179,62279
24157,true,q1,12,1,600,RED,1,-0.178285,-0.1455,62279
24782,true,q0,-12,1,600,BLUE,1,-0.152824,0.171179,62279
24790,true,q1,12,1,600,RED,1,-0.178285,-0.1455,62279
25415,true,q0,-12,1,600,BLUE,1,-0.152824,0.171179,62279
25423,true,q1,12,1,600,RED,1,-0.178285,-0.1455,62279
26048,true,q0,-12,1,600,BLUE,1,-0.152824,0.171179,62279
26056,true,q1,12,1,600,RED,1,-0.178285,-0.1455,62279
26681,true,q0,-12,1,600,BLUE,1,-0.152824,0.171179,62279
26689,true,q1,12,1,600,RED,1,-0.178285,-0.1455,62279
27314,true,q0,-12,1,600,BLUE,1,-0.152824,0.171179,62279
27322,true,q1,12,1,600,RED,1,-0.178285,-0.1455,62279
27947,true,q0,-12,1,600,BLUE,1,-0.152824,0.171179,62279
27955,true,q1,12,1,600,RED,1,-0.178285,-0.1455,62279
28580,true,q0,-12,1,600,BLUE,1,-0.152824,0.171179,62279
28588,true,q1,12,1,600,RED,1,-0.178285,-0.1455,62279
29213,true,q0,-12,1,600,BLUE,1,-0.152824,0.171179,62279
29221,true,q1,12,1,600,RED,1,-0.178285,-0.1455,62279
29846,true,q0,-12,1,600,BLUE,1,-0.152824,0.171179,62279
29854,true,q1,12,1,600,RED,1,-0.178285,-0.1455,62279
30479,true,q0,-12,1,600,BLUE,1,-0.152824,0.171179,62279
30487,true,q1,12,1,600,RED,1,-0.178285,-0.1455,62279
31112,true,q0,-12,1,600,BLUE,1,-0.152824,0.171179,62279
31120,true,q1,12,1,600,RED,1,-0.178285,-0.1455,62279
31745,true,q0,-12,1,600,BLUE,1,-0.152824,0.171179,62279
31753,true,q1,12,1,600,RED,1,-0.178285,-0.1455,62279
32378,true,q0,-12,1,600,BLUE,1,-0.152824,0.171179,62279
32386,true,q1,12,1,600,RED,1,-0.178285,-0.1455,62279
33011,true,q0,-12,1,600,BLUE,1,-0.152824,0.171179,62279
33019,true,q1,12,1,600,RED,1,-0.178285,-0.1455,62279
33644,true,q0,-12,1,600,BLUE,1,-0.152824,0.171179,62279
33652,true,q1,12,1,600,RED,1,-0.178285,-0.1455,62279
34277,true,q0,-12,1,600,BLUE,1,-0.152824,0.171179,62279
34285,true,q1,12,1,600,RED,1,-0.178285,-0.1455,62279
34910,true,q0,-12,1,600,BLUE,1,-0.152824,0.171179,62279
34918,true,q1,12,1,600,RED,1,-0.178285,-0.1455,62279
35543,true,q0,-12,1,600,BLUE,1,-0.152824,0.171179,62279
35551,true,q1,12,1,600,RED,1,-0.178285,-0.1455,62279
36176,true,q0,-12,1,600,BLUE,1,-0.152824,0.171179,62279
36184,true,q1,12,1,600,RED,1,-0.178285,-0.1455,62279
36809,true,q0,-12,1,600,BLUE,1,-0.152824,0.171179,62279
36817,true,q1,12,1,600,RED,1,-0.178285,-0.1455,62279
37442,true,q0,-12,1,600,BLUE,1,-0.152824,0.171179,62279
37450,true,q1,12,1,600,RED,1,-0.178285,-0.1455,62279
38075,true,q0,-12,1,600,BLUE,1,-0.152824,0.171179,62279
38083,true,q1,12,1,600,RED,1,-0.178285,-0.1455,62279
38708,true,q0,-12,1,600,BLUE,1,-0.152824,0.171179,62279
38716,true,q1,12,1,600,RED,1,-0.178285,-0.1455,62279
39341,true,q0,-12,1,600,BLUE,1,-0.152824,0.171179,62279
39349,true,q1,12,1,600,RED,1,-0.178285,-0.1455,62279
39974,true,q0,-12,1,600,BLUE,1,-0.152824,0.171179,62279
39982,true,q1,12,1,600,RED,1,-0.178285,-0.1455,62279
40607,true,q0,-12,1,600,BLUE,1,-0.152824,0.171179,62279
40615,true,q1,12,1,600,RED,1,-0.178285,-0.1455,62279
41240,true,q0,-12,1,600,BLUE,1,-0.152824,0.171179,62279
41248,true,q1,12,1,600,RED,1,-0.178285,-0.1455,62279
41873,true,q0,-12,1,600,BLUE,1,-0.152824,0.171179,62279
41881,true,q1,12,1,600,RED,1,-0.178285,-0.1455,62279
42506,true,q0,-12,1,600,BLUE,1,-0.152824,0.171179,62279
42514,true,q1,12,1,600,RED,1,-0.178285,-0.1455,62279
43139,true,q0,-12,1,600,BLUE,1,-0.152824,0.171179,62279
43147,true,q1,12,1,600,RED,1,-0.178285,-0.1455,62279
43772,true,q0,-12,1,600,BLUE,1,-0.152824,0.171179,62279
43780,true,q1,12,1,600,RED,1,-0.178285,-0.1455,62279
44405,true,q0,-12,1,600,BLUE,1,-0.152824,0.171179,62279
44413,true,q1,12,1,600,RED,1,-0.178285,-0.1455,62279
45038,true,q0,-12,1,600,BLUE,1,-0.152824,0.171179,62279
45046,true,q1,12,1,600,RED,1,-0.178285,-0.1455,62279
45671,true,q0,-12,1,600,BLUE,1,-0.152824,0.171179,62279
45679,true,q1,12,1,600,RED,1,-0.178285,-0.1455,62279
46304,true,q0,-12,1,600,BLUE,1,-0.152824,0.171179,62279
46312,true,q1,12,1,600,RED,1,-0.178285,-0.1455,62279
46945,true,q1,12,1,600,RED,1,-0.178285,-0.1455,62279
46980,true,q0,-12,1,600,BLUE,43,-0.152824,0.171179,62279
47578,true,q1,12,1,600,RED,1,-0.178285,-0.1455,62279
47613,true,q0,-12,1,600,BLUE,1,-0.152824,0.171179,62279
48211,true,q1,12,1,600,RED,1,-0.178285,-0.1455,62279
48246,true,q0,-12,1,600,BLUE,1,-0.152824,0.171179,62279
48844,true,q1,12,1,600,RED,1,-0.178285,-0.1455,62279
48879,true,q0,-12,1,600,BLUE,1,-0.152824,0.171179,62279
49477,true,q1,12,1,600,RED,1,-0.178285,-0.1455,62279
49512,true,q0,-12,1,600,BLUE,1,-0.152824,0.171179,62279
50110,true,q1,12,1,600,RED,1,-0.178285,-0.1455,62279
50145,true,q0,-12,1,600,BLUE,1,-0.152824,0.171179,62279
50743,true,q1,12,1,600,RED,1,-0.178285,-0.1455,62279
50778,true,q0,-12,1,600,BLUE,1,-0.152824,0.171179,62279
51376,true,q1,12,1,600,RED,1,-0.178285,-0.1455,62279
51411,true,q0,-12,1,600,BLUE,1,-0.152824,0.171179,62279
52009,true,q1,12,1,600,RED,1,-0.178285,-0.1455,62279
52044,true,q0,-12,1,600,BLUE,1,-0.152824,0.171179,62279
52642,true,q1,12,1,600,RED,1,-0.178285,-0.1455,62279
52677,true,q0,-12,1,600,BLUE,1,-0.152824,0.171179,62279
53310,true,q0,-12,1,600,BLUE,1,-0.152824,0.171179,62279
53326,true,q1,12,1,600,RED,51,-0.178285,-0.1455,62279
53943,true,q0,-12,1,600,BLUE,1,-0.152824,0.171179,62279
53959,true,q1,12,1,600,RED,1,-0.178285,-0.1455,62279
54576,true,q0,-12,1,600,BLUE,1,-0.152824,0.171179,62279
54592,true,q1,12,1,600,RED,1,-0.178285,-0.1455,62279
55209,true,q0,-12,1,600,BLUE,1,-0.152824,0.171179,62279
55225,true,q1,12,1,600,RED,1,-0.178285,-0.1455,62279
55842,true,q0,-12,1,600,BLUE,1,-0.152824,0.171179,62279
55858,true,q1,12,1,600,RED,1,-0.178285,-0.1455,62279
56475,true,q0,-12,1,600,BLUE,1,-0.152824,0.171179,62279
56491,true,q1,12,1,600,RED,1,-0.178285,-0.1455,62279
57108,true,q0,-12,1,600,BLUE,1,-0.152824,0.171179,62279
57124,true,q1,12,1,600,RED,1,-0.178285,-0.1455,62279
57741,true,q0,-12,1,600,BLUE,1,-0.152824,0.171179,62279
57757,true,q1,12,1,600,RED,1,-0.178285,-0.1455,62279
58374,true,q0,-12,1,600,BLUE,1,-0.152824,0.171179,62279
58390,true,q1,12,1,600,RED,1,-0.178285,-0.1455,62279
59007,true,q0,-12,1,600,BLUE,1,-0.152824,0.171179,62279
59023,true,q1,12,1,600,RED,1,-0.178285,-0.1455,62279
59640,true,q0,-12,1,600,BLUE,1,-0.152824,0.171179,62279
59656,true,q1,12,1,600,RED,1,-0.178285,-0.1455,62279
60273,true,q0,-12,1,600,BLUE,1,-0.152824,0.171179,62279
60289,true,q1,12,1,600,RED,1,-0.178285,-0.1455,62279
60906,true,q0,-12,1,600,BLUE,1,-0.152824,0.171179,62279
60922,true,q1,12,1,600,RED,1,-0.178285,-0.1455,62279
61539,true,q0,-12,1,600,BLUE,1,-0.152824,0.171179,62279
61555,true,q1,12,1,600,RED,1,-0.178285,-0.1455,62279
62172,true,q0,-12,1,600,BLUE,1,-0.152824,0.171179,62279
62188,true,q1,12,1,600,RED,1,-0.178285,-0.1455,62279
62805,true,q0,-12,1,600,BLUE,1,-0.152824,0.171179,62279
62821,true,q1,12,1,600,RED,1,-0.178285,-0.1455,62279
63438,true,q0,-12,1,600,BLUE,1,-0.152824,0.171179,62279
63454,true,q1,12,1,600,RED,1,-0.178285,-0.1455,62279
64071,true,q0,-12,1,600,BLUE,1,-0.152824,0.171179,62279
64087,true,q1,12,1,600,RED,1,-0.178285,-0.1455,62279
64704,true,q0,-12,1,600,BLUE,1,-0.152824,0.171179,62279
64720,true,q1,12,1,600,RED,1,-0.178285,-0.1455,62279
65337,true,q0,-12,1,600,BLUE,1,-0.152824,0.171179,62279
65353,true,q1,12,1,600,RED,1,-0.178285,-0.1455,62279
65970,true,q0,-12,1,600,BLUE,1,-0.152824,0.171179,62279
65986,true,q1,12,1,600,RED,1,-0.178285,-0.1455,62279
66603,true,q0,-12,1,600,BLUE,1,-0.152824,0.171179,62279
66619,true,q1,12,1,600,RED,1,-0.178285,-0.1455,62279
67236,true,q0,-12,1,600,BLUE,1,-0.152824,0.171179,62279
67252,true,q1,12,1,600,RED,1,-0.178285,-0.1455,62279
67869,true,q0,-12,1,600,BLUE,1,-0.152824,0.171179,62279
67885,true,q1,12,1,600,RED,1,-0.178285,-0.1455,62279
68502,true,q0,-12,1,600,BLUE,1,-0.152824,0.171179,62279
68518,true,q1,12,1,600,RED,1,-0.178285,-0.1455,62279
69135,true,q0,-12,1,600,BLUE,1,-0.152824,0.171179,62279
69151,true,q1,12,1,600,RED,1,-0.178285,-0.1455,62279
69768,true,q0,-12,1,600,BLUE,1,-0.152824,0.171179,62279
69784,true,q1,12,1,600,RED,1,-0.178285,-0.1455,62279
70401,true,q0,-12,1,600,BLUE,1,-0.152824,0.171179,62279
70417,true,q1,12,1,600,RED,1,-0.178285,-0.1455,62279
71034,true,q0,-12,1,600,BLUE,1,-0.152824,0.171179,62279
71050,true,q1,12,1,600,RED,1,-0.178285,-0.1455,62279
71667,true,q0,-12,1,600,BLUE,1,-0.152824,0.171179,62279
71683,true,q1,12,1,600,RED,1,-0.178285,-0.1455,62279
72300,true,q0,-12,1,600,BLUE,1,-0.152824,0.171179,62279
72316,true,q1,12,1,600,RED,1,-0.178285,-0.1455,62279
72933,true,q0,-12,1,600,BLUE,1,-0.152824,0.171179,62279
72949,true,q1,12,1,600,RED,1,-0.178285,-0.1455,62279
73566,true,q0,-12,1,600,BLUE,1,-0.152824,0.171179,62279
73582,true,q1,12,1,600,RED,1,-0.178285,-0.1455,62279
74199,true,q0,-12,1,600,BLUE,1,-0.152824,0.171179,62279
74215,true,q1,12,1,600,RED,1,-0.178285,-0.1455,62279
74832,true,q0,-12,1,600,BLUE,1,-0.152824,0.171179,62279
74848,true,q1,12,1,600,RED,1,-0.178285,-0.1455,62279
75465,true,q0,-12,1,600,BLUE,1,-0.152824,0.171179,62279
75481,true,q1,12,1,600,RED,1,-0.178285,-0.1455,62279
76098,true,q0,-12,1,600,BLUE,1,-0.152824,0.171179,62279
76114,true,q1,12,1,600,RED,1,-0.178285,-0.1455,62279
76731,true,q0,-12,1,600,BLUE,1,-0.152824,0.171179,62279
76747,true,q1,12,1,600,RED,1,-0.178285,-0.1455,62279
77364,true,q0,-12,1,600,BLUE,1,-0.152824,0.171179,62279
77380,true,q1,12,1,600,RED,1,-0.178285,-0.1455,62279
77997,true,q0,-12,1,600,BLUE,1,-0.152824,0.171179,62279
78013,true,q1,12,1,600,RED,1,-0.178285,-0.1455,62279
78630,true,q0,-12,1,600,BLUE,1,-0.152824,0.171179,62279
78646,true,q1,12,1,600,RED,1,-0.178285,-0.1455,62279
79263,true,q0,-12,1,600,BLUE,1,-0.152824,0.171179,62279
79279,true,q1,12,1,600,RED,1,-0.178285,-0.1455,62279
79896,true,q0,-12,1,600,BLUE,1,-0.152824,0.171179,62279
79912,true,q1,12,1,600,RED,1,-0.178285,-0.1455,62279
80529,true,q0,-12,1,600,BLUE,1,-0.152824,0.171179,62279
80545,true,q1,12,1,600,RED,1,-0.178285,-0.1455,62279
81162,true,q0,-12,1,600,BLUE,1,-0.152824,0.171179,62279
81178,true,q1,12,1,600,RED,1,-0.178285,-0.1455,62279
81795,true,q0,-12,1,600,BLUE,1,-0.152824,0.171179,62279
81811,true,q1,12,1,600,RED,1,-0.178285,-0.1455,62279
82428,true,q0,-12,1,600,BLUE,1,-0.152824,0.171179,62279
82444,true,q1,12,1,600,RED,1,-0.178285,-0.1455,62279
83061,true,q0,-12,1,600,BLUE,1,-0.152824,0.171179,62279
83077,true,q1,12,1,600,RED,1,-0.178285,-0.1455,62279
83694,true,q0,-12,1,600,BLUE,1,-0.152824,0.171179,62279
83710,true,q1,12,1,600,RED,1,-0.178285,-0.1455,62279
84327,true,q0,-12,1,600,BLUE,1,-0.152824,0.171179,62279
84343,true,q1,12,1,600,RED,1,-0.178285,-0.1455,62279
84960,true,q0,-12,1,600,BLUE,1,-0.152824,0.171179,62279
84976,true,q1,12,1,600,RED,1,-0.178285,-0.1455,62279
85593,true,q0,-12,1,600,BLUE,1,-0.152824,0.171179,62279
85609,true,q1,12,1,600,RED,1,-0.178285,-0.1455,62279
86226,true,q0,-12,1,600,BLUE,1,-0.152824,0.171179,62279
86242,true,q1,12,1,600,RED,1,-0.178285,-0.1455,62279
86859,true,q0,-12,1,600,BLUE,1,-0.152824,0.171179,62279
86875,true,q1,12,1,600,RED,1,-0.178285,-0.1455,62279
87492,true,q0,-12,1,600,BLUE,1,-0.152824,0.171179,62279
87508,true,q1,12,1,600,RED,1,-0.178285,-0.1455,62279
88125,true,q0,-12,1,600,BLUE,1,-0.152824,0.171179,62279
88141,true,q1,12,1,600,RED,1,-0.178285,-0.1455,62279
88758,true,q0,-12,1,600,BLUE,1,-0.152824,0.171179,62279
88774,true,q1,12,1,600,RED,1,-0.178285,-0.1455,62279
89391,true,q0,-12,1,600,BLUE,1,-0.152824,0.171179,62279
89407,true,q1,12,1,600,RED,1,-0.178285,-0.1455,62279
90040,true,q1,12,1,600,RED,1,-0.178285,-0.1455,62279
90067,true,q0,-12,1,600,BLUE,43,-0.152824,0.171179,62279
90673,true,q1,12,1,600,RED,1,-0.178285,-0.1455,62279
90700,true,q0,-12,1,600,BLUE,1,-0.152824,0.171179,62279
91333,true,q0,-12,1,600,BLUE,1,-0.152824,0.171179,62279
91357,true,q1,12,1,600,RED,51,-0.178285,-0.1455,62279
91966,true,q0,-12,1,600,BLUE,1,-0.152824,0.171179,62279
91990,true,q1,12,1,600,RED,1,-0.178285,-0.1455,62279
92599,true,q0,-12,1,600,BLUE,1,-0.152824,0.171179,62279
92623,true,q1,12,1,600,RED,1,-0.178285,-0.1455,62279
93232,true,q0,-12,1,600,BLUE,1,-0.152824,0.171179,62279
93256,true,q1,12,1,600,RED,1,-0.178285,-0.1455,62279
93865,true,q0,-12,1,600,BLUE,1,-0.152824,0.171179,62279
93889,true,q1,12,1,600,RED,1,-0.178285,-0.1455,62279
94498,true,q0,-12,1,600,BLUE,1,-0.152824,0.171179,62279
94522,true,q1,12,1,600,RED,1,-0.178285,-0.1455,62279
95131,true,q0,-12,1,600,BLUE,1,-0.152824,0.171179,62279
95155,true,q1,12,1,600,RED,1,-0.178285,-0.1455,62279
95764,true,q0,-12,1,600,BLUE,1,-0.152824,0.171179,62279
95788,true,q1,12,1,600,RED,1,-0.178285,-0.1455,62279
96397,true,q0,-12,1,600,BLUE,1,-0.152824,0.171179,62279
96421,true,q1,12,1,600,RED,1,-0.178285,-0.1455,62279
97030,true,q0,-12,1,600,BLUE,1,-0.152824,0.171179,62279
97054,true,q1,12,1,600,RED,1,-0.178285,-0.1455,62279
97663,true,q0,-12,1,600,BLUE,1,-0.152824,0.171179,62279
97687,true,q1,12,1,600,RED,1,-0.178285,-0.1455,62279
98296,true,q0,-12,1,600,BLUE,1,-0.152824,0.171179,62279
98320,true,q1,12,1,600,RED,1,-0.178285,-0.1455,62279
98929,true,q0,-12,1,600,BLUE,1,-0.152824,0.171179,62279
98953,true,q1,12,1,600,RED,1,-0.178285,-0.1455,62279
99562,true,q0,-12,1,600,BLUE,1,-0.152824,0.171179,62279
99586,true,q1,12,1,600,RED,1,-0.178285,-0.1455,62279
52,true,q1,0,1,600,RED,1,-0.178285,-0.1455,22943
52,true,q0,0,1,600,BLUE,1,-0.152824,0.171179,22943
685,true,q1,1,1,600,RED,1,-0.178285,-0.1455,22943
685,true,q0,-1,1,600,BLUE,1,-0.152824,0.171179,22943
1318,true,q1,2,1,600,RED,1,-0.178285,-0.1455,22943
1318,true,q0,-2,1,600,BLUE,1,-0.152824,0.171179,22943
1951,true,q1,3,1,600,RED,1,-0.178285,-0.1455,22943
1951,true,q0,-3,1,600,BLUE,1,-0.152824,0.171179,22943
2584,true,q1,4,1,600,RED,1,-0.178285,-0.1455,22943
2584,true,q0,-4,1,600,BLUE,1,-0.152824,0.171179,22943
3217,true,q1,5,1,600,RED,1,-0.178285,-0.1455,22943
3217,true,q0,-5,1,600,BLUE,1,-0.152824,0.171179,22943
3850,true,q1,6,1,600,RED,1,-0.178285,-0.1455,22943
3893,true,q0,-6,1,600,BLUE,43,-0.152824,0.171179,22943
4483,true,q1,7,1,600,RED,1,-0.178285,-0.1455,22943
4526,true,q0,-7,1,600,BLUE,1,-0.152824,0.171179,22943
5116,true,q1,8,1,600,RED,1,-0.178285,-0.1455,22943
5159,true,q0,-8,1,600,BLUE,1,-0.152824,0.171179,22943
5749,true,q1,9,1,600,RED,1,-0.178285,-0.1455,22943
5792,true,q0,-9,1,600,BLUE,1,-0.152824,0.171179,22943
6382,true,q1,10,1,600,RED,1,-0.178285,-0.1455,22943
6425,true,q0,-10,1,600,BLUE,1,-0.152824,0.171179,22943
7015,true,q1,11,1,600,RED,1,-0.178285,-0.1455,22943
7058,true,q0,-11,1,600,BLUE,1,-0.152824,0.171179,22943
7648,true,q1,12,1,600,RED,1,-0.178285,-0.1455,22943
7691,true,q0,-12,1,600,BLUE,1,-0.152824,0.171179,22943
8281,true,q1,12,1,600,RED,1,-0.178285,-0.1455,22943
8324,true,q0,-12,1,600,BLUE,1,-0.152824,0.171179,22943
8914,true,q1,12,1,600,RED,1,-0.178285,-0.1455,22943
8957,true,q0,-12,1,600,BLUE,1,-0.152824,0.171179,22943
9547,true,q1,12,1,600,RED,1,-0.178285,-0.1455,22943
9590,true,q0,-12,1,600,BLUE,1,-0.152824,0.171179,22943
10180,true,q1,12,1,600,RED,1,-0.178285,-0.1455,22943
10223,true,q0,-12,1,600,BLUE,1,-0.152824,0.171179,22943
10813,true,q1,12,1,600,RED,1,-0.178285,-0.1455,22943
10856,true,q0,-12,1,600,BLUE,1,-0.152824,0.171179,22943
11446,true,q1,12,1,600,RED,1,-0.178285,-0.1455,22943
11489,true,q0,-12,1,600,BLUE,1,-0.152824,0.171179,22943
12079,true,q1,12,1,600,RED,1,-0.178285,-0.1455,22943
12122,true,q0,-12,1,600,BLUE,1,-0.152824,0.171179,22943
12712,true,q1,12,1,600,RED,1,-0.178285,-0.1455,22943
12755,true,q0,-12,1,600,BLUE,1,-0.152824,0.171179,22943
13345,true,q1,12,1,600,RED,1,-0.178285,-0.1455,22943
13388,true,q0,-12,1,600,BLUE,1,-0.152824,0.171179,22943
13978,true,q1,12,1,600,RED,1,-0.178285,-0.1455,22943
14021,true,q0,-12,1,600,BLUE,1,-0.152824,0.171179,22943
14611,true,q1,12,1,600,RED,1,-0.178285,-0.1455,22943
14654,true,q0,-12,1,600,BLUE,1,-0.152824,0.171179,22943
15287,true,q0,-12,1,600,BLUE,1,-0.152824,0.171179,22943
15295,true,q1,12,1,600,RED,51,-0.178285,-0.1455,22943
15920,true,q0,-12,1,600,BLUE,1,-0.152824,0.171179,22943
15928,true,q1,12,1,600,RED,1,-0.178285,-0.1455,22943
16553,true,q0,-12,1,600,BLUE,1,-0.152824,0.171179,22943
16561,true,q1,12,1,600,RED,1,-0.178285,-0.1455,22943
17186,true,q0,-12,1,600,BLUE,1,-0.152824,0.171179,22943
17194,true,q1,12,1,600,RED,1,-0.178285,-0.1455,22943
17819,true,q0,-12,1,600,BLUE,1,-0.152824,0.171179,22943
17827,true,q1,12,1,600,RED,1,-0.178285,-0.1455,22943
18452,true,q0,-12,1,600,BLUE,1,-0.152824,0.171179,22943
18460,true,q1,12,1,600,RED,1,-0.178285,-0.1455,22943
19085,true,q0,-12,1,600,BLUE,1,-0.152824,0.171179,22943
19093,true,q1,12,1,600,RED,1,-0.178285,-0.1455,22943
19718,true,q0,-12,1,600,BLUE,1,-0.152824,0.171179,22943
19726,true,q1,12,1,600,RED,1,-0.178285,-0.1455,22943
20351,true,q0,-12,1,600,BLUE,1,-0.152824,0.171179,22943
20359,true,q1,12,1,600,RED,1,-0.178285,-0.1455,22943
20984,true,q0,-12,1,600,BLUE,1,-0.152824,0.171179,22943
20992,true,q1,12,1,600,RED,1,-0.178285,-0.1455,22943
21617,true,q0,-12,1,600,BLUE,1,-0.152824,0.171179,22943
21625,true,q1,12,1,600,RED,1,-0.178285,-0.1455,22943
22250,true,q0,-12,1,600,BLUE,1,-0.152824,0.171179,22943
22258,true,q1,12,1,600,RED,1,-0.178285,-0.1455,22943
22883,true,q0,-12,1,600,BLUE,1,-0.152824,0.171179,22943
22891,true,q1,12,1,600,RED,1,-0.178285,-0.1455,22943
23516,true,q0,-12,1,600,BLUE,1,-0.152824,0.171179,22943
23524,true,q1,12,1,600,RED,1,-0.178285,-0.1455,22943
24149,true,q0,-12,1,600,BLUE,1,-0.152824,0.171179,22943
24157,true,q1,12,1,600,RED,1,-0.178285,-0.1455,22943
24782,true,q0,-12,1,600,BLUE,1,-0.152824,0.171179,22943
24790,true,q1,12,1,600,RED,1,-0.178285,-0.1455,22943
25415,true,q0,-12,1,600,BLUE,1,-0.152824,0.171179,22943
25423,true,q1,12,1,600,RED,1,-0.178285,-0.1455,22943
26048,true,q0,-12,1,600,BLUE,1,-0.152824,0.171179,22943
26056,true,q1,12,1,600,RED,1,-0.178285,-0.1455,22943
26681,true,q0,-12,1,600,BLUE,1,-0.152824,0.171179,22943
26689,true,q1,12,1,600,RED,1,-0.178285,-0.1455,22943
27314,true,q0,-12,1,600,BLUE,1,-0.152824,0.171179,22943
27322,true,q1,12,1,600,RED,1,-0.178285,-0.1455,22943
27947,true,q0,-12,1,600,BLUE,1,-0.152824,0.171179,22943
27955,true,q1,12,1,600,RED,1,-0.178285,-0.1455,22943
28580,true,q0,-12,1,600,BLUE,1,-0.152824,0.171179,22943
28588,true,q1,12,1,600,RED,1,-0.178285,-0.1455,22943
29213,true,q0,-12,1,600,BLUE,1,-0.152824,0.171179,22943
29221,true,q1,12,1,600,RED,1,-0.178285,-0.1455,22943
29846,true,q0,-12,1,600,BLUE,1,-0.152824,0.171179,22943
29854,true,q1,12,1,600,RED,1,-0.178285,-0.1455,22943
30479,true,q0,-12,1,600,BLUE,1,-0.152824,0.171179,22943
30487,true,q1,12,1,600,RED,1,-0.178285,-0.1455,22943
31112,true,q0,-12,1,600,BLUE,1,-0.152824,0.171179,22943
31120,true,q1,12,1,600,RED,1,-0.178285,-0.1455,22943
31745,true,q0,-12,1,600,BLUE,1,-0.152824,0.171179,22943
31753,true,q1,12,1,600,RED,1,-0.178285,-0.1455,22943
32378,true,q0,-12,1,600,BLUE,1,-0.152824,0.171179,22943
32386,true,q1,12,1,600,RED,1,-0.178285,-0.1455,22943
33011,true,q0,-12,1,600,BLUE,1,-0.152824,0.171179,22943
33019,true,q1,12,1,600,RED,1,-0.178285,-0.1455,22943
33644,true,q0,-12,1,600,BLUE,1,-0.152824,0.171179,22943
33652,true,q1,12,1,600,RED,1,-0.178285,-0.1455,22943
34277,true,q0,-12,1,600,BLUE,1,-0.152824,0.171179,22943
34285,true,q1,12,1,600,RED,1,-0.178285,-0.1455,22943
34910,true,q0,-12,1,600,BLUE,1,-0.152824,0.171179,22943
34918,true,q1,12,1,600,RED,1,-0.178285,-0.1455,22943
35543,true,q0,-12,1,600,BLUE,1,-0.152824,0.171179,22943
35551,true,q1,12,1,600,RED,1,-0.178285,-0.1455,22943
36176,true,q0,-12,1,600,BLUE,1,-0.152824,0.171179,22943
36184,true,q1,12,1,600,RED,1,-0.178285,-0.1455,22943
36809,true,q0,-12,1,600,BLUE,1,-0.152824,0.171179,22943
36817,true,q1,12,1,600,RED,1,-0.178285,-0.1455,22943
37442,true,q0,-12,1,600,BLUE,1,-0.152824,0.171179,22943
37450,true,q1,12,1,600,RED,1,-0.178285,-0.1455,22943
38075,true,q0,-12,1,600,BLUE,1,-0.152824,0.171179,22943
38083,true,q1,12,1,600,RED,1,-0.178285,-0.1455,22943
38708,true,q0,-12,1,600,BLUE,1,-0.152824,0.171179,22943
38716,true,q1,12,1,600,RED,1,-0.178285,-0.1455,22943
39341,true,q0,-12,1,600,BLUE,1,-0.152824,0.171179,22943
39349,true,q1,12,1,600,RED,1,-0.178285,-0.1455,22943
39974,true,q0,-12,1,600,BLUE,1,-0.152824,0.171179,22943
39982,true,q1,12,1,600,RED,1,-0.178285,-0.1455,22943
40607,true,q0,-12,1,600,BLUE,1,-0.152824,0.171179,22943
40615,true,q1,12,1,600,RED,1,-0.178285,-0.1455,22943
41240,true,q0,-12,1,600,BLUE,1,-0.152824,0.171179,22943
41248,true,q1,12,1,600,RED,1,-0.178285,-0.1455,22943
41873,true,q0,-12,1,600,BLUE,1,-0.152824,0.171179,22943
41881,true,q1,12,1,600,RED,1,-0.178285,-0.1455,22943
42506,true,q0,-12,1,600,BLUE,1,-0.152824,0.171179,22943
42514,true,q1,12,1,600,RED,1,-0.178285,-0.1455,22943
43139,true,q0,-12,1,600,BLUE,1,-0.152824,0.171179,22943
43147,true,q1,12,1,600,RED,1,-0.178285,-0.1455,22943
43772,true,q0,-12,1,600,BLUE,1,-0.152824,0.171179,22943
43780,true,q1,12,1,600,RED,1,-0.178285,-0.1455,22943
44405,true,q0,-12,1,600,BLUE,1,-0.152824,0.171179,22943
44413,true,q1,12,1,600,RED,1,-0.178285,-0.1455,22943
45038,true,q0,-12,1,600,BLUE,1,-0.152824,0.171179,22943
45046,true,q1,12,1,600,RED,1,-0.178285,-0.1455,22943
45671,true,q0,-12,1,600,BLUE,1,-0.152824,0.171179,22943
45679,true,q1,12,1,600,RED,1,-0.178285,-0.1455,22943
46304,true,q0,-12,1,600,BLUE,1,-0.152824,0.171179,22943
46312,true,q1,12,1,600,RED,1,-0.178285,-0.1455,22943
46945,true,q1,12,1,600,RED,1,-0.178285,-0.1455,22943
46980,true,q0,-12,1,600,BLUE,43,-0.152824,0.171179,22943
47578,true,q1,12,1,600,RED,1,-0.178285,-0.1455,22943
47613,true,q0,-12,1,600,BLUE,1,-0.152824,0.171179,22943
48211,true,q1,12,1,600,RED,1,-0.178285,-0.1455,22943
48246,true,q0,-12,1,600,BLUE,1,-0.152824,0.171179,22943
48844,true,q1,12,1,600,RED,1,-0.178285,-0.1455,22943
48879,true,q0,-12,1,600,BLUE,1,-0.152824,0.171179,22943
49477,true,q1,12,1,600,RED,1,-0.178285,-0.1455,22943
49512,true,q0,-12,1,600,BLUE,1,-0.152824,0.171179,22943
50110,true,q1,12,1,600,RED,1,-0.178285,-0.1455,22943
50145,true,q0,-12,1,600,BLUE,1,-0.152824,0.171179,22943
50743,true,q1,12,1,600,RED,1,-0.178285,-0.1455,22943
50778,true,q0,-12,1,600,BLUE,1,-0.152824,0.171179,22943
51376,true,q1,12,1,600,RED,1,-0.178285,-0.1455,22943
51411,true,q0,-12,1,600,BLUE,1,-0.152824,0.171179,22943
52009,true,q1,12,1,600,RED,1,-0.178285,-0.1455,22943
52044,true,q0,-12,1,600,BLUE,1,-0.152824,0.171179,22943
52642,true,q1,12,1,600,RED,1,-0.178285,-0.1455,22943
52677,true,q0,-12,1,600,BLUE,1,-0.152824,0.171179,22943
53310,true,q0,-12,1,600,BLUE,1,-0.152824,0.171179,22943
53326,true,q1,12,1,600,RED,51,-0.178285,-0.1455,22943
53943,true,q0,-12,1,600,BLUE,1,-0.152824,0.171179,22943
53959,true,q1,12,1,600,RED,1,-0.178285,-0.1455,22943
54576,true,q0,-12,1,600,BLUE,1,-0.152824,0.171179,22943
54592,true,q1,12,1,600,RED,1,-0.178285,-0.1455,22943
55209,true,q0,-12,1,600,BLUE,1,-0.152824,0.171179,22943
55225,true,q1,12,1,600,RED,1,-0.178285,-0.1455,22943
55842,true,q0,-12,1,600,BLUE,1,-0.152824,0.171179,22943
55858,true,q1,12,1,600,RED,1,-0.178285,-0.1455,22943
56475,true,q0,-12,1,600,BLUE,1,-0.152824,0.171179,22943
56491,true,q1,12,1,600,RED,1,-0.178285,-0.1455,22943
57108,true,q0,-12,1,600,BLUE,1,-0.152824,0.171179,22943
57124,true,q1,12,1,600,RED,1,-0.178285,-0.1455,22943
57741,true,q0,-12,1,600,BLUE,1,-0.152824,0.171179,22943
57757,true,q1,12,1,600,RED,1,-0.178285,-0.1455,22943
58374,true,q0,-12,1,600,BLUE,1,-0.152824,0.171179,22943
58390,true,q1,12,1,600,RED,1,-0.178285,-0.1455,22943
59007,true,q0,-12,1,600,BLUE,1,-0.152824,0.171179,22943
59023,true,q1,12,1,600,RED,1,-0.178285,-0.1455,22943
59640,true,q0,-12,1,600,BLUE,1,-0.152824,0.171179,22943
59656,true,q1,12,1,600,RED,1,-0.178285,-0.1455,22943
60273,true,q0,-12,1,600,BLUE,1,-0.152824,0.171179,22943
60289,true,q1,12,1,600,RED,1,-0.178285,-0.1455,22943
60906,true,q0,-12,1,600,BLUE,1,-0.152824,0.171179,22943
60922,true,q1,12,1,600,RED,1,-0.178285,-0.1455,22943
61539,true,q0,-12,1,600,BLUE,1,-0.152824,0.171179,22943
61555,true,q1,12,1,600,RED,1,-0.178285,-0.1455,22943
62172,true,q0,-12,1,600,BLUE,1,-0.152824,0.171179,22943
62188,true,q1,12,1,600,RED,1,-0.178285,-0.1455,22943
62805,true,q0,-12,1,600,BLUE,1,-0.152824,0.171179,22943
62821,true,q1,12,1,600,RED,1,-0.178285,-0.1455,22943
63438,true,q0,-12,1,600,BLUE,1,-0.152824,0.171179,22943
63454,true,q1,12,1,600,RED,1,-0.178285,-0.1455,22943
64071,true,q0,-12,1,600,BLUE,1,-0.152824,0.171179,22943
64087,true,q1,12,1,600,RED,1,-0.178285,-0.1455,22943
64704,true,q0,-12,1,600,BLUE,1,-0.152824,0.171179,22943
64720,true,q1,12,1,600,RED,1,-0.178285,-0.1455,22943
65337,true,q0,-12,1,600,BLUE,1,-0.152824,0.171179,22943
65353,true,q1,12,1,600,RED,1,-0.178285,-0.1455,22943
65970,true,q0,-12,1,600,BLUE,1,-0.152824,0.171179,22943
65986,true,q1,12,1,600,RED,1,-0.178285,-0.1455,22943
66603,true,q0,-12,1,600,BLUE,1,-0.152824,0.171179,22943
66619,true,q1,12,1,600,RED,1,-0.178285,-0.1455,22943
67236,true,q0,-12,1,600,BLUE,1,-0.152824,0.171179,22943
67252,true,q1,12,1,600,RED,1,-0.178285,-0.1455,22943
67869,true,q0,-12,1,600,BLUE,1,-0.152824,0.171179,22943
67885,true,q1,12,1,600,RED,1,-0.178285,-0.1455,22943
68502,true,q0,-12,1,600,BLUE,1,-0.152824,0.171179,22943
68518,true,q1,12,1,600,RED,1,-0.178285,-0.1455,22943
69135,true,q0,-12,1,600,BLUE,1,-0.152824,0.171179,22943
69151,true,q1,12,1,600,RED,1,-0.178285,-0.1455,22943
69768,true,q0,-12,1,600,BLUE,1,-0.152824,0.171179,22943
69784,true,q1,12,1,600,RED,1,-0.178285,-0.1455,22943
70401,true,q0,-12,1,600,BLUE,1,-0.152824,0.171179,22943
70417,true,q1,12,1,600,RED,1,-0.178285,-0.1455,22943
71034,true,q0,-12,1,600,BLUE,1,-0.152824,0.171179,22943
71050,true,q1,12,1,600,RED,1,-0.178285,-0.1455,22943
71667,true,q0,-12,1,600,BLUE,1,-0.152824,0.171179,22943
71683,true,q1,12,1,600,RED,1,-0.178285,-0.1455,22943
72300,true,q0,-12,1,600,BLUE,1,-0.152824,0.171179,22943
72316,true,q1,12,1,600,RED,1,-0.178285,-0.1455,22943
72933,true,q0,-12,1,600,BLUE,1,-0.152824,0.171179,22943
72949,true,q1,12,1,600,RED,1,-0.178285,-0.1455,22943
73566,true,q0,-12,1,600,BLUE,1,-0.152824,0.171179,22943
73582,true,q1,12,1,600,RED,1,-0.178285,-0.1455,22943
74199,true,q0,-12,1,600,BLUE,1,-0.152824,0.171179,22943
74215,true,q1,12,1,600,RED,1,-0.178285,-0.1455,22943
74832,true,q0,-12,1,600,BLUE,1,-0.152824,0.171179,22943
74848,true,q1,12,1,600,RED,1,-0.178285,-0.1455,22943
75465,true,q0,-12,1,600,BLUE,1,-0.152824,0.171179,22943
75481,true,q1,12,1,600,RED,1,-0.178285,-0.1455,22943
76098,true,q0,-12,1,600,BLUE,1,-0.152824,0.171179,22943
76114,true,q1,12,1,600,RED,1,-0.178285,-0.1455,22943
76731,true,q0,-12,1,600,BLUE,1,-0.152824,0.171179,22943
76747,true,q1,12,1,600,RED,1,-0.178285,-0.1455,22943
77364,true,q0,-12,1,600,BLUE,1,-0.152824,0.171179,22943
77380,true,q1,12,1,600,RED,1,-0.178285,-0.1455,22943
77997,true,q0,-12,1,600,BLUE,1,-0.152824,0.171179,22943
78013,true,q1,12,1,600,RED,1,-0.178285,-0.1455,22943
78630,true,q0,-12,1,600,BLUE,1,-0.152824,0.171179,22943
78646,true,q1,12,1,600,RED,1,-0.178285,-0.1455,22943
79263,true,q0,-12,1,600,BLUE,1,-0.152824,0.171179,22943
79279,true,q1,12,1,600,RED,1,-0.178285,-0.1455,22943
79896,true,q0,-12,1,600,BLUE,1,-0.152824,0.171179,22943
79912,true,q1,12,1,600,RED,1,-0.178285,-0.1455,22943
80529,true,q0,-12,1,600,BLUE,1,-0.152824,0.171179,22943
80545,true,q1,12,1,600,RED,1,-0.178285,-0.1455,22943
81162,true,q0,-12,1,600,BLUE,1,-0.152824,0.171179,22943
81178,true,q1,12,1,600,RED,1,-0.178285,-0.1455,22943
81795,true,q0,-12,1,600,BLUE,1,-0.152824,0.171179,22943
81811,true,q1,12,1,600,RED,1,-0.178285,-0.1455,22943
82428,true,q0,-12,1,600,BLUE,1,-0.152824,0.171179,22943
82444,true,q1,12,1,600,RED,1,-0.178285,-0.1455,22943
83061,true,q0,-12,1,600,BLUE,1,-0.152824,0.171179,22943
83077,true,q1,12,1,600,RED,1,-0.178285,-0.1455,22943
83694,true,q0,-12,1,600,BLUE,1,-0.152824,0.171179,22943
83710,true,q1,12,1,600,RED,1,-0.178285,-0.1455,22943
84327,true,q0,-12,1,600,BLUE,1,-0.152824,0.171179,22943
84343,true,q1,12,1,600,RED,1,-0.178285,-0.1455,22943
84960,true,q0,-12,1,600,BLUE,1,-0.152824,0.171179,22943
84976,true,q1,12,1,600,RED,1,-0.178285,-0.1455,22943
85593,true,q0,-12,1,600,BLUE,1,-0.152824,0.171179,22943
85609,true,q1,12,1,600,RED,1,-0.178285,-0.1455,22943
86226,true,q0,-12,1,600,BLUE,1,-0.152824,0.171179,22943
86242,true,q1,12,1,600,RED,1,-0.178285,-0.1455,22943
86859,true,q0,-12,1,600,BLUE,1,-0.152824,0.171179,22943
86875,true,q1,12,1,600,RED,1,-0.178285,-0.1455,22943
87492,true,q0,-12,1,600,BLUE,1,-0.152824,0.171179,22943
87508,true,q1,12,1,600,RED,1,-0.178285,-0.1455,22943
88125,true,q0,-12,1,600,BLUE,1,-0.152824,0.171179,22943
88141,true,q1,12,1,600,RED,1,-0.178285,-0.1455,22943
88758,true,q0,-12,1,600,BLUE,1,-0.152824,0.171179,22943
88774,true,q1,12,1,600,RED,1,-0.178285,-0.1455,22943
89391,true,q0,-12,1,600,BLUE,1,-0.152824,0.171179,22943
89407,true,q1,12,1,600,RED,1,-0.178285,-0.1455,22943
90040,true,q1,12,1,600,RED,1,-0.178285,-0.1455,22943
90067,true,q0,-12,1,600,BLUE,43,-0.152824,0.171179,22943
90673,true,q1,12,1,600,RED,1,-0.178285,-0.1455,22943
90700,true,q0,-12,1,600,BLUE,1,-0.152824,0.171179,22943
91333,true,q0,-12,1,600,BLUE,1,-0.152824,0.171179,22943
91357,true,q1,12,1,600,RED,51,-0.178285,-0.1455,22943
91966,true,q0,-12,1,600,BLUE,1,-0.152824,0.171179,22943
91990,true,q1,12,1,600,RED,1,-0.178285,-0.1455,22943
92599,true,q0,-12,1,600,BLUE,1,-0.152824,0.171179,22943
92623,true,q1,12,1,600,RED,1,-0.178285,-0.1455,22943
93232,true,q0,-12,1,600,BLUE,1,-0.152824,0.171179,22943
93256,true,q1,12,1,600,RED,1,-0.178285,-0.1455,22943
93865,true,q0,-12,1,600,BLUE,1,-0.152824,0.171179,22943
93889,true,q1,12,1,600,RED,1,-0.178285,-0.1455,22943
94498,true,q0,-12,1,600,BLUE,1,-0.152824,0.171179,22943
94522,true,q1,12,1,600,RED,1,-0.178285,-0.1455,22943
95131,true,q0,-12,1,600,BLUE,1,-0.152824,0.171179,22943
95155,true,q1,12,1,600,RED,1,-0.178285,-0.1455,22943
95764,true,q0,-12,1,600,BLUE,1,-0.152824,0.171179,22943
95788,true,q1,12,1,600,RED,1,-0.178285,-0.1455,22943
96397,true,q0,-12,1,600,BLUE,1,-0.152824,0.171179,22943
96421,true,q1,12,1,600,RED,1,-0.178285,-0.1455,22943
97030,true,q0,-12,1,600,BLUE,1,-0.152824,0.171179,22943
97054,true,q1,12,1,600,RED,1,-0.178285,-0.1455,22943
97663,true,q0,-12,1,600,BLUE,1,-0.152824,0.171179,22943
97687,true,q1,12,1,600,RED,1,-0.178285,-0.1455,22943
98296,true,q0,-12,1,600,BLUE,1,-0.152824,0.171179,22943
98320,true,q1,12,1,600,RED,1,-0.178285,-0.1455,22943
98929,true,q0,-12,1,600,BLUE,1,-0.152824,0.171179,22943
98953,true,q1,12,1,600,RED,1,-0.178285,-0.1455,22943
99562,true,q0,-12,1,600,BLUE,1,-0.152824,0.171179,22943
99586,true,q1,12,1,600,RED,1,-0.178285,-0.1455,22943
52,true,q1,0,1,600,RED,1,-0.178285,-0.1455,87957
52,true,q0,0,1,600,BLUE,1,-0.152824,0.171179,87957
685,true,q1,1,1,600,RED,1,-0.178285,-0.1455,87957
685,true,q0,-1,1,600,BLUE,1,-0.152824,0.171179,87957
1318,true,q1,2,1,600,RED,1,-0.178285,-0.1455,87957
1318,true,q0,-2,1,600,BLUE,1,-0.152824,0.171179,87957
1951,true,q1,3,1,600,RED,1,-0.178285,-0.1455,87957
1951,true,q0,-3,1,600,BLUE,1,-0.152824,0.171179,87957
2584,true,q1,4,1,600,RED,1,-0.178285,-0.1455,87957
2584,true,q0,-4,1,600,BLUE,1,-0.152824,0.171179,87957
3217,true,q1,5,1,600,RED,1,-0.178285,-0.1455,87957
3217,true,q0,-5,1,600,BLUE,1,-0.152824,0.171179,87957
3850,true,q1,6,1,600,RED,1,-0.178285,-0.1455,87957
3893,true,q0,-6,1,600,BLUE,43,-0.152824,0.171179,87957
4483,true,q1,7,1,600,RED,1,-0.178285,-0.1455,87957
4526,true,q0,-7,1,600,BLUE,1,-0.152824,0.171179,87957
5116,true,q1,8,1,600,RED,1,-0.178285,-0.1455,87957
5159,true,q0,-8,1,600,BLUE,1,-0.152824,0.171179,87957
5749,true,q1,9,1,600,RED,1,-0.178285,-0.1455,87957
5792,true,q0,-9,1,600,BLUE,1,-0.152824,0.171179,87957
6382,true,q1,10,1,600,RED,1,-0.178285,-0.1455,87957
6425,true,q0,-10,1,600,BLUE,1,-0.152824,0.171179,87957
7015,true,q1,11,1,600,RED,1,-0.178285,-0.1455,87957
7058,true,q0,-11,1,600,BLUE,1,-0.152824,0.171179,87957
7648,true,q1,12,1,600,RED,1,-0.178285,-0.1455,87957
7691,true,q0,-12,1,600,BLUE,1,-0.152824,0.171179,87957
8281,true,q1,12,1,600,RED,1,-0.178285,-0.1455,87957
8324,true,q0,-12,1,600,BLUE,1,-0.152824,0.171179,87957
8914,true,q1,12,1,600,RED,1,-0.178285,-0.1455,87957
8957,true,q0,-12,1,600,BLUE,1,-0.152824,0.171179,87957
9547,true,q1,12,1,600,RED,1,-0.178285,-0.1455,87957
9590,true,q0,-12,1,600,BLUE,1,-0.152824,0.171179,87957
10180,true,q1,12,1,600,RED,1,-0.178285,-0.1455,87957
10223,true,q0,-12,1,600,BLUE,1,-0.152824,0.171179,87957
10813,true,q1,12,1,600,RED,1,-0.178285,-0.1455,87957
10856,true,q0,-12,1,600,BLUE,1,-0.152824,0.171179,87957
11446,true,q1,12,1,600,RED,1,-0.178285,-0.1455,87957
11489,true,q0,-12,1,600,BLUE,1,-0.152824,0.171179,87957
12079,true,q1,12,1,600,RED,1,-0.178285,-0.1455,87957
12122,true,q0,-12,1,600,BLUE,1,-0.152824,0.171179,87957
12712,true,q1,12,1,600,RED,1,-0.178285,-0.1455,87957
12755,true,q0,-12,1,600,BLUE,1,-0.152824,0.171179,87957
13345,true,q1,12,1,600,RED,1,-0.178285,-0.1455,87957
13388,true,q0,-12,1,600,BLUE,1,-0.152824,0.171179,87957
13978,true,q1,12,1,600,RED,1,-0.178285,-0.1455,87957
14021,true,q0,-12,1,600,BLUE,1,-0.152824,0.171179,87957
14611,true,q1,12,1,600,RED,1,-0.178285,-0.1455,87957
14654,true,q0,-12,1,600,BLUE,1,-0.152824,0.171179,87957
15287,true,q0,-12,1,600,BLUE,1,-0.152824,0.171179,87957
15295,true,q1,12,1,600,RED,51,-0.178285,-0.1455,87957
15920,true,q0,-12,1,600,BLUE,1,-0.152824,0.171179,87957
15928,true,q1,12,1,600,RED,1,-0.178285,-0.1455,87957
16553,true,q0,-12,1,600,BLUE,1,-0.152824,0.171179,87957
16561,true,q1,12,1,600,RED,1,-0.178285,-0.1455,87957
17186,true,q0,-12,1,600,BLUE,1,-0.152824,0.171179,87957
17194,true,q1,12,1,600,RED,1,-0.178285,-0.1455,87957
17819,true,q0,-12,1,600,BLUE,1,-0.152824,0.171179,87957
17827,true,q1,12,1,600,RED,1,-0.178285,-0.1455,87957
18452,true,q0,-12,1,600,BLUE,1,-0.152824,0.171179,87957
18460,true,q1,12,1,600,RED,1,-0.178285,-0.1455,87957
19085,true,q0,-12,1,600,BLUE,1,-0.152824,0.171179,87957
19093,true,q1,12,1,600,RED,1,-0.178285,-0.1455,87957
19718,true,q0,-12,1,600,BLUE,1,-0.152824,0.171179,87957
19726,true,q1,12,1,600,RED,1,-0.178285,-0.1455,87957
20351,true,q0,-12,1,600,BLUE,1,-0.152824,0.171179,87957
20359,true,q1,12,1,600,RED,1,-0.178285,-0.1455,87957
20984,true,q0,-12,1,600,BLUE,1,-0.152824,0.171179,87957
20992,true,q1,12,1,600,RED,1,-0.178285,-0.1455,87957
21617,true,q0,-12,1,600,BLUE,1,-0.152824,0.171179,87957
21625,true,q1,12,1,600,RED,1,-0.178285,-0.1455,87957
22250,true,q0,-12,1,600,BLUE,1,-0.152824,0.171179,87957
22258,true,q1,12,1,600,RED,1,-0.178285,-0.1455,87957
22883,true,q0,-12,1,600,BLUE,1,-0.152824,0.171179,87957
22891,true,q1,12,1,600,RED,1,-0.178285,-0.1455,87957
23516,true,q0,-12,1,600,BLUE,1,-0.152824,0.171179,87957
23524,true,q1,12,1,600,RED,1,-0.178285,-0.1455,87957
24149,true,q0,-12,1,600,BLUE,1,-0.152824,0.171179,87957
24157,true,q1,12,1,600,RED,1,-0.178285,-0.1455,87957
24782,true,q0,-12,1,600,BLUE,1,-0.152824,0.171179,87957
24790,true,q1,12,1,600,RED,1,-0.178285,-0.1455,87957
25415,true,q0,-12,1,600,BLUE,1,-0.152824,0.171179,87957
25423,true,q1,12,1,600,RED,1,-0.178285,-0.1455,87957
26048,true,q0,-12,1,600,BLUE,1,-0.152824,0.171179,87957
26056,true,q1,12,1,600,RED,1,-0.178285,-0.1455,87957
26681,true,q0,-12,1,600,BLUE,1,-0.152824,0.171179,87957
26689,true,q1,12,1,600,RED,1,-0.178285,-0.1455,87957
27314,true,q0,-12,1,600,BLUE,1,-0.152824,0.171179,87957
27322,true,q1,12,1,600,RED,1,-0.178285,-0.1455,87957
27947,true,q0,-12,1,600,BLUE,1,-0.152824,0.171179,87957
27955,true,q1,12,1,600,RED,1,-0.178285,-0.1455,87957
28580,true,q0,-12,1,600,BLUE,1,-0.152824,0.171179,87957
28588,true,q1,12,1,600,RED,1,-0.178285,-0.1455,87957
29213,true,q0,-12,1,600,BLUE,1,-0.152824,0.171179,87957
29221,true,q1,12,1,600,RED,1,-0.178285,-0.1455,87957
29846,true,q0,-12,1,600,BLUE,1,-0.152824,0.171179,87957
29854,true,q1,12,1,600,RED,1,-0.178285,-0.1455,87957
30479,true,q0,-12,1,600,BLUE,1,-0.152824,0.171179,87957
30487,true,q1,12,1,600,RED,1,-0.178285,-0.1455,87957
31112,true,q0,-12,1,600,BLUE,1,-0.152824,0.171179,87957
31120,true,q1,12,1,600,RED,1,-0.178285,-0.1455,87957
31745,true,q0,-12,1,600,BLUE,1,-0.152824,0.171179,87957
31753,true,q1,12,1,600,RED,1,-0.178285,-0.1455,87957
32378,true,q0,-12,1,600,BLUE,1,-0.152824,0.171179,87957
32386,true,q1,12,1,600,RED,1,-0.178285,-0.1455,87957
33011,true,q0,-12,1,600,BLUE,1,-0.152824,0.171179,87957
33019,true,q1,12,1,600,RED,1,-0.178285,-0.1455,87957
33644,true,q0,-12,1,600,BLUE,1,-0.152824,0.171179,87957
33652,true,q1,12,1,600,RED,1,-0.178285,-0.1455,87957
34277,true,q0,-12,1,600,BLUE,1,-0.152824,0.171179,87957
34285,true,q1,12,1,600,RED,1,-0.178285,-0.1455,87957
34910,true,q0,-12,1,600,BLUE,1,-0.152824,0.171179,87957
34918,true,q1,12,1,600,RED,1,-0.178285,-0.1455,87957
35543,true,q0,-12,1,600,BLUE,1,-0.152824,0.171179,87957
35551,true,q1,12,1,600,RED,1,-0.178285,-0.1455,87957
36176,true,q0,-12,1,600,BLUE,1,-0.152824,0.171179,87957
36184,true,q1,12,1,600,RED,1,-0.178285,-0.1455,87957
36809,true,q0,-12,1,600,BLUE,1,-0.152824,0.171179,87957
36817,true,q1,12,1,600,RED,1,-0.178285,-0.1455,87957
37442,true,q0,-12,1,600,BLUE,1,-0.152824,0.171179,87957
37450,true,q1,12,1,600,RED,1,-0.178285,-0.1455,87957
38075,true,q0,-12,1,600,BLUE,1,-0.152824,0.171179,87957
38083,true,q1,12,1,600,RED,1,-0.178285,-0.1455,87957
38708,true,q0,-12,1,600,BLUE,1,-0.152824,0.171179,87957
38716,true,q1,12,1,600,RED,1,-0.178285,-0.1455,87957
39341,true,q0,-12,1,600,BLUE,1,-0.152824,0.171179,87957
39349,true,q1,12,1,600,RED,1,-0.178285,-0.1455,87957
39974,true,q0,-12,1,600,BLUE,1,-0.152824,0.171179,87957
39982,true,q1,12,1,600,RED,1,-0.178285,-0.1455,87957
40607,true,q0,-12,1,600,BLUE,1,-0.152824,0.171179,87957
40615,true,q1,12,1,600,RED,1,-0.178285,-0.1455,87957
41240,true,q0,-12,1,600,BLUE,1,-0.152824,0.171179,87957
41248,true,q1,12,1,600,RED,1,-0.178285,-0.1455,87957
41873,true,q0,-12,1,600,BLUE,1,-0.152824,0.171179,87957
41881,true,q1,12,1,600,RED,1,-0.178285,-0.1455,87957
42506,true,q0,-12,1,600,BLUE,1,-0.152824,0.171179,87957
42514,true,q1,12,1,600,RED,1,-0.178285,-0.1455,87957
43139,true,q0,-12,1,600,BLUE,1,-0.152824,0.171179,87957
43147,true,q1,12,1,600,RED,1,-0.178285,-0.1455,87957
43772,true,q0,-12,1,600,BLUE,1,-0.152824,0.171179,87957
43780,true,q1,12,1,600,RED,1,-0.178285,-0.1455,87957
44405,true,q0,-12,1,600,BLUE,1,-0.152824,0.171179,87957
44413,true,q1,12,1,600,RED,1,-0.178285,-0.1455,87957
45038,true,q0,-12,1,600,BLUE,1,-0.152824,0.171179,87957
45046,true,q1,12,1,600,RED,1,-0.178285,-0.1455,87957
45671,true,q0,-12,1,600,BLUE,1,-0.152824,0.171179,87957
45679,true,q1,12,1,600,RED,1,-0.178285,-0.1455,87957
46304,true,q0,-12,1,600,BLUE,1,-0.152824,0.171179,87957
46312,true,q1,12,1,600,RED,1,-0.178285,-0.1455,87957
46945,true,q1,12,1,600,RED,1,-0.178285,-0.1455,87957
46980,true,q0,-12,1,600,BLUE,43,-0.152824,0.171179,87957
47578,true,q1,12,1,600,RED,1,-0.178285,-0.1455,87957
47613,true,q0,-12,1,600,BLUE,1,-0.152824,0.171179,87957
48211,true,q1,12,1,600,RED,1,-0.178285,-0.1455,87957
48246,true,q0,-12,1,600,BLUE,1,-0.152824,0.171179,87957
48844,true,q1,12,1,600,RED,1,-0.178285,-0.1455,87957
48879,true,q0,-12,1,600,BLUE,1,-0.152824,0.171179,87957
49477,true,q1,12,1,600,RED,1,-0.178285,-0.1455,87957
49512,true,q0,-12,1,600,BLUE,1,-0.152824,0.171179,87957
50110,true,q1,12,1,600,RED,1,-0.178285,-0.1455,87957
50145,true,q0,-12,1,600,BLUE,1,-0.152824,0.171179,87957
50743,true,q1,12,1,600,RED,1,-0.178285,-0.1455,87957
50778,true,q0,-12,1,600,BLUE,1,-0.152824,0.171179,87957
51376,true,q1,12,1,600,RED,1,-0.178285,-0.1455,87957
51411,true,q0,-12,1,600,BLUE,1,-0.152824,0.171179,87957
52009,true,q1,12,1,600,RED,1,-0.178285,-0.1455,87957
52044,true,q0,-12,1,600,BLUE,1,-0.152824,0.171179,87957
52642,true,q1,12,1,600,RED,1,-0.178285,-0.1455,87957
52677,true,q0,-12,1,600,BLUE,1,-0.152824,0.171179,87957
53310,true,q0,-12,1,600,BLUE,1,-0.152824,0.171179,87957
53326,true,q1,12,1,600,RED,51,-0.178285,-0.1455,87957
53943,true,q0,-12,1,600,BLUE,1,-0.152824,0.171179,87957
53959,true,q1,12,1,600,RED,1,-0.178285,-0.1455,87957
54576,true,q0,-12,1,600,BLUE,1,-0.152824,0.171179,87957
54592,true,q1,12,1,600,RED,1,-0.178285,-0.1455,87957
55209,true,q0,-12,1,600,BLUE,1,-0.152824,0.171179,87957
55225,true,q1,12,1,600,RED,1,-0.178285,-0.1455,87957
55842,true,q0,-12,1,600,BLUE,1,-0.152824,0.171179,87957
55858,true,q1,12,1,600,RED,1,-0.178285,-0.1455,87957
56475,true,q0,-12,1,600,BLUE,1,-0.152824,0.171179,87957
56491,true,q1,12,1,600,RED,1,-0.178285,-0.1455,87957
57108,true,q0,-12,1,600,BLUE,1,-0.152824,0.171179,87957
57124,true,q1,12,1,600,RED,1,-0.178285,-0.1455,87957
57741,true,q0,-12,1,600,BLUE,1,-0.152824,0.171179,87957
57757,true,q1,12,1,600,RED,1,-0.178285,-0.1455,87957
58374,true,q0,-12,1,600,BLUE,1,-0.152824,0.171179,87957
58390,true,q1,12,1,600,RED,1,-0.178285,-0.1455,87957
59007,true,q0,-12,1,600,BLUE,1,-0.152824,0.171179,87957
59023,true,q1,12,1,600,RED,1,-0.178285,-0.1455,87957
59640,true,q0,-12,1,600,BLUE,1,-0.152824,0.171179,87957
59656,true,q1,12,1,600,RED,1,-0.178285,-0.1455,87957
60273,true,q0,-12,1,600,BLUE,1,-0.152824,0.171179,87957
60289,true,q1,12,1,600,RED,1,-0.178285,-0.1455,87957
60906,true,q0,-12,1,600,BLUE,1,-0.152824,0.171179,87957
60922,true,q1,12,1,600,RED,1,-0.178285,-0.1455,87957
61539,true,q0,-12,1,600,BLUE,1,-0.152824,0.171179,87957
61555,true,q1,12,1,600,RED,1,-0.178285,-0.1455,87957
62172,true,q0,-12,1,600,BLUE,1,-0.152824,0.171179,87957
62188,true,q1,12,1,600,RED,1,-0.178285,-0.1455,87957
62805,true,q0,-12,1,600,BLUE,1,-0.152824,0.171179,87957
62821,true,q1,12,1,600,RED,1,-0.178285,-0.1455,87957
63438,true,q0,-12,1,600,BLUE,1,-0.152824,0.171179,87957
63454,true,q1,12,1,600,RED,1,-0.178285,-0.1455,87957
64071,true,q0,-12,1,600,BLUE,1,-0.152824,0.171179,87957
64087,true,q1,12,1,600,RED,1,-0.178285,-0.1455,87957
64704,true,q0,-12,1,600,BLUE,1,-0.152824,0.171179,87957
64720,true,q1,12,1,600,RED,1,-0.178285,-0.1455,87957
65337,true,q0,-12,1,600,BLUE,1,-0.152824,0.171179,87957
65353,true,q1,12,1,600,RED,1,-0.178285,-0.1455,87957
65970,true,q0,-12,1,600,BLUE,1,-0.152824,0.171179,87957
65986,true,q1,12,1,600,RED,1,-0.178285,-0.1455,87957
66603,true,q0,-12,1,600,BLUE,1,-0.152824,0.171179,87957
66619,true,q1,12,1,600,RED,1,-0.178285,-0.1455,87957
67236,true,q0,-12,1,600,BLUE,1,-0.152824,0.171179,87957
67252,true,q1,12,1,600,RED,1,-0.178285,-0.1455,87957
67869,true,q0,-12,1,600,BLUE,1,-0.152824,0.171179,87957
67885,true,q1,12,1,600,RED,1,-0.178285,-0.1455,87957
68502,true,q0,-12,1,600,BLUE,1,-0.152824,0.171179,87957
68518,true,q1,12,1,600,RED,1,-0.178285,-0.1455,87957
69135,true,q0,-12,1,600,BLUE,1,-0.152824,0.171179,87957
69151,true,q1,12,1,600,RED,1,-0.178285,-0.1455,87957
69768,true,q0,-12,1,600,BLUE,1,-0.152824,0.171179,87957
69784,true,q1,12,1,600,RED,1,-0.178285,-0.1455,87957
70401,true,q0,-12,1,600,BLUE,1,-0.152824,0.171179,87957
70417,true,q1,12,1,600,RED,1,-0.178285,-0.1455,87957
71034,true,q0,-12,1,600,BLUE,1,-0.152824,0.171179,87957
71050,true,q1,12,1,600,RED,1,-0.178285,-0.1455,87957
71667,true,q0,-12,1,600,BLUE,1,-0.152824,0.171179,87957
71683,true,q1,12,1,600,RED,1,-0.178285,-0.1455,87957
72300,true,q0,-12,1,600,BLUE,1,-0.152824,0.171179,87957
72316,true,q1,12,1,600,RED,1,-0.178285,-0.1455,87957
72933,true,q0,-12,1,600,BLUE,1,-0.152824,0.171179,87957
72949,true,q1,12,1,600,RED,1,-0.178285,-0.1455,87957
73566,true,q0,-12,1,600,BLUE,1,-0.152824,0.171179,87957
73582,true,q1,12,1,600,RED,1,-0.178285,-0.1455,87957
74199,true,q0,-12,1,600,BLUE,1,-0.152824,0.171179,87957
74215,true,q1,12,1,600,RED,1,-0.178285,-0.1455,87957
74832,true,q0,-12,1,600,BLUE,1,-0.152824,0.171179,87957
74848,true,q1,12,1,600,RED,1,-0.178285,-0.1455,87957
75465,true,q0,-12,1,600,BLUE,1,-0.152824,0.171179,87957
75481,true,q1,12,1,600,RED,1,-0.178285,-0.1455,87957
76098,true,q0,-12,1,600,BLUE,1,-0.152824,0.171179,87957
76114,true,q1,12,1,600,RED,1,-0.178285,-0.1455,87957
76731,true,q0,-12,1,600,BLUE,1,-0.152824,0.171179,87957
76747,true,q1,12,1,600,RED,1,-0.178285,-0.1455,87957
77364,true,q0,-12,1,600,BLUE,1,-0.152824,0.171179,87957
77380,true,q1,12,1,600,RED,1,-0.178285,-0.1455,87957
77997,true,q0,-12,1,600,BLUE,1,-0.152824,0.171179,87957
78013,true,q1,12,1,600,RED,1,-0.178285,-0.1455,87957
78630,true,q0,-12,1,600,BLUE,1,-0.152824,0.171179,87957
78646,true,q1,12,1,600,RED,1,-0.178285,-0.1455,87957
79263,true,q0,-12,1,600,BLUE,1,-0.152824,0.171179,87957
79279,true,q1,12,1,600,RED,1,-0.178285,-0.1455,87957
79896,true,q0,-12,1,600,BLUE,1,-0.152824,0.171179,87957
79912,true,q1,12,1,600,RED,1,-0.178285,-0.1455,87957
80529,true,q0,-12,1,600,BLUE,1,-0.152824,0.171179,87957
80545,true,q1,12,1,600,RED,1,-0.178285,-0.1455,87957
81162,true,q0,-12,1,600,BLUE,1,-0.152824,0.171179,87957
81178,true,q1,12,1,600,RED,1,-0.178285,-0.1455,87957
81795,true,q0,-12,1,600,BLUE,1,-0.152824,0.171179,87957
81811,true,q1,12,1,600,RED,1,-0.178285,-0.1455,87957
82428,true,q0,-12,1,600,BLUE,1,-0.152824,0.171179,87957
82444,true,q1,12,1,600,RED,1,-0.178285,-0.1455,87957
83061,true,q0,-12,1,600,BLUE,1,-0.152824,0.171179,87957
83077,true,q1,12,1,600,RED,1,-0.178285,-0.1455,87957
83694,true,q0,-12,1,600,BLUE,1,-0.152824,0.171179,87957
83710,true,q1,12,1,600,RED,1,-0.178285,-0.1455,87957
84327,true,q0,-12,1,600,BLUE,1,-0.152824,0.171179,87957
84343,true,q1,12,1,600,RED,1,-0.178285,-0.1455,87957
84960,true,q0,-12,1,600,BLUE,1,-0.152824,0.171179,87957
84976,true,q1,12,1,600,RED,1,-0.178285,-0.1455,87957
85593,true,q0,-12,1,600,BLUE,1,-0.152824,0.171179,87957
85609,true,q1,12,1,600,RED,1,-0.178285,-0.1455,87957
86226,true,q0,-12,1,600,BLUE,1,-0.152824,0.171179,87957
86242,true,q1,12,1,600,RED,1,-0.178285,-0.1455,87957
86859,true,q0,-12,1,600,BLUE,1,-0.152824,0.171179,87957
86875,true,q1,12,1,600,RED,1,-0.178285,-0.1455,87957
87492,true,q0,-12,1,600,BLUE,1,-0.152824,0.171179,87957
87508,true,q1,12,1,600,RED,1,-0.178285,-0.1455,87957
88125,true,q0,-12,1,600,BLUE,1,-0.152824,0.171179,87957
88141,true,q1,12,1,600,RED,1,-0.178285,-0.1455,87957
88758,true,q0,-12,1,600,BLUE,1,-0.152824,0.171179,87957
88774,true,q1,12,1,600,RED,1,-0.178285,-0.1455,87957
89391,true,q0,-12,1,600,BLUE,1,-0.152824,0.171179,87957
89407,true,q1,12,1,600,RED,1,-0.178285,-0.1455,87957
90040,true,q1,12,1,600,RED,1,-0.178285,-0.1455,87957
90067,true,q0,-12,1,600,BLUE,43,-0.152824,0.171179,87957
90673,true,q1,12,1,600,RED,1,-0.178285,-0.1455,87957
90700,true,q0,-12,1,600,BLUE,1,-0.152824,0.171179,87957
91333,true,q0,-12,1,600,BLUE,1,-0.152824,0.171179,87957
91357,true,q1,12,1,600,RED,51,-0.178285,-0.1455,87957
91966,true,q0,-12,1,600,BLUE,1,-0.152824,0.171179,87957
91990,true,q1,12,1,600,RED,1,-0.178285,-0.1455,87957
92599,true,q0,-12,1,600,BLUE,1,-0.152824,0.171179,87957
92623,true,q1,12,1,600,RED,1,-0.178285,-0.1455,87957
93232,true,q0,-12,1,600,BLUE,1,-0.152824,0.171179,87957
93256,true,q1,12,1,600,RED,1,-0.178285,-0.1455,87957
93865,true,q0,-12,1,600,BLUE,1,-0.152824,0.171179,87957
93889,true,q1,12,1,600,RED,1,-0.178285,-0.1455,87957
94498,true,q0,-12,1,600,BLUE,1,-0.152824,0.171179,87957
94522,true,q1,12,1,600,RED,1,-0.178285,-0.1455,87957
95131,true,q0,-12,1,600,BLUE,1,-0.152824,0.171179,87957
95155,true,q1,12,1,600,RED,1,-0.178285,-0.1455,87957
95764,true,q0,-12,1,600,BLUE,1,-0.152824,0.171179,87957
95788,true,q1,12,1,600,RED,1,-0.178285,-0.1455,87957
96397,true,q0,-12,1,600,BLUE,1,-0.152824,0.171179,87957
96421,true,q1,12,1,600,RED,1,-0.178285,-0.1455,87957
97030,true,q0,-12,1,600,BLUE,1,-0.152824,0.171179,87957
97054,true,q1,12,1,600,RED,1,-0.178285,-0.1455,87957
97663,true,q0,-12,1,600,BLUE,1,-0.152824,0.171179,87957
97687,true,q1,12,1,600,RED,1,-0.178285,-0.1455,87957
98296,true,q0,-12,1,600,BLUE,1,-0.152824,0.171179,87957
98320,true,q1,12,1,600,RED,1,-0.178285,-0.1455,87957
98929,true,q0,-12,1,600,BLUE,1,-0.152824,0.171179,87957
98953,true,q1,12,1,600,RED,1,-0.178285,-0.1455,87957
99562,true,q0,-12,1,600,BLUE,1,-0.152824,0.171179,87957
99586,true,q1,12,1,600,RED,1,-0.178285,-0.1455,87957
52,true,q1,0,1,600,RED,1,-0.178285,-0.1455,91776
52,true,q0,0,1,600,BLUE,1,-0.152824,0.171179,91776
685,true,q1,1,1,600,RED,1,-0.178285,-0.1455,91776
685,true,q0,-1,1,600,BLUE,1,-0.152824,0.171179,91776
1318,true,q1,2,1,600,RED,1,-0.178285,-0.1455,91776
1318,true,q0,-2,1,600,BLUE,1,-0.152824,0.171179,91776
1951,true,q1,3,1,600,RED,1,-0.178285,-0.1455,91776
1951,true,q0,-3,1,600,BLUE,1,-0.152824,0.171179,91776
2584,true,q1,4,1,600,RED,1,-0.178285,-0.1455,91776
2584,true,q0,-4,1,600,BLUE,1,-0.152824,0.171179,91776
3217,true,q1,5,1,600,RED,1,-0.178285,-0.1455,91776
3217,true,q0,-5,1,600,BLUE,1,-0.152824,0.171179,91776
3850,true,q1,6,1,600,RED,1,-0.178285,-0.1455,91776
3893,true,q0,-6,1,600,BLUE,43,-0.152824,0.171179,91776
4483,true,q1,7,1,600,RED,1,-0.178285,-0.1455,91776
4526,true,q0,-7,1,600,BLUE,1,-0.152824,0.171179,91776
5116,true,q1,8,1,600,RED,1,-0.178285,-0.1455,91776
5159,true,q0,-8,1,600,BLUE,1,-0.152824,0.171179,91776
5749,true,q1,9,1,600,RED,1,-0.178285,-0.1455,91776
5792,true,q0,-9,1,600,BLUE,1,-0.152824,0.171179,91776
6382,true,q1,10,1,600,RED,1,-0.178285,-0.1455,91776
6425,true,q0,-10,1,600,BLUE,1,-0.152824,0.171179,91776
7015,true,q1,11,1,600,RED,1,-0.178285,-0.1455,91776
7058,true,q0,-11,1,600,BLUE,1,-0.152824,0.171179,91776
7648,true,q1,12,1,600,RED,1,-0.178285,-0.1455,91776
7691,true,q0,-12,1,600,BLUE,1,-0.152824,0.171179,91776
8281,true,q1,12,1,600,RED,1,-0.178285,-0.1455,91776
8324,true,q0,-12,1,600,BLUE,1,-0.152824,0.171179,91776
8914,true,q1,12,1,600,RED,1,-0.178285,-0.1455,91776
8957,true,q0,-12,1,600,BLUE,1,-0.152824,0.171179,91776
9547,true,q1,12,1,600,RED,1,-0.178285,-0.1455,91776
9590,true,q0,-12,1,600,BLUE,1,-0.152824,0.171179,91776
10180,true,q1,12,1,600,RED,1,-0.178285,-0.1455,91776
10223,true,q0,-12,1,600,BLUE,1,-0.152824,0.171179,91776
10813,true,q1,12,1,600,RED,1,-0.178285,-0.1455,91776
10856,true,q0,-12,1,600,BLUE,1,-0.152824,0.171179,91776
11446,true,q1,12,1,600,RED,1,-0.178285,-0.1455,91776
11489,true,q0,-12,1,600,BLUE,1,-0.152824,0.171179,91776
12079,true,q1,12,1,600,RED,1,-0.178285,-0.1455,91776
12122,true,q0,-12,1,600,BLUE,1,-0.152824,0.171179,91776
12712,true,q1,12,1,600,RED,1,-0.178285,-0.1455,91776
12755,true,q0,-12,1,600,BLUE,1,-0.152824,0.171179,91776
13345,true,q1,12,1,600,RED,1,-0.178285,-0.1455,91776
13388,true,q0,-12,1,600,BLUE,1,-0.152824,0.171179,91776
13978,true,q1,12,1,600,RED,1,-0.178285,-0.1455,91776
14021,true,q0,-12,1,600,BLUE,1,-0.152824,0.171179,91776
14611,true,q1,12,1,600,RED,1,-0.178285,-0.1455,91776
14654,true,q0,-12,1,600,BLUE,1,-0.152824,0.171179,91776
15287,true,q0,-12,1,600,BLUE,1,-0.152824,0.171179,91776
15295,true,q1,12,1,600,RED,51,-0.178285,-0.1455,91776
15920,true,q0,-12,1,600,BLUE,1,-0.152824,0.171179,91776
15928,true,q1,12,1,600,RED,1,-0.178285,-0.1455,91776
16553,true,q0,-12,1,600,BLUE,1,-0.152824,0.171179,91776
16561,true,q1,12,1,600,RED,1,-0.178285,-0.1455,91776
17186,true,q0,-12,1,600,BLUE,1,-0.152824,0.171179,91776
17194,true,q1,12,1,600,RED,1,-0.178285,-0.1455,91776
17819,true,q0,-12,1,600,BLUE,1,-0.152824,0.171179,91776
17827,true,q1,12,1,600,RED,1,-0.178285,-0.1455,91776
18452,true,q0,-12,1,600,BLUE,1,-0.152824,0.171179,91776
18460,true,q1,12,1,600,RED,1,-0.178285,-0.1455,91776
19085,true,q0,-12,1,600,BLUE,1,-0.152824,0.171179,91776
19093,true,q1,12,1,600,RED,1,-0.178285,-0.1455,91776
19718,true,q0,-12,1,600,BLUE,1,-0.152824,0.171179,91776
19726,true,q1,12,1,600,RED,1,-0.178285,-0.1455,91776
20351,true,q0,-12,1,600,BLUE,1,-0.152824,0.171179,91776
20359,true,q1,12,1,600,RED,1,-0.178285,-0.1455,91776
20984,true,q0,-12,1,600,BLUE,1,-0.152824,0.171179,91776
20992,true,q1,12,1,600,RED,1,-0.178285,-0.1455,91776
21617,true,q0,-12,1,600,BLUE,1,-0.152824,0.171179,91776
21625,true,q1,12,1,600,RED,1,-0.178285,-0.1455,91776
22250,true,q0,-12,1,600,BLUE,1,-0.152824,0.171179,91776
22258,true,q1,12,1,600,RED,1,-0.178285,-0.1455,91776
22883,true,q0,-12,1,600,BLUE,1,-0.152824,0.171179,91776
22891,true,q1,12,1,600,RED,1,-0.178285,-0.1455,91776
23516,true,q0,-12,1,600,BLUE,1,-0.152824,0.171179,91776
23524,true,q1,12,1,600,RED,1,-0.178285,-0.1455,91776
24149,true,q0,-12,1,600,BLUE,1,-0.152824,0.171179,91776
24157,true,q1,12,1,600,RED,1,-0.178285,-0.1455,91776
24782,true,q0,-12,1,600,BLUE,1,-0.152824,0.171179,91776
24790,true,q1,12,1,600,RED,1,-0.178285,-0.1455,91776
25415,true,q0,-12,1,600,BLUE,1,-0.152824,0.171179,91776
25423,true,q1,12,1,600,RED,1,-0.178285,-0.1455,91776
26048,true,q0,-12,1,600,BLUE,1,-0.152824,0.171179,91776
26056,true,q1,12,1,600,RED,1,-0.178285,-0.1455,91776
26681,true,q0,-12,1,600,BLUE,1,-0.152824,0.171179,91776
26689,true,q1,12,1,600,RED,1,-0.178285,-0.1455,91776
27314,true,q0,-12,1,600,BLUE,1,-0.152824,0.171179,91776
27322,true,q1,12,1,600,RED,1,-0.178285,-0.1455,91776
27947,true,q0,-12,1,600,BLUE,1,-0.152824,0.171179,91776
27955,true,q1,12,1,600,RED,1,-0.178285,-0.1455,91776
28580,true,q0,-12,1,600,BLUE,1,-0.152824,0.171179,91776
28588,true,q1,12,1,600,RED,1,-0.178285,-0.1455,91776
29213,true,q0,-12,1,600,BLUE,1,-0.152824,0.171179,91776
29221,true,q1,12,1,600,RED,1,-0.178285,-0.1455,91776
29846,true,q0,-12,1,600,BLUE,1,-0.152824,0.171179,91776
29854,true,q1,12,1,600,RED,1,-0.178285,-0.1455,91776
30479,true,q0,-12,1,600,BLUE,1,-0.152824,0.171179,91776
30487,true,q1,12,1,600,RED,1,-0.178285,-0.1455,91776
31112,true,q0,-12,1,600,BLUE,1,-0.152824,0.171179,91776
31120,true,q1,12,1,600,RED,1,-0.178285,-0.1455,91776
31745,true,q0,-12,1,600,BLUE,1,-0.152824,0.171179,91776
31753,true,q1,12,1,600,RED,1,-0.178285,-0.1455,91776
32378,true,q0,-12,1,600,BLUE,1,-0.152824,0.171179,91776
32386,true,q1,12,1,600,RED,1,-0.178285,-0.1455,91776
33011,true,q0,-12,1,600,BLUE,1,-0.152824,0.171179,91776
33019,true,q1,12,1,600,RED,1,-0.178285,-0.1455,91776
33644,true,q0,-12,1,600,BLUE,1,-0.152824,0.171179,91776
33652,true,q1,12,1,600,RED,1,-0.178285,-0.1455,91776
34277,true,q0,-12,1,600,BLUE,1,-0.152824,0.171179,91776
34285,true,q1,12,1,600,RED,1,-0.178285,-0.1455,91776
34910,true,q0,-12,1,600,BLUE,1,-0.152824,0.171179,91776
34918,true,q1,12,1,600,RED,1,-0.178285,-0.1455,91776
35543,true,q0,-12,1,600,BLUE,1,-0.152824,0.171179,91776
35551,true,q1,12,1,600,RED,1,-0.178285,-0.1455,91776
36176,true,q0,-12,1,600,BLUE,1,-0.152824,0.171179,91776
36184,true,q1,12,1,600,RED,1,-0.178285,-0.1455,91776
36809,true,q0,-12,1,600,BLUE,1,-0.152824,0.171179,91776
36817,true,q1,12,1,600,RED,1,-0.178285,-0.1455,91776
37442,true,q0,-12,1,600,BLUE,1,-0.152824,0.171179,91776
37450,true,q1,12,1,600,RED,1,-0.178285,-0.1455,91776
38075,true,q0,-12,1,600,BLUE,1,-0.152824,0.171179,91776
38083,true,q1,12,1,600,RED,1,-0.178285,-0.1455,91776
38708,true,q0,-12,1,600,BLUE,1,-0.152824,0.171179,91776
38716,true,q1,12,1,600,RED,1,-0.178285,-0.1455,91776
39341,true,q0,-12,1,600,BLUE,1,-0.152824,0.171179,91776
39349,true,q1,12,1,600,RED,1,-0.178285,-0.1455,91776
39974,true,q0,-12,1,600,BLUE,1,-0.152824,0.171179,91776
39982,true,q1,12,1,600,RED,1,-0.178285,-0.1455,91776
40607,true,q0,-12,1,600,BLUE,1,-0.152824,0.171179,91776
40615,true,q1,12,1,600,RED,1,-0.178285,-0.1455,91776
41240,true,q0,-12,1,600,BLUE,1,-0.152824,0.171179,91776
41248,true,q1,12,1,600,RED,1,-0.178285,-0.1455,91776
41873,true,q0,-12,1,600,BLUE,1,-0.152824,0.171179,91776
41881,true,q1,12,1,600,RED,1,-0.178285,-0.1455,91776
42506,true,q0,-12,1,600,BLUE,1,-0.152824,0.171179,91776
42514,true,q1,12,1,600,RED,1,-0.178285,-0.1455,91776
43139,true,q0,-12,1,600,BLUE,1,-0.152824,0.171179,91776
43147,true,q1,12,1,600,RED,1,-0.178285,-0.1455,91776
43772,true,q0,-12,1,600,BLUE,1,-0.152824,0.171179,91776
43780,true,q1,12,1,600,RED,1,-0.178285,-0.1455,91776
44405,true,q0,-12,1,600,BLUE,1,-0.152824,0.171179,91776
44413,true,q1,12,1,600,RED,1,-0.178285,-0.1455,91776
45038,true,q0,-12,1,600,BLUE,1,-0.152824,0.171179,91776
45046,true,q1,12,1,600,RED,1,-0.178285,-0.1455,91776
45671,true,q0,-12,1,600,BLUE,1,-0.152824,0.171179,91776
45679,true,q1,12,1,600,RED,1,-0.178285,-0.1455,91776
46304,true,q0,-12,1,600,BLUE,1,-0.152824,0.171179,91776
46312,true,q1,12,1,600,RED,1,-0.178285,-0.1455,91776
46945,true,q1,12,1,600,RED,1,-0.178285,-0.1455,91776
46980,true,q0,-12,1,600,BLUE,43,-0.152824,0.171179,91776
47578,true,q1,12,1,600,RED,1,-0.178285,-0.1455,91776
47613,true,q0,-12,1,600,BLUE,1,-0.152824,0.171179,91776
48211,true,q1,12,1,600,RED,1,-0.178285,-0.1455,91776
48246,true,q0,-12,1,600,BLUE,1,-0.152824,0.171179,91776
48844,true,q1,12,1,600,RED,1,-0.178285,-0.1455,91776
48879,true,q0,-12,1,600,BLUE,1,-0.152824,0.171179,91776
49477,true,q1,12,1,600,RED,1,-0.178285,-0.1455,91776
49512,true,q0,-12,1,600,BLUE,1,-0.152824,0.171179,91776
50110,true,q1,12,1,600,RED,1,-0.178285,-0.1455,91776
50145,true,q0,-12,1,600,BLUE,1,-0.152824,0.171179,91776
50743,true,q1,12,1,600,RED,1,-0.178285,-0.1455,91776
50778,true,q0,-12,1,600,BLUE,1,-0.152824,0.171179,91776
51376,true,q1,12,1,600,RED,1,-0.178285,-0.1455,91776
51411,true,q0,-12,1,600,BLUE,1,-0.152824,0.171179,91776
52009,true,q1,12,1,600,RED,1,-0.178285,-0.1455,91776
52044,true,q0,-12,1,600,BLUE,1,-0.152824,0.171179,91776
52642,true,q1,12,1,600,RED,1,-0.178285,-0.1455,91776
52677,true,q0,-12,1,600,BLUE,1,-0.152824,0.171179,91776
53310,true,q0,-12,1,600,BLUE,1,-0.152824,0.171179,91776
53326,true,q1,12,1,600,RED,51,-0.178285,-0.1455,91776
53943,true,q0,-12,1,600,BLUE,1,-0.152824,0.171179,91776
53959,true,q1,12,1,600,RED,1,-0.178285,-0.1455,91776
54576,true,q0,-12,1,600,BLUE,1,-0.152824,0.171179,91776
54592,true,q1,12,1,600,RED,1,-0.178285,-0.1455,91776
55209,true,q0,-12,1,600,BLUE,1,-0.152824,0.171179,91776
55225,true,q1,12,1,600,RED,1,-0.178285,-0.1455,91776
55842,true,q0,-12,1,600,BLUE,1,-0.152824,0.171179,91776
55858,true,q1,12,1,600,RED,1,-0.178285,-0.1455,91776
56475,true,q0,-12,1,600,BLUE,1,-0.152824,0.171179,91776
56491,true,q1,12,1,600,RED,1,-0.178285,-0.1455,91776
57108,true,q0,-12,1,600,BLUE,1,-0.152824,0.171179,91776
57124,true,q1,12,1,600,RED,1,-0.178285,-0.1455,91776
57741,true,q0,-12,1,600,BLUE,1,-0.152824,0.171179,91776
57757,true,q1,12,1,600,RED,1,-0.178285,-0.1455,91776
58374,true,q0,-12,1,600,BLUE,1,-0.152824,0.171179,91776
58390,true,q1,12,1,600,RED,1,-0.178285,-0.1455,91776
59007,true,q0,-12,1,600,BLUE,1,-0.152824,0.171179,91776
59023,true,q1,12,1,600,RED,1,-0.178285,-0.1455,91776
59640,true,q0,-12,1,600,BLUE,1,-0.152824,0.171179,91776
59656,true,q1,12,1,600,RED,1,-0.178285,-0.1455,91776
60273,true,q0,-12,1,600,BLUE,1,-0.152824,0.171179,91776
60289,true,q1,12,1,600,RED,1,-0.178285,-0.1455,91776
60906,true,q0,-12,1,600,BLUE,1,-0.152824,0.171179,91776
60922,true,q1,12,1,600,RED,1,-0.178285,-0.1455,91776
61539,true,q0,-12,1,600,BLUE,1,-0.152824,0.171179,91776
61555,true,q1,12,1,600,RED,1,-0.178285,-0.1455,91776
62172,true,q0,-12,1,600,BLUE,1,-0.152824,0.171179,91776
62188,true,q1,12,1,600,RED,1,-0.178285,-0.1455,91776
62805,true,q0,-12,1,600,BLUE,1,-0.152824,0.171179,91776
62821,true,q1,12,1,600,RED,1,-0.178285,-0.1455,91776
63438,true,q0,-12,1,600,BLUE,1,-0.152824,0.171179,91776
63454,true,q1,12,1,600,RED,1,-0.178285,-0.1455,91776
64071,true,q0,-12,1,600,BLUE,1,-0.152824,0.171179,91776
64087,true,q1,12,1,600,RED,1,-0.178285,-0.1455,91776
64704,true,q0,-12,1,600,BLUE,1,-0.152824,0.171179,91776
64720,true,q1,12,1,600,RED,1,-0.178285,-0.1455,91776
65337,true,q0,-12,1,600,BLUE,1,-0.152824,0.171179,91776
65353,true,q1,12,1,600,RED,1,-0.178285,-0.1455,91776
65970,true,q0,-12,1,600,BLUE,1,-0.152824,0.171179,91776
65986,true,q1,12,1,600,RED,1,-0.178285,-0.1455,91776
66603,true,q0,-12,1,600,BLUE,1,-0.152824,0.171179,91776
66619,true,q1,12,1,600,RED,1,-0.178285,-0.1455,91776
67236,true,q0,-12,1,600,BLUE,1,-0.152824,0.171179,91776
67252,true,q1,12,1,600,RED,1,-0.178285,-0.1455,91776
67869,true,q0,-12,1,600,BLUE,1,-0.152824,0.171179,91776
67885,true,q1,12,1,600,RED,1,-0.178285,-0.1455,91776
68502,true,q0,-12,1,600,BLUE,1,-0.152824,0.171179,91776
68518,true,q1,12,1,600,RED,1,-0.178285,-0.1455,91776
69135,true,q0,-12,1,600,BLUE,1,-0.152824,0.171179,91776
69151,true,q1,12,1,600,RED,1,-0.178285,-0.1455,91776
69768,true,q0,-12,1,600,BLUE,1,-0.152824,0.171179,91776
69784,true,q1,12,1,600,RED,1,-0.178285,-0.1455,91776
70401,true,q0,-12,1,600,BLUE,1,-0.152824,0.171179,91776
70417,true,q1,12,1,600,RED,1,-0.178285,-0.1455,91776
71034,true,q0,-12,1,600,BLUE,1,-0.152824,0.171179,91776
71050,true,q1,12,1,600,RED,1,-0.178285,-0.1455,91776
71667,true,q0,-12,1,600,BLUE,1,-0.152824,0.171179,91776
71683,true,q1,12,1,600,RED,1,-0.178285,-0.1455,91776
72300,true,q0,-12,1,600,BLUE,1,-0.152824,0.171179,91776
72316,true,q1,12,1,600,RED,1,-0.178285,-0.1455,91776
72933,true,q0,-12,1,600,BLUE,1,-0.152824,0.171179,91776
72949,true,q1,12,1,600,RED,1,-0.178285,-0.1455,91776
73566,true,q0,-12,1,600,BLUE,1,-0.152824,0.171179,91776
73582,true,q1,12,1,600,RED,1,-0.178285,-0.1455,91776
74199,true,q0,-12,1,600,BLUE,1,-0.152824,0.171179,91776
74215,true,q1,12,1,600,RED,1,-0.178285,-0.1455,91776
74832,true,q0,-12,1,600,BLUE,1,-0.152824,0.171179,91776
74848,true,q1,12,1,600,RED,1,-0.178285,-0.1455,91776
75465,true,q0,-12,1,600,BLUE,1,-0.152824,0.171179,91776
75481,true,q1,12,1,600,RED,1,-0.178285,-0.1455,91776
76098,true,q0,-12,1,600,BLUE,1,-0.152824,0.171179,91776
76114,true,q1,12,1,600,RED,1,-0.178285,-0.1455,91776
76731,true,q0,-12,1,600,BLUE,1,-0.152824,0.171179,91776
76747,true,q1,12,1,600,RED,1,-0.178285,-0.1455,91776
77364,true,q0,-12,1,600,BLUE,1,-0.152824,0.171179,91776
77380,true,q1,12,1,600,RED,1,-0.178285,-0.1455,91776
77997,true,q0,-12,1,600,BLUE,1,-0.152824,0.171179,91776
78013,true,q1,12,1,600,RED,1,-0.178285,-0.1455,91776
78630,true,q0,-12,1,600,BLUE,1,-0.152824,0.171179,91776
78646,true,q1,12,1,600,RED,1,-0.178285,-0.1455,91776
79263,true,q0,-12,1,600,BLUE,1,-0.152824,0.171179,91776
79279,true,q1,12,1,600,RED,1,-0.178285,-0.1455,91776
79896,true,q0,-12,1,600,BLUE,1,-0.152824,0.171179,91776
79912,true,q1,12,1,600,RED,1,-0.178285,-0.1455,91776
80529,true,q0,-12,1,600,BLUE,1,-0.152824,0.171179,91776
80545,true,q1,12,1,600,RED,1,-0.178285,-0.1455,91776
81162,true,q0,-12,1,600,BLUE,1,-0.152824,0.171179,91776
81178,true,q1,12,1,600,RED,1,-0.178285,-0.1455,91776
81795,true,q0,-12,1,600,BLUE,1,-0.152824,0.171179,91776
81811,true,q1,12,1,600,RED,1,-0.178285,-0.1455,91776
82428,true,q0,-12,1,600,BLUE,1,-0.152824,0.171179,91776
82444,true,q1,12,1,600,RED,1,-0.178285,-0.1455,91776
83061,true,q0,-12,1,600,BLUE,1,-0.152824,0.171179,91776
83077,true,q1,12,1,600,RED,1,-0.178285,-0.1455,91776
83694,true,q0,-12,1,600,BLUE,1,-0.152824,0.171179,91776
83710,true,q1,12,1,600,RED,1,-0.178285,-0.1455,91776
84327,true,q0,-12,1,600,BLUE,1,-0.152824,0.171179,91776
84343,true,q1,12,1,600,RED,1,-0.178285,-0.1455,91776
84960,true,q0,-12,1,600,BLUE,1,-0.152824,0.171179,91776
84976,true,q1,12,1,600,RED,1,-0.178285,-0.1455,91776
85593,true,q0,-12,1,600,BLUE,1,-0.152824,0.171179,91776
85609,true,q1,12,1,600,RED,1,-0.178285,-0.1455,91776
86226,true,q0,-12,1,600,BLUE,1,-0.152824,0.171179,91776
86242,true,q1,12,1,600,RED,1,-0.178285,-0.1455,91776
86859,true,q0,-12,1,600,BLUE,1,-0.152824,0.171179,91776
86875,true,q1,12,1,600,RED,1,-0.178285,-0.1455,91776
87492,true,q0,-12,1,600,BLUE,1,-0.152824,0.171179,91776
87508,true,q1,12,1,600,RED,1,-0.178285,-0.1455,91776
88125,true,q0,-12,1,600,BLUE,1,-0.152824,0.171179,91776
88141,true,q1,12,1,600,RED,1,-0.178285,-0.1455,91776
88758,true,q0,-12,1,600,BLUE,1,-0.152824,0.171179,91776
88774,true,q1,12,1,600,RED,1,-0.178285,-0.1455,91776
89391,true,q0,-12,1,600,BLUE,1,-0.152824,0.171179,91776
89407,true,q1,12,1,600,RED,1,-0.178285,-0.1455,91776
90040,true,q1,12,1,600,RED,1,-0.178285,-0.1455,91776
90067,true,q0,-12,1,600,BLUE,43,-0.152824,0.171179,91776
90673,true,q1,12,1,600,RED,1,-0.178285,-0.1455,91776
90700,true,q0,-12,1,600,BLUE,1,-0.152824,0.171179,91776
91333,true,q0,-12,1,600,BLUE,1,-0.152824,0.171179,91776
91357,true,q1,12,1,600,RED,51,-0.178285,-0.1455,91776
91966,true,q0,-12,1,600,BLUE,1,-0.152824,0.171179,91776
91990,true,q1,12,1,600,RED,1,-0.178285,-0.1455,91776
92599,true,q0,-12,1,600,BLUE,1,-0.152824,0.171179,91776
92623,true,q1,12,1,600,RED,1,-0.178285,-0.1455,91776
93232,true,q0,-12,1,600,BLUE,1,-0.152824,0.171179,91776
93256,true,q1,12,1,600,RED,1,-0.178285,-0.1455,91776
93865,true,q0,-12,1,600,BLUE,1,-0.152824,0.171179,91776
93889,true,q1,12,1,600,RED,1,-0.178285,-0.1455,91776
94498,true,q0,-12,1,600,BLUE,1,-0.152824,0.171179,91776
94522,true,q1,12,1,600,RED,1,-0.178285,-0.1455,91776
95131,true,q0,-12,1,600,BLUE,1,-0.152824,0.171179,91776
95155,true,q1,12,1,600,RED,1,-0.178285,-0.1455,91776
95764,true,q0,-12,1,600,BLUE,1,-0.152824,0.171179,91776
95788,true,q1,12,1,600,RED,1,-0.178285,-0.1455,91776
96397,true,q0,-12,1,600,BLUE,1,-0.152824,0.171179,91776
96421,true,q1,12,1,600,RED,1,-0.178285,-0.1455,91776
97030,true,q0,-12,1,600,BLUE,1,-0.152824,0.171179,91776
97054,true,q1,12,1,600,RED,1,-0.178285,-0.1455,91776
97663,true,q0,-12,1,600,BLUE,1,-0.152824,0.171179,91776
97687,true,q1,12,1,600,RED,1,-0.178285,-0.1455,91776
98296,true,q0,-12,1,600,BLUE,1,-0.152824,0.171179,91776
98320,true,q1,12,1,600,RED,1,-0.178285,-0.1455,91776
98929,true,q0,-12,1,600,BLUE,1,-0.152824,0.171179,91776
98953,true,q1,12,1,600,RED,1,-0.178285,-0.1455,91776
99562,true,q0,-12,1,600,BLUE,1,-0.152824,0.171179,91776
99586,true,q1,12,1,600,RED,1,-0.178285,-0.1455,91776
52,true,q1,0,1,600,RED,1,-0.178285,-0.1455,92524
52,true,q0,0,1,600,BLUE,1,-0.152824,0.171179,92524
685,true,q1,1,1,600,RED,1,-0.178285,-0.1455,92524
685,true,q0,-1,1,600,BLUE,1,-0.152824,0.171179,92524
1318,true,q1,2,1,600,RED,1,-0.178285,-0.1455,92524
1318,true,q0,-2,1,600,BLUE,1,-0.152824,0.171179,92524
1951,true,q1,3,1,600,RED,1,-0.178285,-0.1455,92524
1951,true,q0,-3,1,600,BLUE,1,-0.152824,0.171179,92524
2584,true,q1,4,1,600,RED,1,-0.178285,-0.1455,92524
2584,true,q0,-4,1,600,BLUE,1,-0.152824,0.171179,92524
3217,true,q1,5,1,600,RED,1,-0.178285,-0.1455,92524
3217,true,q0,-5,1,600,BLUE,1,-0.152824,0.171179,92524
3850,true,q1,6,1,600,RED,1,-0.178285,-0.1455,92524
3893,true,q0,-6,1,600,BLUE,43,-0.152824,0.171179,92524
4483,true,q1,7,1,600,RED,1,-0.178285,-0.1455,92524
4526,true,q0,-7,1,600,BLUE,1,-0.152824,0.171179,92524
5116,true,q1,8,1,600,RED,1,-0.178285,-0.1455,92524
5159,true,q0,-8,1,600,BLUE,1,-0.152824,0.171179,92524
5749,true,q1,9,1,600,RED,1,-0.178285,-0.1455,92524
5792,true,q0,-9,1,600,BLUE,1,-0.152824,0.171179,92524
6382,true,q1,10,1,600,RED,1,-0.178285,-0.1455,92524
6425,true,q0,-10,1,600,BLUE,1,-0.152824,0.171179,92524
7015,true,q1,11,1,600,RED,1,-0.178285,-0.1455,92524
7058,true,q0,-11,1,600,BLUE,1,-0.152824,0.171179,92524
7648,true,q1,12,1,600,RED,1,-0.178285,-0.1455,92524
7691,true,q0,-12,1,600,BLUE,1,-0.152824,0.171179,92524
8281,true,q1,12,1,600,RED,1,-0.178285,-0.1455,92524
8324,true,q0,-12,1,600,BLUE,1,-0.152824,0.171179,92524
8914,true,q1,12,1,600,RED,1,-0.178285,-0.1455,92524
8957,true,q0,-12,1,600,BLUE,1,-0.152824,0.171179,92524
9547,true,q1,12,1,600,RED,1,-0.178285,-0.1455,92524
9590,true,q0,-12,1,600,BLUE,1,-0.152824,0.171179,92524
10180,true,q1,12,1,600,RED,1,-0.178285,-0.1455,92524
10223,true,q0,-12,1,600,BLUE,1,-0.152824,0.171179,92524
10813,true,q1,12,1,600,RED,1,-0.178285,-0.1455,92524
10856,true,q0,-12,1,600,BLUE,1,-0.152824,0.171179,92524
11446,true,q1,12,1,600,RED,1,-0.178285,-0.1455,92524
11489,true,q0,-12,1,600,BLUE,1,-0.152824,0.171179,92524
12079,true,q1,12,1,600,RED,1,-0.178285,-0.1455,92524
12122,true,q0,-12,1,600,BLUE,1,-0.152824,0.171179,92524
12712,true,q1,12,1,600,RED,1,-0.178285,-0.1455,92524
12755,true,q0,-12,1,600,BLUE,1,-0.152824,0.171179,92524
13345,true,q1,12,1,600,RED,1,-0.178285,-0.1455,92524
13388,true,q0,-12,1,600,BLUE,1,-0.152824,0.171179,92524
13978,true,q1,12,1,600,RED,1,-0.178285,-0.1455,92524
14021,true,q0,-12,1,600,BLUE,1,-0.152824,0.171179,92524
14611,true,q1,12,1,600,RED,1,-0.178285,-0.1455,92524
14654,true,q0,-12,1,600,BLUE,1,-0.152824,0.171179,92524
15287,true,q0,-12,1,600,BLUE,1,-0.152824,0.171179,92524
15295,true,q1,12,1,600,RED,51,-0.178285,-0.1455,92524
15920,true,q0,-12,1,600,BLUE,1,-0.152824,0.171179,92524
15928,true,q1,12,1,600,RED,1,-0.178285,-0.1455,92524
16553,true,q0,-12,1,600,BLUE,1,-0.152824,0.171179,92524
16561,true,q1,12,1,600,RED,1,-0.178285,-0.1455,92524
17186,true,q0,-12,1,600,BLUE,1,-0.152824,0.171179,92524
17194,true,q1,12,1,600,RED,1,-0.178285,-0.1455,92524
17819,true,q0,-12,1,600,BLUE,1,-0.152824,0.171179,92524
17827,true,q1,12,1,600,RED,1,-0.178285,-0.1455,92524
18452,true,q0,-12,1,600,BLUE,1,-0.152824,0.171179,92524
18460,true,q1,12,1,600,RED,1,-0.178285,-0.1455,92524
19085,true,q0,-12,1,600,BLUE,1,-0.152824,0.171179,92524
19093,true,q1,12,1,600,RED,1,-0.178285,-0.1455,92524
19718,true,q0,-12,1,600,BLUE,1,-0.152824,0.171179,92524
19726,true,q1,12,1,600,RED,1,-0.178285,-0.1455,92524
20351,true,q0,-12,1,600,BLUE,1,-0.152824,0.171179,92524
20359,true,q1,12,1,600,RED,1,-0.178285,-0.1455,92524
20984,true,q0,-12,1,600,BLUE,1,-0.152824,0.171179,92524
20992,true,q1,12,1,600,RED,1,-0.178285,-0.1455,92524
21617,true,q0,-12,1,600,BLUE,1,-0.152824,0.171179,92524
21625,true,q1,12,1,600,RED,1,-0.178285,-0.1455,92524
22250,true,q0,-12,1,600,BLUE,1,-0.152824,0.171179,92524
22258,true,q1,12,1,600,RED,1,-0.178285,-0.1455,92524
22883,true,q0,-12,1,600,BLUE,1,-0.152824,0.171179,92524
22891,true,q1,12,1,600,RED,1,-0.178285,-0.1455,92524
23516,true,q0,-12,1,600,BLUE,1,-0.152824,0.171179,92524
23524,true,q1,12,1,600,RED,1,-0.178285,-0.1455,92524
24149,true,q0,-12,1,600,BLUE,1,-0.152824,0.171179,92524
24157,true,q1,12,1,600,RED,1,-0.178285,-0.1455,92524
24782,true,q0,-12,1,600,BLUE,1,-0.152824,0.171179,92524
24790,true,q1,12,1,600,RED,1,-0.178285,-0.1455,92524
25415,true,q0,-12,1,600,BLUE,1,-0.152824,0.171179,92524
25423,true,q1,12,1,600,RED,1,-0.178285,-0.1455,92524
26048,true,q0,-12,1,600,BLUE,1,-0.152824,0.171179,92524
26056,true,q1,12,1,600,RED,1,-0.178285,-0.1455,92524
26681,true,q0,-12,1,600,BLUE,1,-0.152824,0.171179,92524
26689,true,q1,12,1,600,RED,1,-0.178285,-0.1455,92524
27314,true,q0,-12,1,600,BLUE,1,-0.152824,0.171179,92524
27322,true,q1,12,1,600,RED,1,-0.178285,-0.1455,92524
27947,true,q0,-12,1,600,BLUE,1,-0.152824,0.171179,92524
27955,true,q1,12,1,600,RED,1,-0.178285,-0.1455,92524
28580,true,q0,-12,1,600,BLUE,1,-0.152824,0.171179,92524
28588,true,q1,12,1,600,RED,1,-0.178285,-0.1455,92524
29213,true,q0,-12,1,600,BLUE,1,-0.152824,0.171179,92524
29221,true,q1,12,1,600,RED,1,-0.178285,-0.1455,92524
29846,true,q0,-12,1,600,BLUE,1,-0.152824,0.171179,92524
29854,true,q1,12,1,600,RED,1,-0.178285,-0.1455,92524
30479,true,q0,-12,1,600,BLUE,1,-0.152824,0.171179,92524
30487,true,q1,12,1,600,RED,1,-0.178285,-0.1455,92524
31112,true,q0,-12,1,600,BLUE,1,-0.152824,0.171179,92524
31120,true,q1,12,1,600,RED,1,-0.178285,-0.1455,92524
31745,true,q0,-12,1,600,BLUE,1,-0.152824,0.171179,92524
31753,true,q1,12,1,600,RED,1,-0.178285,-0.1455,92524
32378,true,q0,-12,1,600,BLUE,1,-0.152824,0.171179,92524
32386,true,q1,12,1,600,RED,1,-0.178285,-0.1455,92524
33011,true,q0,-12,1,600,BLUE,1,-0.152824,0.171179,92524
33019,true,q1,12,1,600,RED,1,-0.178285,-0.1455,92524
33644,true,q0,-12,1,600,BLUE,1,-0.152824,0.171179,92524
33652,true,q1,12,1,600,RED,1,-0.178285,-0.1455,92524
34277,true,q0,-12,1,600,BLUE,1,-0.152824,0.171179,92524
34285,true,q1,12,1,600,RED,1,-0.178285,-0.1455,92524
34910,true,q0,-12,1,600,BLUE,1,-0.152824,0.171179,92524
34918,true,q1,12,1,600,RED,1,-0.178285,-0.1455,92524
35543,true,q0,-12,1,600,BLUE,1,-0.152824,0.171179,92524
35551,true,q1,12,1,600,RED,1,-0.178285,-0.1455,92524
36176,true,q0,-12,1,600,BLUE,1,-0.152824,0.171179,92524
36184,true,q1,12,1,600,RED,1,-0.178285,-0.1455,92524
36809,true,q0,-12,1,600,BLUE,1,-0.152824,0.171179,92524
36817,true,q1,12,1,600,RED,1,-0.178285,-0.1455,92524
37442,true,q0,-12,1,600,BLUE,1,-0.152824,0.171179,92524
37450,true,q1,12,1,600,RED,1,-0.178285,-0.1455,92524
38075,true,q0,-12,1,600,BLUE,1,-0.152824,0.171179,92524
38083,true,q1,12,1,600,RED,1,-0.178285,-0.1455,92524
38708,true,q0,-12,1,600,BLUE,1,-0.152824,0.171179,92524
38716,true,q1,12,1,600,RED,1,-0.178285,-0.1455,92524
39341,true,q0,-12,1,600,BLUE,1,-0.152824,0.171179,92524
39349,true,q1,12,1,600,RED,1,-0.178285,-0.1455,92524
39974,true,q0,-12,1,600,BLUE,1,-0.152824,0.171179,92524
39982,true,q1,12,1,600,RED,1,-0.178285,-0.1455,92524
40607,true,q0,-12,1,600,BLUE,1,-0.152824,0.171179,92524
40615,true,q1,12,1,600,RED,1,-0.178285,-0.1455,92524
41240,true,q0,-12,1,600,BLUE,1,-0.152824,0.171179,92524
41248,true,q1,12,1,600,RED,1,-0.178285,-0.1455,92524
41873,true,q0,-12,1,600,BLUE,1,-0.152824,0.171179,92524
41881,true,q1,12,1,600,RED,1,-0.178285,-0.1455,92524
42506,true,q0,-12,1,600,BLUE,1,-0.152824,0.171179,92524
42514,true,q1,12,1,600,RED,1,-0.178285,-0.1455,92524
43139,true,q0,-12,1,600,BLUE,1,-0.152824,0.171179,92524
43147,true,q1,12,1,600,RED,1,-0.178285,-0.1455,92524
43772,true,q0,-12,1,600,BLUE,1,-0.152824,0.171179,92524
43780,true,q1,12,1,600,RED,1,-0.178285,-0.1455,92524
44405,true,q0,-12,1,600,BLUE,1,-0.152824,0.171179,92524
44413,true,q1,12,1,600,RED,1,-0.178285,-0.1455,92524
45038,true,q0,-12,1,600,BLUE,1,-0.152824,0.171179,92524
45046,true,q1,12,1,600,RED,1,-0.178285,-0.1455,92524
45671,true,q0,-12,1,600,BLUE,1,-0.152824,0.171179,92524
45679,true,q1,12,1,600,RED,1,-0.178285,-0.1455,92524
46304,true,q0,-12,1,600,BLUE,1,-0.152824,0.171179,92524
46312,true,q1,12,1,600,RED,1,-0.178285,-0.1455,92524
46945,true,q1,12,1,600,RED,1,-0.178285,-0.1455,92524
46980,true,q0,-12,1,600,BLUE,43,-0.152824,0.171179,92524
47578,true,q1,12,1,600,RED,1,-0.178285,-0.1455,92524
47613,true,q0,-12,1,600,BLUE,1,-0.152824,0.171179,92524
48211,true,q1,12,1,600,RED,1,-0.178285,-0.1455,92524
48246,true,q0,-12,1,600,BLUE,1,-0.152824,0.171179,92524
48844,true,q1,12,1,600,RED,1,-0.178285,-0.1455,92524
48879,true,q0,-12,1,600,BLUE,1,-0.152824,0.171179,92524
49477,true,q1,12,1,600,RED,1,-0.178285,-0.1455,92524
49512,true,q0,-12,1,600,BLUE,1,-0.152824,0.171179,92524
50110,true,q1,12,1,600,RED,1,-0.178285,-0.1455,92524
50145,true,q0,-12,1,600,BLUE,1,-0.152824,0.171179,92524
50743,true,q1,12,1,600,RED,1,-0.178285,-0.1455,92524
50778,true,q0,-12,1,600,BLUE,1,-0.152824,0.171179,92524
51376,true,q1,12,1,600,RED,1,-0.178285,-0.1455,92524
51411,true,q0,-12,1,600,BLUE,1,-0.152824,0.171179,92524
52009,true,q1,12,1,600,RED,1,-0.178285,-0.1455,92524
52044,true,q0,-12,1,600,BLUE,1,-0.152824,0.171179,92524
52642,true,q1,12,1,600,RED,1,-0.178285,-0.1455,92524
52677,true,q0,-12,1,600,BLUE,1,-0.152824,0.171179,92524
53310,true,q0,-12,1,600,BLUE,1,-0.152824,0.171179,92524
53326,true,q1,12,1,600,RED,51,-0.178285,-0.1455,92524
53943,true,q0,-12,1,600,BLUE,1,-0.152824,0.171179,92524
53959,true,q1,12,1,600,RED,1,-0.178285,-0.1455,92524
54576,true,q0,-12,1,600,BLUE,1,-0.152824,0.171179,92524
54592,true,q1,12,1,600,RED,1,-0.178285,-0.1455,92524
55209,true,q0,-12,1,600,BLUE,1,-0.152824,0.171179,92524
55225,true,q1,12,1,600,RED,1,-0.178285,-0.1455,92524
55842,true,q0,-12,1,600,BLUE,1,-0.152824,0.171179,92524
55858,true,q1,12,1,600,RED,1,-0.178285,-0.1455,92524
56475,true,q0,-12,1,600,BLUE,1,-0.152824,0.171179,92524
56491,true,q1,12,1,600,RED,1,-0.178285,-0.1455,92524
57108,true,q0,-12,1,600,BLUE,1,-0.152824,0.171179,92524
57124,true,q1,12,1,600,RED,1,-0.178285,-0.1455,92524
57741,true,q0,-12,1,600,BLUE,1,-0.152824,0.171179,92524
57757,true,q1,12,1,600,RED,1,-0.178285,-0.1455,92524
58374,true,q0,-12,1,600,BLUE,1,-0.152824,0.171179,92524
58390,true,q1,12,1,600,RED,1,-0.178285,-0.1455,92524
59007,true,q0,-12,1,600,BLUE,1,-0.152824,0.171179,92524
59023,true,q1,12,1,600,RED,1,-0.178285,-0.1455,92524
59640,true,q0,-12,1,600,BLUE,1,-0.152824,0.171179,92524
59656,true,q1,12,1,600,RED,1,-0.178285,-0.1455,92524
60273,true,q0,-12,1,600,BLUE,1,-0.152824,0.171179,92524
60289,true,q1,12,1,600,RED,1,-0.178285,-0.1455,92524
60906,true,q0,-12,1,600,BLUE,1,-0.152824,0.171179,92524
60922,true,q1,12,1,600,RED,1,-0.178285,-0.1455,92524
61539,true,q0,-12,1,600,BLUE,1,-0.152824,0.171179,92524
61555,true,q1,12,1,600,RED,1,-0.178285,-0.1455,92524
62172,true,q0,-12,1,600,BLUE,1,-0.152824,0.171179,92524
62188,true,q1,12,1,600,RED,1,-0.178285,-0.1455,92524
62805,true,q0,-12,1,600,BLUE,1,-0.152824,0.171179,92524
62821,true,q1,12,1,600,RED,1,-0.178285,-0.1455,92524
63438,true,q0,-12,1,600,BLUE,1,-0.152824,0.171179,92524
63454,true,q1,12,1,600,RED,1,-0.178285,-0.1455,92524
64071,true,q0,-12,1,600,BLUE,1,-0.152824,0.171179,92524
64087,true,q1,12,1,600,RED,1,-0.178285,-0.1455,92524
64704,true,q0,-12,1,600,BLUE,1,-0.152824,0.171179,92524
64720,true,q1,12,1,600,RED,1,-0.178285,-0.1455,92524
65337,true,q0,-12,1,600,BLUE,1,-0.152824,0.171179,92524
65353,true,q1,12,1,600,RED,1,-0.178285,-0.1455,92524
65970,true,q0,-12,1,600,BLUE,1,-0.152824,0.171179,92524
65986,true,q1,12,1,600,RED,1,-0.178285,-0.1455,92524
66603,true,q0,-12,1,600,BLUE,1,-0.152824,0.171179,92524
66619,true,q1,12,1,600,RED,1,-0.178285,-0.1455,92524
67236,true,q0,-12,1,600,BLUE,1,-0.152824,0.171179,92524
67252,true,q1,12,1,600,RED,1,-0.178285,-0.1455,92524
67869,true,q0,-12,1,600,BLUE,1,-0.152824,0.171179,92524
67885,true,q1,12,1,600,RED,1,-0.178285,-0.1455,92524
68502,true,q0,-12,1,600,BLUE,1,-0.152824,0.171179,92524
68518,true,q1,12,1,600,RED,1,-0.178285,-0.1455,92524
69135,true,q0,-12,1,600,BLUE,1,-0.152824,0.171179,92524
69151,true,q1,12,1,600,RED,1,-0.178285,-0.1455,92524
69768,true,q0,-12,1,600,BLUE,1,-0.152824,0.171179,92524
69784,true,q1,12,1,600,RED,1,-0.178285,-0.1455,92524
70401,true,q0,-12,1,600,BLUE,1,-0.152824,0.171179,92524
70417,true,q1,12,1,600,RED,1,-0.178285,-0.1455,92524
71034,true,q0,-12,1,600,BLUE,1,-0.152824,0.171179,92524
71050,true,q1,12,1,600,RED,1,-0.178285,-0.1455,92524
71667,true,q0,-12,1,600,BLUE,1,-0.152824,0.171179,92524
71683,true,q1,12,1,600,RED,1,-0.178285,-0.1455,92524
72300,true,q0,-12,1,600,BLUE,1,-0.152824,0.171179,92524
72316,true,q1,12,1,600,RED,1,-0.178285,-0.1455,92524
72933,true,q0,-12,1,600,BLUE,1,-0.152824,0.171179,92524
72949,true,q1,12,1,600,RED,1,-0.178285,-0.1455,92524
73566,true,q0,-12,1,600,BLUE,1,-0.152824,0.171179,92524
73582,true,q1,12,1,600,RED,1,-0.178285,-0.1455,92524
74199,true,q0,-12,1,600,BLUE,1,-0.152824,0.171179,92524
74215,true,q1,12,1,600,RED,1,-0.178285,-0.1455,92524
74832,true,q0,-12,1,600,BLUE,1,-0.152824,0.171179,92524
74848,true,q1,12,1,600,RED,1,-0.178285,-0.1455,92524
75465,true,q0,-12,1,600,BLUE,1,-0.152824,0.171179,92524
75481,true,q1,12,1,600,RED,1,-0.178285,-0.1455,92524
76098,true,q0,-12,1,600,BLUE,1,-0.152824,0.171179,92524
76114,true,q1,12,1,600,RED,1,-0.178285,-0.1455,92524
76731,true,q0,-12,1,600,BLUE,1,-0.152824,0.171179,92524
76747,true,q1,12,1,600,RED,1,-0.178285,-0.1455,92524
77364,true,q0,-12,1,600,BLUE,1,-0.152824,0.171179,92524
77380,true,q1,12,1,600,RED,1,-0.178285,-0.1455,92524
77997,true,q0,-12,1,600,BLUE,1,-0.152824,0.171179,92524
78013,true,q1,12,1,600,RED,1,-0.178285,-0.1455,92524
78630,true,q0,-12,1,600,BLUE,1,-0.152824,0.171179,92524
78646,true,q1,12,1,600,RED,1,-0.178285,-0.1455,92524
79263,true,q0,-12,1,600,BLUE,1,-0.152824,0.171179,92524
79279,true,q1,12,1,600,RED,1,-0.178285,-0.1455,92524
79896,true,q0,-12,1,600,BLUE,1,-0.152824,0.171179,92524
79912,true,q1,12,1,600,RED,1,-0.178285,-0.1455,92524
80529,true,q0,-12,1,600,BLUE,1,-0.152824,0.171179,92524
80545,true,q1,12,1,600,RED,1,-0.178285,-0.1455,92524
81162,true,q0,-12,1,600,BLUE,1,-0.152824,0.171179,92524
81178,true,q1,12,1,600,RED,1,-0.178285,-0.1455,92524
81795,true,q0,-12,1,600,BLUE,1,-0.152824,0.171179,92524
81811,true,q1,12,1,600,RED,1,-0.178285,-0.1455,92524
82428,true,q0,-12,1,600,BLUE,1,-0.152824,0.171179,92524
82444,true,q1,12,1,600,RED,1,-0.178285,-0.1455,92524
83061,true,q0,-12,1,600,BLUE,1,-0.152824,0.171179,92524
83077,true,q1,12,1,600,RED,1,-0.178285,-0.1455,92524
83694,true,q0,-12,1,600,BLUE,1,-0.152824,0.171179,92524
83710,true,q1,12,1,600,RED,1,-0.178285,-0.1455,92524
84327,true,q0,-12,1,600,BLUE,1,-0.152824,0.171179,92524
84343,true,q1,12,1,600,RED,1,-0.178285,-0.1455,92524
84960,true,q0,-12,1,600,BLUE,1,-0.152824,0.171179,92524
84976,true,q1,12,1,600,RED,1,-0.178285,-0.1455,92524
85593,true,q0,-12,1,600,BLUE,1,-0.152824,0.171179,92524
85609,true,q1,12,1,600,RED,1,-0.178285,-0.1455,92524
86226,true,q0,-12,1,600,BLUE,1,-0.152824,0.171179,92524
86242,true,q1,12,1,600,RED,1,-0.178285,-0.1455,92524
86859,true,q0,-12,1,600,BLUE,1,-0.152824,0.171179,92524
86875,true,q1,12,1,600,RED,1,-0.178285,-0.1455,92524
87492,true,q0,-12,1,600,BLUE,1,-0.152824,0.171179,92524
87508,true,q1,12,1,600,RED,1,-0.178285,-0.1455,92524
88125,true,q0,-12,1,600,BLUE,1,-0.152824,0.171179,92524
88141,true,q1,12,1,600,RED,1,-0.178285,-0.1455,92524
88758,true,q0,-12,1,600,BLUE,1,-0.152824,0.171179,92524
88774,true,q1,12,1,600,RED,1,-0.178285,-0.1455,92524
89391,true,q0,-12,1,600,BLUE,1,-0.152824,0.171179,92524
89407,true,q1,12,1,600,RED,1,-0.178285,-0.1455,92524
90040,true,q1,12,1,600,RED,1,-0.178285,-0.1455,92524
90067,true,q0,-12,1,600,BLUE,43,-0.152824,0.171179,92524
90673,true,q1,12,1,600,RED,1,-0.178285,-0.1455,92524
90700,true,q0,-12,1,600,BLUE,1,-0.152824,0.171179,92524
91333,true,q0,-12,1,600,BLUE,1,-0.152824,0.171179,92524
91357,true,q1,12,1,600,RED,51,-0.178285,-0.1455,92524
91966,true,q0,-12,1,600,BLUE,1,-0.152824,0.171179,92524
91990,true,q1,12,1,600,RED,1,-0.178285,-0.1455,92524
92599,true,q0,-12,1,600,BLUE,1,-0.152824,0.171179,92524
92623,true,q1,12,1,600,RED,1,-0.178285,-0.1455,92524
93232,true,q0,-12,1,600,BLUE,1,-0.152824,0.171179,92524
93256,true,q1,12,1,600,RED,1,-0.178285,-0.1455,92524
93865,true,q0,-12,1,600,BLUE,1,-0.152824,0.171179,92524
93889,true,q1,12,1,600,RED,1,-0.178285,-0.1455,92524
94498,true,q0,-12,1,600,BLUE,1,-0.152824,0.171179,92524
94522,true,q1,12,1,600,RED,1,-0.178285,-0.1455,92524
95131,true,q0,-12,1,600,BLUE,1,-0.152824,0.171179,92524
95155,true,q1,12,1,600,RED,1,-0.178285,-0.1455,92524
95764,true,q0,-12,1,600,BLUE,1,-0.152824,0.171179,92524
95788,true,q1,12,1,600,RED,1,-0.178285,-0.1455,92524
96397,true,q0,-12,1,600,BLUE,1,-0.152824,0.171179,92524
96421,true,q1,12,1,600,RED,1,-0.178285,-0.1455,92524
97030,true,q0,-12,1,600,BLUE,1,-0.152824,0.171179,92524
97054,true,q1,12,1,600,RED,1,-0.178285,-0.1455,92524
97663,true,q0,-12,1,600,BLUE,1,-0.152824,0.171179,92524
97687,true,q1,12,1,600,RED,1,-0.178285,-0.1455,92524
98296,true,q0,-12,1,600,BLUE,1,-0.152824,0.171179,92524
98320,true,q1,12,1,600,RED,1,-0.178285,-0.1455,92524
98929,true,q0,-12,1,600,BLUE,1,-0.152824,0.171179,92524
98953,true,q1,12,1,600,RED,1,-0.178285,-0.1455,92524
99562,true,q0,-12,1,600,BLUE,1,-0.152824,0.171179,92524
99586,true,q1,12,1,600,RED,1,-0.178285,-0.1455,92524
