tick,greedy,robot,m,p_x,planned_wticks,task,search_ticks,x,y,seed
52,false,q0,0,0.5,600,BLUE,1,-0.152824,0.171179,35526
687,false,q0,-1,0.731059,597,BLUE,2,-0.152824,0.171179,35526
1317,false,q0,-2,0.880797,591,BLUE,1,-0.152824,0.171179,35526
1941,false,q0,-3,0.952574,576,BLUE,1,-0.152824,0.171179,35526
2550,false,q0,-4,0.982014,538,BLUE,1,-0.152824,0.171179,35526
3164,false,q0,-5,0.993307,460,BLUE,43,-0.152824,0.171179,35526
3657,false,q0,-6,0.997527,340,BLUE,1,-0.152824,0.171179,35526
4030,false,q0,-7,0.999089,219,BLUE,1,-0.152824,0.171179,35526
4282,false,q0,-8,0.999665,141,BLUE,1,-0.152824,0.171179,35526
4456,false,q0,-9,0.999877,104,BLUE,1,-0.152824,0.171179,35526
4593,false,q0,-10,0.999955,88,BLUE,1,-0.152824,0.171179,35526
4714,false,q0,-11,0.999983,82,BLUE,1,-0.152824,0.171179,35526
4829,false,q0,-12,0.999994,80,BLUE,1,-0.152824,0.171179,35526
4942,false,q0,-12,0.999994,79,BLUE,1,-0.152824,0.171179,35526
5054,false,q0,-12,0.999994,79,BLUE,1,-0.152824,0.171179,35526
5166,false,q0,-12,0.999994,79,BLUE,1,-0.152824,0.171179,35526
5278,false,q0,-12,0.999994,79,BLUE,1,-0.152824,0.171179,35526
5390,false,q0,-12,0.999994,79,BLUE,1,-0.152824,0.171179,35526
5502,false,q0,-12,0.999994,79,BLUE,1,-0.152824,0.171179,35526
5614,false,q0,-12,0.999994,79,BLUE,1,-0.152824,0.171179,35526
5726,false,q0,-12,0.999994,79,BLUE,1,-0.152824,0.171179,35526
5838,false,q0,-12,0.999994,79,BLUE,1,-0.152824,0.171179,35526
5950,false,q0,-12,0.999994,79,BLUE,1,-0.152824,0.171179,35526
6062,false,q0,-12,0.999994,79,BLUE,1,-0.152824,0.171179,35526
6174,false,q0,-12,0.999994,79,BLUE,1,-0.152824,0.171179,35526
6286,false,q0,-12,0.999994,79,BLUE,1,-0.152824,0.171179,35526
6398,false,q0,-12,0.999994,79,BLUE,1,-0.152824,0.171179,35526
6510,false,q0,-12,0.999994,79,BLUE,1,-0.152824,0.171179,35526
6622,false,q0,-12,0.999994,79,BLUE,1,-0.152824,0.171179,35526
6734,false,q0,-12,0.999994,79,BLUE,1,-0.152824,0.171179,35526
6846,false,q0,-12,0.999994,79,BLUE,1,-0.152824,0.171179,35526
6958,false,q0,-12,0.999994,79,BLUE,1,-0.152824,0.171179,35526
7070,false,q0,-12,0.999994,79,BLUE,1,-0.152824,0.171179,35526
7182,false,q0,-12,0.999994,79,BLUE,1,-0.152824,0.171179,35526
7294,false,q0,-12,0.999994,79,BLUE,1,-0.152824,0.171179,35526
7406,false,q0,-12,0.999994,79,BLUE,1,-0.152824,0.171179,35526
7518,false,q0,-12,0.999994,79,BLUE,1,-0.152824,0.171179,35526
7630,false,q0,-12,0.999994,79,BLUE,1,-0.152824,0.171179,35526
7742,false,q0,-12,0.999994,79,BLUE,1,-0.152824,0.171179,35526
7854,false,q0,-12,0.999994,79,BLUE,1,-0.152824,0.171179,35526
7966,false,q0,-12,0.999994,79,BLUE,1,-0.152824,0.171179,35526
8078,false,q0,-12,0.999994,79,BLUE,1,-0.152824,0.171179,35526
8190,false,q0,-12,0.999994,79,BLUE,1,-0.152824,0.171179,35526
8302,false,q0,-12,0.999994,79,BLUE,1,-0.152824,0.171179,35526
8414,false,q0,-12,0.999994,79,BLUE,1,-0.152824,0.171179,35526
8526,false,q0,-12,0.999994,79,BLUE,1,-0.152824,0.171179,35526
8638,false,q0,-12,0.999994,79,BLUE,1,-0.152824,0.171179,35526
8750,false,q0,-12,0.999994,79,BLUE,1,-0.152824,0.171179,35526
8862,false,q0,-12,0.999994,79,BLUE,1,-0.152824,0.171179,35526
8974,false,q0,-12,0.999994,79,BLUE,1,-0.152824,0.171179,35526
9086,false,q0,-12,0.999994,79,BLUE,1,-0.152824,0.171179,35526
9198,false,q0,-12,0.999994,79,BLUE,1,-0.152824,0.171179,35526
9310,false,q0,-12,0.999994,79,BLUE,1,-0.152824,0.171179,35526
9422,false,q0,-12,0.999994,79,BLUE,1,-0.152824,0.171179,35526
9534,false,q0,-12,0.999994,79,BLUE,1,-0.152824,0.171179,35526
9646,false,q0,-12,0.999994,79,BLUE,1,-0.152824,0.171179,35526
9758,false,q0,-12,0.999994,79,BLUE,1,-0.152824,0.171179,35526
9870,false,q0,-12,0.999994,79,BLUE,1,-0.152824,0.171179,35526
9982,false,q0,-12,0.999994,79,BLUE,1,-0.152824,0.171179,35526
10094,false,q0,-12,0.999994,79,BLUE,1,-0.152824,0.171179,35526
10206,false,q0,-12,0.999994,79,BLUE,1,-0.152824,0.171179,35526
10318,false,q0,-12,0.999994,79,BLUE,1,-0.152824,0.171179,35526
10430,false,q0,-12,0.999994,79,BLUE,1,-0.152824,0.171179,35526
10542,false,q0,-12,0.999994,79,BLUE,1,-0.152824,0.171179,35526
10654,false,q0,-12,0.999994,79,BLUE,1,-0.152824,0.171179,35526
10766,false,q0,-12,0.999994,79,BLUE,1,-0.152824,0.171179,35526
10878,false,q0,-12,0.999994,79,BLUE,1,-0.152824,0.171179,35526
10990,false,q0,-12,0.999994,79,BLUE,1,-0.152824,0.171179,35526
11102,false,q0,-12,0.999994,79,BLUE,1,-0.152824,0.171179,35526
11214,false,q0,-12,0.999994,79,BLUE,1,-0.152824,0.171179,35526
11326,false,q0,-12,0.999994,79,BLUE,1,-0.152824,0.171179,35526
11438,false,q0,-12,0.999994,79,BLUE,1,-0.152824,0.171179,35526
11550,false,q0,-12,0.999994,79,BLUE,1,-0.152824,0.171179,35526
11705,false,q0,-12,0.999994,79,BLUE,43,-0.152824,0.171179,35526
11817,false,q0,-12,0.999994,79,BLUE,1,-0.152824,0.171179,35526
11929,false,q0,-12,0.999994,79,BLUE,1,-0.152824,0.171179,35526
12041,false,q0,-12,0.999994,79,BLUE,1,-0.152824,0.171179,35526
12153,false,q0,-12,0.999994,79,BLUE,1,-0.152824,0.171179,35526
12265,false,q0,-12,0.999994,79,BLUE,1,-0.152824,0.171179,35526
12377,false,q0,-12,0.999994,79,BLUE,1,-0.152824,0.171179,35526
12489,false,q0,-12,0.999994,79,BLUE,1,-0.152824,0.171179,35526
12601,false,q0,-12,0.999994,79,BLUE,1,-0.152824,0.171179,35526
12713,false,q0,-12,0.999994,79,BLUE,1,-0.152824,0.171179,35526
12825,false,q0,-12,0.999994,79,BLUE,1,-0.152824,0.171179,35526
12937,false,q0,-12,0.999994,79,BLUE,1,-0.152824,0.171179,35526
13049,false,q0,-12,0.999994,79,BLUE,1,-0.152824,0.171179,35526
13161,false,q0,-12,0.999994,79,BLUE,1,-0.152824,0.171179,35526
13273,false,q0,-12,0.999994,79,BLUE,1,-0.152824,0.171179,35526
13385,false,q0,-12,0.999994,79,BLUE,1,-0.152824,0.171179,35526
13497,false,q0,-12,0.999994,79,BLUE,1,-0.152824,0.171179,35526
13609,false,q0,-12,0.999994,79,BLUE,1,-0.152824,0.171179,35526
13721,false,q0,-12,0.999994,79,BLUE,1,-0.152824,0.171179,35526
13833,false,q0,-12,0.999994,79,BLUE,1,-0.152824,0.171179,35526
13945,false,q0,-12,0.999994,79,BLUE,1,-0.152824,0.171179,35526
14057,false,q0,-12,0.999994,79,BLUE,1,-0.152824,0.171179,35526
14169,false,q0,-12,0.999994,79,BLUE,1,-0.152824,0.171179,35526
14281,false,q0,-12,0.999994,79,BLUE,1,-0.152824,0.171179,35526
14393,false,q0,-12,0.999994,79,BLUE,1,-0.152824,0.171179,35526
14505,false,q0,-12,0.999994,79,BLUE,1,-0.152824,0.171179,35526
14617,false,q0,-12,0.999994,79,BLUE,1,-0.152824,0.171179,35526
14729,false,q0,-12,0.999994,79,BLUE,1,-0.152824,0.171179,35526
14841,false,q0,-12,0.999994,79,BLUE,1,-0.152824,0.171179,35526
14953,false,q0,-12,0.999994,79,BLUE,1,-0.152824,0.171179,35526
15065,false,q0,-12,0.999994,79,BLUE,1,-0.152824,0.171179,35526
15177,false,q0,-12,0.999994,79,BLUE,1,-0.152824,0.171179,35526
15289,false,q0,-12,0.999994,79,BLUE,1,-0.152824,0.171179,35526
15401,false,q0,-12,0.999994,79,BLUE,1,-0.152824,0.171179,35526
15513,false,q0,-12,0.999994,79,BLUE,1,-0.152824,0.171179,35526
15625,false,q0,-12,0.999994,79,BLUE,1,-0.152824,0.171179,35526
15737,false,q0,-12,0.999994,79,BLUE,1,-0.152824,0.171179,35526
15849,false,q0,-12,0.999994,79,BLUE,1,-0.152824,0.171179,35526
15961,false,q0,-12,0.999994,79,BLUE,1,-0.152824,0.171179,35526
16073,false,q0,-12,0.999994,79,BLUE,1,-0.152824,0.171179,35526
16185,false,q0,-12,0.999994,79,BLUE,1,-0.152824,0.171179,35526
16297,false,q0,-12,0.999994,79,BLUE,1,-0.152824,0.171179,35526
16409,false,q0,-12,0.999994,79,BLUE,1,-0.152824,0.171179,35526
16521,false,q0,-12,0.999994,79,BLUE,1,-0.152824,0.171179,35526
16633,false,q0,-12,0.999994,79,BLUE,1,-0.152824,0.171179,35526
16745,false,q0,-12,0.999994,79,BLUE,1,-0.152824,0.171179,35526
16857,false,q0,-12,0.999994,79,BLUE,1,-0.152824,0.171179,35526
16969,false,q0,-12,0.999994,79,BLUE,1,-0.152824,0.171179,35526
17081,false,q0,-12,0.999994,79,BLUE,1,-0.152824,0.171179,35526
17193,false,q0,-12,0.999994,79,BLUE,1,-0.152824,0.171179,35526
17305,false,q0,-12,0.999994,79,BLUE,1,-0.152824,0.171179,35526
17417,false,q0,-12,0.999994,79,BLUE,1,-0.152824,0.171179,35526
17529,false,q0,-12,0.999994,79,BLUE,1,-0.152824,0.171179,35526
17641,false,q0,-12,0.999994,79,BLUE,1,-0.152824,0.171179,35526
17753,false,q0,-12,0.999994,79,BLUE,1,-0.152824,0.171179,35526
17865,false,q0,-12,0.999994,79,BLUE,1,-0.152824,0.171179,35526
17977,false,q0,-12,0.999994,79,BLUE,1,-0.152824,0.171179,35526
18089,false,q0,-12,0.999994,79,BLUE,1,-0.152824,0.171179,35526
18201,false,q0,-12,0.999994,79,BLUE,1,-0.152824,0.171179,35526
18313,false,q0,-12,0.999994,79,BLUE,1,-0.152824,0.171179,35526
18425,false,q0,-12,0.999994,79,BLUE,1,-0.152824,0.171179,35526
18537,false,q0,-12,0.999994,79,BLUE,1,-0.152824,0.171179,35526
18649,false,q0,-12,0.999994,79,BLUE,1,-0.152824,0.171179,35526
18761,false,q0,-12,0.999994,79,BLUE,1,-0.152824,0.171179,35526
18873,false,q0,-12,0.999994,79,BLUE,1,-0.152824,0.171179,35526
18985,false,q0,-12,0.999994,79,BLUE,1,-0.152824,0.171179,35526
19097,false,q0,-12,0.999994,79,BLUE,1,-0.152824,0.171179,35526
19209,false,q0,-12,0.999994,79,BLUE,1,-0.152824,0.171179,35526
19364,false,q0,-12,0.999994,79,BLUE,43,-0.152824,0.171179,35526
19476,false,q0,-12,0.999994,79,BLUE,1,-0.152824,0.171179,35526
19588,false,q0,-12,0.999994,79,BLUE,1,-0.152824,0.171179,35526
19700,false,q0,-12,0.999994,79,BLUE,1,-0.152824,0.171179,35526
19812,false,q0,-12,0.999994,79,BLUE,1,-0.152824,0.171179,35526
19924,false,q0,-12,0.999994,79,BLUE,1,-0.152824,0.171179,35526
20036,false,q0,-12,0.999994,79,BLUE,1,-0.152824,0.171179,35526
20148,false,q0,-12,0.999994,79,BLUE,1,-0.152824,0.171179,35526
20260,false,q0,-12,0.999994,79,BLUE,1,-0.152824,0.171179,35526
20372,false,q0,-12,0.999994,79,BLUE,1,-0.152824,0.171179,35526
20484,false,q0,-12,0.999994,79,BLUE,1,-0.152824,0.171179,35526
20596,false,q0,-12,0.999994,79,BLUE,1,-0.152824,0.171179,35526
20708,false,q0,-12,0.999994,79,BLUE,1,-0.152824,0.171179,35526
20820,false,q0,-12,0.999994,79,BLUE,1,-0.152824,0.171179,35526
20932,false,q0,-12,0.999994,79,BLUE,1,-0.152824,0.171179,35526
21044,false,q0,-12,0.999994,79,BLUE,1,-0.152824,0.171179,35526
21156,false,q0,-12,0.999994,79,BLUE,1,-0.152824,0.171179,35526
21268,false,q0,-12,0.999994,79,BLUE,1,-0.152824,0.171179,35526
21380,false,q0,-12,0.999994,79,BLUE,1,-0.152824,0.171179,35526
21492,false,q0,-12,0.999994,79,BLUE,1,-0.152824,0.171179,35526
21604,false,q0,-12,0.999994,79,BLUE,1,-0.152824,0.171179,35526
21716,false,q0,-12,0.999994,79,BLUE,1,-0.152824,0.171179,35526
21828,false,q0,-12,0.999994,79,BLUE,1,-0.152824,0.171179,35526
21940,false,q0,-12,0.999994,79,BLUE,1,-0.152824,0.171179,35526
22052,false,q0,-12,0.999994,79,BLUE,1,-0.152824,0.171179,35526
22164,false,q0,-12,0.999994,79,BLUE,1,-0.152824,0.171179,35526
22276,false,q0,-12,0.999994,79,BLUE,1,-0.152824,0.171179,35526
22388,false,q0,-12,0.999994,79,BLUE,1,-0.152824,0.171179,35526
22500,false,q0,-12,0.999994,79,BLUE,1,-0.152824,0.171179,35526
22612,false,q0,-12,0.999994,79,BLUE,1,-0.152824,0.171179,35526
22724,false,q0,-12,0.999994,79,BLUE,1,-0.152824,0.171179,35526
22836,false,q0,-12,0.999994,79,BLUE,1,-0.152824,0.171179,35526
22948,false,q0,-12,0.999994,79,BLUE,1,-0.152824,0.171179,35526
23060,false,q0,-12,0.999994,79,BLUE,1,-0.152824,0.171179,35526
23172,false,q0,-12,0.999994,79,BLUE,1,-0.152824,0.171179,35526
23284,false,q0,-12,0.999994,79,BLUE,1,-0.152824,0.171179,35526
23396,false,q0,-12,0.999994,79,BLUE,1,-0.152824,0.171179,35526
23508,false,q0,-12,0.999994,79,BLUE,1,-0.152824,0.171179,35526
23620,false,q0,-12,0.999994,79,BLUE,1,-0.152824,0.171179,35526
23732,false,q0,-12,0.999994,79,BLUE,1,-0.152824,0.171179,35526
23844,false,q0,-12,0.999994,79,BLUE,1,-0.152824,0.171179,35526
23956,false,q0,-12,0.999994,79,BLUE,1,-0.152824,0.171179,35526
24068,false,q0,-12,0.999994,79,BLUE,1,-0.152824,0.171179,35526
24180,false,q0,-12,0.999994,79,BLUE,1,-0.152824,0.171179,35526
24292,false,q0,-12,0.999994,79,BLUE,1,-0.152824,0.171179,35526
24404,false,q0,-12,0.999994,79,BLUE,1,-0.152824,0.171179,35526
24516,false,q0,-12,0.999994,79,BLUE,1,-0.152824,0.171179,35526
24628,false,q0,-12,0.999994,79,BLUE,1,-0.152824,0.171179,35526
24740,false,q0,-12,0.999994,79,BLUE,1,-0.152824,0.171179,35526
24852,false,q0,-12,0.999994,79,BLUE,1,-0.152824,0.171179,35526
24964,false,q0,-12,0.999994,79,BLUE,1,-0.152824,0.171179,35526
25076,false,q0,-12,0.999994,79,BLUE,1,-0.152824,0.171179,35526
25188,false,q0,-12,0.999994,79,BLUE,1,-0.152824,0.171179,35526
25300,false,q0,-12,0.999994,79,BLUE,1,-0.152824,0.171179,35526
25412,false,q0,-12,0.999994,79,BLUE,1,-0.152824,0.171179,35526
25524,false,q0,-12,0.999994,79,BLUE,1,-0.152824,0.171179,35526
25636,false,q0,-12,0.999994,79,BLUE,1,-0.152824,0.171179,35526
25748,false,q0,-12,0.999994,79,BLUE,1,-0.152824,0.171179,35526
25860,false,q0,-12,0.999994,79,BLUE,1,-0.152824,0.171179,35526
25972,false,q0,-12,0.999994,79,BLUE,1,-0.152824,0.171179,35526
26084,false,q0,-12,0.999994,79,BLUE,1,-0.152824,0.171179,35526
26196,false,q0,-12,0.999994,79,BLUE,1,-0.152824,0.171179,35526
26308,false,q0,-12,0.999994,79,BLUE,1,-0.152824,0.171179,35526
26420,false,q0,-12,0.999994,79,BLUE,1,-0.152824,0.171179,35526
26532,false,q0,-12,0.999994,79,BLUE,1,-0.152824,0.171179,35526
26644,false,q0,-12,0.999994,79,BLUE,1,-0.152824,0.171179,35526
26756,false,q0,-12,0.999994,79,BLUE,1,-0.152824,0.171179,35526
26868,false,q0,-12,0.999994,79,BLUE,1,-0.152824,0.171179,35526
52,false,q0,0,0.5,600,BLUE,1,-0.152824,0.171179,66990
685,false,q0,-1,0.731059,597,BLUE,1,-0.152824,0.171179,66990
1315,false,q0,-2,0.880797,591,BLUE,1,-0.152824,0.171179,66990
1939,false,q0,-3,0.952574,576,BLUE,1,-0.152824,0.171179,66990
2548,false,q0,-4,0.982014,538,BLUE,1,-0.152824,0.171179,66990
3119,false,q0,-5,0.993307,460,BLUE,1,-0.152824,0.171179,66990
3655,false,q0,-6,0.997527,340,BLUE,43,-0.152824,0.171179,66990
4028,false,q0,-7,0.999089,219,BLUE,1,-0.152824,0.171179,66990
4280,false,q0,-8,0.999665,141,BLUE,1,-0.152824,0.171179,66990
4454,false,q0,-9,0.999877,104,BLUE,1,-0.152824,0.171179,66990
4591,false,q0,-10,0.999955,88,BLUE,1,-0.152824,0.171179,66990
4712,false,q0,-11,0.999983,82,BLUE,1,-0.152824,0.171179,66990
4827,false,q0,-12,0.999994,80,BLUE,1,-0.152824,0.171179,66990
4940,false,q0,-12,0.999994,79,BLUE,1,-0.152824,0.171179,66990
5052,false,q0,-12,0.999994,79,BLUE,1,-0.152824,0.171179,66990
5164,false,q0,-12,0.999994,79,BLUE,1,-0.152824,0.171179,66990
5276,false,q0,-12,0.999994,79,BLUE,1,-0.152824,0.171179,66990
5388,false,q0,-12,0.999994,79,BLUE,1,-0.152824,0.171179,66990
5500,false,q0,-12,0.999994,79,BLUE,1,-0.152824,0.171179,66990
5612,false,q0,-12,0.999994,79,BLUE,1,-0.152824,0.171179,66990
5724,false,q0,-12,0.999994,79,BLUE,1,-0.152824,0.171179,66990
5836,false,q0,-12,0.999994,79,BLUE,1,-0.152824,0.171179,66990
5948,false,q0,-12,0.999994,79,BLUE,1,-0.152824,0.171179,66990
6060,false,q0,-12,0.999994,79,BLUE,1,-0.152824,0.171179,66990
6172,false,q0,-12,0.999994,79,BLUE,1,-0.152824,0.171179,66990
6284,false,q0,-12,0.999994,79,BLUE,1,-0.152824,0.171179,66990
6396,false,q0,-12,0.999994,79,BLUE,1,-0.152824,0.171179,66990
6508,false,q0,-12,0.999994,79,BLUE,1,-0.152824,0.171179,66990
6620,false,q0,-12,0.999994,79,BLUE,1,-0.152824,0.171179,66990
6732,false,q0,-12,0.999994,79,BLUE,1,-0.152824,0.171179,66990
6844,false,q0,-12,0.999994,79,BLUE,1,-0.152824,0.171179,66990
6956,false,q0,-12,0.999994,79,BLUE,1,-0.152824,0.171179,66990
7068,false,q0,-12,0.999994,79,BLUE,1,-0.152824,0.171179,66990
7180,false,q0,-12,0.999994,79,BLUE,1,-0.152824,0.171179,66990
7292,false,q0,-12,0.999994,79,BLUE,1,-0.152824,0.171179,66990
7404,false,q0,-12,0.999994,79,BLUE,1,-0.152824,0.171179,66990
7516,false,q0,-12,0.999994,79,BLUE,1,-0.152824,0.171179,66990
7628,false,q0,-12,0.999994,79,BLUE,1,-0.152824,0.171179,66990
7740,false,q0,-12,0.999994,79,BLUE,1,-0.152824,0.171179,66990
7852,false,q0,-12,0.999994,79,BLUE,1,-0.152824,0.171179,66990
7964,false,q0,-12,0.999994,79,BLUE,1,-0.152824,0.171179,66990
8076,false,q0,-12,0.999994,79,BLUE,1,-0.152824,0.171179,66990
8188,false,q0,-12,0.999994,79,BLUE,1,-0.152824,0.171179,66990
8300,false,q0,-12,0.999994,79,BLUE,1,-0.152824,0.171179,66990
8412,false,q0,-12,0.999994,79,BLUE,1,-0.152824,0.171179,66990
8524,false,q0,-12,0.999994,79,BLUE,1,-0.152824,0.171179,66990
8636,false,q0,-12,0.999994,79,BLUE,1,-0.152824,0.171179,66990
8748,false,q0,-12,0.999994,79,BLUE,1,-0.152824,0.171179,66990
8860,false,q0,-12,0.999994,79,BLUE,1,-0.152824,0.171179,66990
8972,false,q0,-12,0.999994,79,BLUE,1,-0.152824,0.171179,66990
9084,false,q0,-12,0.999994,79,BLUE,1,-0.152824,0.171179,66990
9196,false,q0,-12,0.999994,79,BLUE,1,-0.152824,0.171179,66990
9308,false,q0,-12,0.999994,79,BLUE,1,-0.152824,0.171179,66990
9420,false,q0,-12,0.999994,79,BLUE,1,-0.152824,0.171179,66990
9532,false,q0,-12,0.999994,79,BLUE,1,-0.152824,0.171179,66990
9644,false,q0,-12,0.999994,79,BLUE,1,-0.152824,0.171179,66990
9756,false,q0,-12,0.999994,79,BLUE,1,-0.152824,0.171179,66990
9868,false,q0,-12,0.999994,79,BLUE,1,-0.152824,0.171179,66990
9980,false,q0,-12,0.999994,79,BLUE,1,-0.152824,0.171179,66990
10092,false,q0,-12,0.999994,79,BLUE,1,-0.152824,0.171179,66990
10204,false,q0,-12,0.999994,79,BLUE,1,-0.152824,0.171179,66990
10316,false,q0,-12,0.999994,79,BLUE,1,-0.152824,0.171179,66990
10428,false,q0,-12,0.999994,79,BLUE,1,-0.152824,0.171179,66990
10540,false,q0,-12,0.999994,79,BLUE,1,-0.152824,0.171179,66990
10652,false,q0,-12,0.999994,79,BLUE,1,-0.152824,0.171179,66990
10764,false,q0,-12,0.999994,79,BLUE,1,-0.152824,0.171179,66990
10876,false,q0,-12,0.999994,79,BLUE,1,-0.152824,0.171179,66990
10988,false,q0,-12,0.999994,79,BLUE,1,-0.152824,0.171179,66990
11100,false,q0,-12,0.999994,79,BLUE,1,-0.152824,0.171179,66990
11212,false,q0,-12,0.999994,79,BLUE,1,-0.152824,0.171179,66990
11324,false,q0,-12,0.999994,79,BLUE,1,-0.152824,0.171179,66990
11436,false,q0,-12,0.999994,79,BLUE,1,-0.152824,0.171179,66990
11548,false,q0,-12,0.999994,79,BLUE,1,-0.152824,0.171179,66990
11660,false,q0,-12,0.999994,79,BLUE,1,-0.152824,0.171179,66990
11815,false,q0,-12,0.999994,79,BLUE,43,-0.152824,0.171179,66990
11927,false,q0,-12,0.999994,79,BLUE,1,-0.152824,0.171179,66990
12039,false,q0,-12,0.999994,79,BLUE,1,-0.152824,0.171179,66990
12151,false,q0,-12,0.999994,79,BLUE,1,-0.152824,0.171179,66990
12263,false,q0,-12,0.999994,79,BLUE,1,-0.152824,0.171179,66990
12375,false,q0,-12,0.999994,79,BLUE,1,-0.152824,0.171179,66990
12487,false,q0,-12,0.999994,79,BLUE,1,-0.152824,0.171179,66990
12599,false,q0,-12,0.999994,79,BLUE,1,-0.152824,0.171179,66990
12711,false,q0,-12,0.999994,79,BLUE,1,-0.152824,0.171179,66990
12823,false,q0,-12,0.999994,79,BLUE,1,-0.152824,0.171179,66990
12935,false,q0,-12,0.999994,79,BLUE,1,-0.152824,0.171179,66990
13047,false,q0,-12,0.999994,79,BLUE,1,-0.152824,0.171179,66990
13159,false,q0,-12,0.999994,79,BLUE,1,-0.152824,0.171179,66990
13271,false,q0,-12,0.999994,79,BLUE,1,-0.152824,0.171179,66990
13383,false,q0,-12,0.999994,79,BLUE,1,-0.152824,0.171179,66990
13495,false,q0,-12,0.999994,79,BLUE,1,-0.152824,0.171179,66990
13607,false,q0,-12,0.999994,79,BLUE,1,-0.152824,0.171179,66990
13719,false,q0,-12,0.999994,79,BLUE,1,-0.152824,0.171179,66990
13831,false,q0,-12,0.999994,79,BLUE,1,-0.152824,0.171179,66990
13943,false,q0,-12,0.999994,79,BLUE,1,-0.152824,0.171179,66990
14055,false,q0,-12,0.999994,79,BLUE,1,-0.152824,0.171179,66990
14167,false,q0,-12,0.999994,79,BLUE,1,-0.152824,0.171179,66990
14279,false,q0,-12,0.999994,79,BLUE,1,-0.152824,0.171179,66990
14391,false,q0,-12,0.999994,79,BLUE,1,-0.152824,0.171179,66990
14503,false,q0,-12,0.999994,79,BLUE,1,-0.152824,0.171179,66990
14615,false,q0,-12,0.999994,79,BLUE,1,-0.152824,0.171179,66990
14727,false,q0,-12,0.999994,79,BLUE,1,-0.152824,0.171179,66990
14839,false,q0,-12,0.999994,79,BLUE,1,-0.152824,0.171179,66990
14951,false,q0,-12,0.999994,79,BLUE,1,-0.152824,0.171179,66990
15063,false,q0,-12,0.999994,79,BLUE,1,-0.152824,0.171179,66990
15175,false,q0,-12,0.999994,79,BLUE,1,-0.152824,0.171179,66990
15287,false,q0,-12,0.999994,79,BLUE,1,-0.152824,0.171179,66990
15399,false,q0,-12,0.999994,79,BLUE,1,-0.152824,0.171179,66990
15511,false,q0,-12,0.999994,79,BLUE,1,-0.152824,0.171179,66990
15623,false,q0,-12,0.999994,79,BLUE,1,-0.152824,0.171179,66990
15735,false,q0,-12,0.999994,79,BLUE,1,-0.152824,0.171179,66990
15847,false,q0,-12,0.999994,79,BLUE,1,-0.152824,0.171179,66990
15959,false,q0,-12,0.999994,79,BLUE,1,-0.152824,0.171179,66990
16071,false,q0,-12,0.999994,79,BLUE,1,-0.152824,0.171179,66990
16183,false,q0,-12,0.999994,79,BLUE,1,-0.152824,0.171179,66990
16295,false,q0,-12,0.999994,79,BLUE,1,-0.152824,0.171179,66990
16407,false,q0,-12,0.999994,79,BLUE,1,-0.152824,0.171179,66990
16519,false,q0,-12,0.999994,79,BLUE,1,-0.152824,0.171179,66990
16631,false,q0,-12,0.999994,79,BLUE,1,-0.152824,0.171179,66990
16743,false,q0,-12,0.999994,79,BLUE,1,-0.152824,0.171179,66990
16855,false,q0,-12,0.999994,79,BLUE,1,-0.152824,0.171179,66990
16967,false,q0,-12,0.999994,79,BLUE,1,-0.152824,0.171179,66990
17079,false,q0,-12,0.999994,79,BLUE,1,-0.152824,0.171179,66990
17191,false,q0,-12,0.999994,79,BLUE,1,-0.152824,0.171179,66990
17303,false,q0,-12,0.999994,79,BLUE,1,-0.152824,0.171179,66990
17415,false,q0,-12,0.999994,79,BLUE,1,-0.152824,0.171179,66990
17527,false,q0,-12,0.999994,79,BLUE,1,-0.152824,0.171179,66990
17639,false,q0,-12,0.999994,79,BLUE,1,-0.152824,0.171179,66990
17751,false,q0,-12,0.999994,79,BLUE,1,-0.152824,0.171179,66990
17863,false,q0,-12,0.999994,79,BLUE,1,-0.152824,0.171179,66990
17975,false,q0,-12,0.999994,79,BLUE,1,-0.152824,0.171179,66990
18087,false,q0,-12,0.999994,79,BLUE,1,-0.152824,0.171179,66990
18199,false,q0,-12,0.999994,79,BLUE,1,-0.152824,0.171179,66990
18311,false,q0,-12,0.999994,79,BLUE,1,-0.152824,0.171179,66990
18423,false,q0,-12,0.999994,79,BLUE,1,-0.152824,0.171179,66990
18535,false,q0,-12,0.999994,79,BLUE,1,-0.152824,0.171179,66990
18647,false,q0,-12,0.999994,79,BLUE,1,-0.152824,0.171179,66990
18759,false,q0,-12,0.999994,79,BLUE,1,-0.152824,0.171179,66990
18871,false,q0,-12,0.999994,79,BLUE,1,-0.152824,0.171179,66990
18983,false,q0,-12,0.999994,79,BLUE,1,-0.152824,0.171179,66990
19095,false,q0,-12,0.999994,79,BLUE,1,-0.152824,0.171179,66990
19207,false,q0,-12,0.999994,79,BLUE,1,-0.152824,0.171179,66990
19319,false,q0,-12,0.999994,79,BLUE,1,-0.152824,0.171179,66990
19474,false,q0,-12,0.999994,79,BLUE,43,-0.152824,0.171179,66990
19586,false,q0,-12,0.999994,79,BLUE,1,-0.152824,0.171179,66990
19698,false,q0,-12,0.999994,79,BLUE,1,-0.152824,0.171179,66990
19810,false,q0,-12,0.999994,79,BLUE,1,-0.152824,0.171179,66990
19922,false,q0,-12,0.999994,79,BLUE,1,-0.152824,0.171179,66990
20034,false,q0,-12,0.999994,79,BLUE,1,-0.152824,0.171179,66990
20146,false,q0,-12,0.999994,79,BLUE,1,-0.152824,0.171179,66990
20258,false,q0,-12,0.999994,79,BLUE,1,-0.152824,0.171179,66990
20370,false,q0,-12,0.999994,79,BLUE,1,-0.152824,0.171179,66990
20482,false,q0,-12,0.999994,79,BLUE,1,-0.152824,0.171179,66990
20594,false,q0,-12,0.999994,79,BLUE,1,-0.152824,0.171179,66990
20706,false,q0,-12,0.999994,79,BLUE,1,-0.152824,0.171179,66990
20818,false,q0,-12,0.999994,79,BLUE,1,-0.152824,0.171179,66990
20930,false,q0,-12,0.999994,79,BLUE,1,-0.152824,0.171179,66990
21042,false,q0,-12,0.999994,79,BLUE,1,-0.152824,0.171179,66990
21154,false,q0,-12,0.999994,79,BLUE,1,-0.152824,0.171179,66990
21266,false,q0,-12,0.999994,79,BLUE,1,-0.152824,0.171179,66990
21378,false,q0,-12,0.999994,79,BLUE,1,-0.152824,0.171179,66990
21490,false,q0,-12,0.999994,79,BLUE,1,-0.152824,0.171179,66990
21602,false,q0,-12,0.999994,79,BLUE,1,-0.152824,0.171179,66990
21714,false,q0,-12,0.999994,79,BLUE,1,-0.152824,0.171179,66990
21826,false,q0,-12,0.999994,79,BLUE,1,-0.152824,0.171179,66990
21938,false,q0,-12,0.999994,79,BLUE,1,-0.152824,0.171179,66990
22050,false,q0,-12,0.999994,79,BLUE,1,-0.152824,0.171179,66990
22162,false,q0,-12,0.999994,79,BLUE,1,-0.152824,0.171179,66990
22274,false,q0,-12,0.999994,79,BLUE,1,-0.152824,0.171179,66990
22386,false,q0,-12,0.999994,79,BLUE,1,-0.152824,0.171179,66990
22498,false,q0,-12,0.999994,79,BLUE,1,-0.152824,0.171179,66990
22610,false,q0,-12,0.999994,79,BLUE,1,-0.152824,0.171179,66990
22722,false,q0,-12,0.999994,79,BLUE,1,-0.152824,0.171179,66990
22834,false,q0,-12,0.999994,79,BLUE,1,-0.152824,0.171179,66990
22946,false,q0,-12,0.999994,79,BLUE,1,-0.152824,0.171179,66990
23058,false,q0,-12,0.999994,79,BLUE,1,-0.152824,0.171179,66990
23170,false,q0,-12,0.999994,79,BLUE,1,-0.152824,0.171179,66990
23282,false,q0,-12,0.999994,79,BLUE,1,-0.152824,0.171179,66990
23394,false,q0,-12,0.999994,79,BLUE,1,-0.152824,0.171179,66990
23506,false,q0,-12,0.999994,79,BLUE,1,-0.152824,0.171179,66990
23618,false,q0,-12,0.999994,79,BLUE,1,-0.152824,0.171179,66990
23730,false,q0,-12,0.999994,79,BLUE,1,-0.152824,0.171179,66990
23842,false,q0,-12,0.999994,79,BLUE,1,-0.152824,0.171179,66990
23954,false,q0,-12,0.999994,79,BLUE,1,-0.152824,0.171179,66990
24066,false,q0,-12,0.999994,79,BLUE,1,-0.152824,0.171179,66990
24178,false,q0,-12,0.999994,79,BLUE,1,-0.152824,0.171179,66990
24290,false,q0,-12,0.999994,79,BLUE,1,-0.152824,0.171179,66990
24402,false,q0,-12,0.999994,79,BLUE,1,-0.152824,0.171179,66990
24514,false,q0,-12,0.999994,79,BLUE,1,-0.152824,0.171179,66990
24626,false,q0,-12,0.999994,79,BLUE,1,-0.152824,0.171179,66990
24738,false,q0,-12,0.999994,79,BLUE,1,-0.152824,0.171179,66990
24850,false,q0,-12,0.999994,79,BLUE,1,-0.152824,0.171179,66990
24962,false,q0,-12,0.999994,79,BLUE,1,-0.152824,0.171179,66990
25074,false,q0,-12,0.999994,79,BLUE,1,-0.152824,0.171179,66990
25186,false,q0,-12,0.999994,79,BLUE,1,-0.152824,0.171179,66990
25298,false,q0,-12,0.999994,79,BLUE,1,-0.152824,0.171179,66990
25410,false,q0,-12,0.999994,79,BLUE,1,-0.152824,0.171179,66990
25522,false,q0,-12,0.999994,79,BLUE,1,-0.152824,0.171179,66990
25634,false,q0,-12,0.999994,79,BLUE,1,-0.152824,0.171179,66990
25746,false,q0,-12,0.999994,79,BLUE,1,-0.152824,0.171179,66990
25858,false,q0,-12,0.999994,79,BLUE,1,-0.152824,0.171179,66990
25970,false,q0,-12,0.999994,79,BLUE,1,-0.152824,0.171179,66990
26082,false,q0,-12,0.999994,79,BLUE,1,-0.152824,0.171179,66990
26194,false,q0,-12,0.999994,79,BLUE,1,-0.152824,0.171179,66990
26306,false,q0,-12,0.999994,79,BLUE,1,-0.152824,0.171179,66990
26418,false,q0,-12,0.999994,79,BLUE,1,-0.152824,0.171179,66990
26530,false,q0,-12,0.999994,79,BLUE,1,-0.152824,0.171179,66990
26642,false,q0,-12,0.999994,79,BLUE,1,-0.152824,0.171179,66990
26754,false,q0,-12,0.999994,79,BLUE,1,-0.152824,0.171179,66990
26866,false,q0,-12,0.999994,79,BLUE,1,-0.152824,0.171179,66990
26978,false,q0,-12,0.999994,79,BLUE,1,-0.152824,0.171179,66990
54,false,q0,0,0.5,600,BLUE,2,-0.152824,0.171179,36764
687,false,q0,-1,0.731059,597,BLUE,1,-0.152824,0.171179,36764
1317,false,q0,-2,0.880797,591,BLUE,1,-0.152824,0.171179,36764
1941,false,q0,-3,0.952574,576,BLUE,1,-0.152824,0.171179,36764
2550,false,q0,-4,0.982014,538,BLUE,1,-0.152824,0.171179,36764
3164,false,q0,-5,0.993307,460,BLUE,43,-0.152824,0.171179,36764
3657,false,q0,-6,0.997527,340,BLUE,1,-0.152824,0.171179,36764
4030,false,q0,-7,0.999089,219,BLUE,1,-0.152824,0.171179,36764
4282,false,q0,-8,0.999665,141,BLUE,1,-0.152824,0.171179,36764
4456,false,q0,-9,0.999877,104,BLUE,1,-0.152824,0.171179,36764
4593,false,q0,-10,0.999955,88,BLUE,1,-0.152824,0.171179,36764
4714,false,q0,-11,0.999983,82,BLUE,1,-0.152824,0.171179,36764
4829,false,q0,-12,0.999994,80,BLUE,1,-0.152824,0.171179,36764
4942,false,q0,-12,0.999994,79,BLUE,1,-0.152824,0.171179,36764
5054,false,q0,-12,0.999994,79,BLUE,1,-0.152824,0.171179,36764
5166,false,q0,-12,0.999994,79,BLUE,1,-0.152824,0.171179,36764
5278,false,q0,-12,0.999994,79,BLUE,1,-0.152824,0.171179,36764
5390,false,q0,-12,0.999994,79,BLUE,1,-0.152824,0.171179,36764
5502,false,q0,-12,0.999994,79,BLUE,1,-0.152824,0.171179,36764
5614,false,q0,-12,0.999994,79,BLUE,1,-0.152824,0.171179,36764
5726,false,q0,-12,0.999994,79,BLUE,1,-0.152824,0.171179,36764
5838,false,q0,-12,0.999994,79,BLUE,1,-0.152824,0.171179,36764
5950,false,q0,-12,0.999994,79,BLUE,1,-0.152824,0.171179,36764
6062,false,q0,-12,0.999994,79,BLUE,1,-0.152824,0.171179,36764
6174,false,q0,-12,0.999994,79,BLUE,1,-0.152824,0.171179,36764
6286,false,q0,-12,0.999994,79,BLUE,1,-0.152824,0.171179,36764
6398,false,q0,-12,0.999994,79,BLUE,1,-0.152824,0.171179,36764
6510,false,q0,-12,0.999994,79,BLUE,1,-0.152824,0.171179,36764
6622,false,q0,-12,0.999994,79,BLUE,1,-0.152824,0.171179,36764
6734,false,q0,-12,0.999994,79,BLUE,1,-0.152824,0.171179,36764
6846,false,q0,-12,0.999994,79,BLUE,1,-0.152824,0.171179,36764
6958,false,q0,-12,0.999994,79,BLUE,1,-0.152824,0.171179,36764
7070,false,q0,-12,0.999994,79,BLUE,1,-0.152824,0.171179,36764
7182,false,q0,-12,0.999994,79,BLUE,1,-0.152824,0.171179,36764
7294,false,q0,-12,0.999994,79,BLUE,1,-0.152824,0.171179,36764
7406,false,q0,-12,0.999994,79,BLUE,1,-0.152824,0.171179,36764
7518,false,q0,-12,0.999994,79,BLUE,1,-0.152824,0.171179,36764
7630,false,q0,-12,0.999994,79,BLUE,1,-0.152824,0.171179,36764
7742,false,q0,-12,0.999994,79,BLUE,1,-0.152824,0.171179,36764
7854,false,q0,-12,0.999994,79,BLUE,1,-0.152824,0.171179,36764
7966,false,q0,-12,0.999994,79,BLUE,1,-0.152824,0.171179,36764
8078,false,q0,-12,0.999994,79,BLUE,1,-0.152824,0.171179,36764
8190,false,q0,-12,0.999994,79,BLUE,1,-0.152824,0.171179,36764
8302,false,q0,-12,0.999994,79,BLUE,1,-0.152824,0.171179,36764
8414,false,q0,-12,0.999994,79,BLUE,1,-0.152824,0.171179,36764
8526,false,q0,-12,0.999994,79,BLUE,1,-0.152824,0.171179,36764
8638,false,q0,-12,0.999994,79,BLUE,1,-0.152824,0.171179,36764
8750,false,q0,-12,0.999994,79,BLUE,1,-0.152824,0.171179,36764
8862,false,q0,-12,0.999994,79,BLUE,1,-0.152824,0.171179,36764
8974,false,q0,-12,0.999994,79,BLUE,1,-0.152824,0.171179,36764
9086,false,q0,-12,0.999994,79,BLUE,1,-0.152824,0.171179,36764
9198,false,q0,-12,0.999994,79,BLUE,1,-0.152824,0.171179,36764
9310,false,q0,-12,0.999994,79,BLUE,1,-0.152824,0.171179,36764
9422,false,q0,-12,0.999994,79,BLUE,1,-0.152824,0.171179,36764
9534,false,q0,-12,0.999994,79,BLUE,1,-0.152824,0.171179,36764
9646,false,q0,-12,0.999994,79,BLUE,1,-0.152824,0.171179,36764
9758,false,q0,-12,0.999994,79,BLUE,1,-0.152824,0.171179,36764
9870,false,q0,-12,0.999994,79,BLUE,1,-0.152824,0.171179,36764
9982,false,q0,-12,0.999994,79,BLUE,1,-0.152824,0.171179,36764
10094,false,q0,-12,0.999994,79,BLUE,1,-0.152824,0.171179,36764
10206,false,q0,-12,0.999994,79,BLUE,1,-0.152824,0.171179,36764
10318,false,q0,-12,0.999994,79,BLUE,1,-0.152824,0.171179,36764
10430,false,q0,-12,0.999994,79,BLUE,1,-0.152824,0.171179,36764
10542,false,q0,-12,0.999994,79,BLUE,1,-0.152824,0.171179,36764
10654,false,q0,-12,0.999994,79,BLUE,1,-0.152824,0.171179,36764
10766,false,q0,-12,0.999994,79,BLUE,1,-0.152824,0.171179,36764
10878,false,q0,-12,0.999994,79,BLUE,1,-0.152824,0.171179,36764
10990,false,q0,-12,0.999994,79,BLUE,1,-0.152824,0.171179,36764
11102,false,q0,-12,0.999994,79,BLUE,1,-0.152824,0.171179,36764
11214,false,q0,-12,0.999994,79,BLUE,1,-0.152824,0.171179,36764
11326,false,q0,-12,0.999994,79,BLUE,1,-0.152824,0.171179,36764
11438,false,q0,-12,0.999994,79,BLUE,1,-0.152824,0.171179,36764
11550,false,q0,-12,0.999994,79,BLUE,1,-0.152824,0.171179,36764
11705,false,q0,-12,0.999994,79,BLUE,43,-0.152824,0.171179,36764
11817,false,q0,-12,0.999994,79,BLUE,1,-0.152824,0.171179,36764
11929,false,q0,-12,0.999994,79,BLUE,1,-0.152824,0.171179,36764
12041,false,q0,-12,0.999994,79,BLUE,1,-0.152824,0.171179,36764
12153,false,q0,-12,0.999994,79,BLUE,1,-0.152824,0.171179,36764
12265,false,q0,-12,0.999994,79,BLUE,1,-0.152824,0.171179,36764
12377,false,q0,-12,0.999994,79,BLUE,1,-0.152824,0.171179,36764
12489,false,q0,-12,0.999994,79,BLUE,1,-0.152824,0.171179,36764
12601,false,q0,-12,0.999994,79,BLUE,1,-0.152824,0.171179,36764
12713,false,q0,-12,0.999994,79,BLUE,1,-0.152824,0.171179,36764
12825,false,q0,-12,0.999994,79,BLUE,1,-0.152824,0.171179,36764
12937,false,q0,-12,0.999994,79,BLUE,1,-0.152824,0.171179,36764
13049,false,q0,-12,0.999994,79,BLUE,1,-0.152824,0.171179,36764
13161,false,q0,-12,0.999994,79,BLUE,1,-0.152824,0.171179,36764
13273,false,q0,-12,0.999994,79,BLUE,1,-0.152824,0.171179,36764
13385,false,q0,-12,0.999994,79,BLUE,1,-0.152824,0.171179,36764
13497,false,q0,-12,0.999994,79,BLUE,1,-0.152824,0.171179,36764
13609,false,q0,-12,0.999994,79,BLUE,1,-0.152824,0.171179,36764
13721,false,q0,-12,0.999994,79,BLUE,1,-0.152824,0.171179,36764
13833,false,q0,-12,0.999994,79,BLUE,1,-0.152824,0.171179,36764
13945,false,q0,-12,0.999994,79,BLUE,1,-0.152824,0.171179,36764
14057,false,q0,-12,0.999994,79,BLUE,1,-0.152824,0.171179,36764
14169,false,q0,-12,0.999994,79,BLUE,1,-0.152824,0.171179,36764
14281,false,q0,-12,0.999994,79,BLUE,1,-0.152824,0.171179,36764
14393,false,q0,-12,0.999994,79,BLUE,1,-0.152824,0.171179,36764
14505,false,q0,-12,0.999994,79,BLUE,1,-0.152824,0.171179,36764
14617,false,q0,-12,0.999994,79,BLUE,1,-0.152824,0.171179,36764
14729,false,q0,-12,0.999994,79,BLUE,1,-0.152824,0.171179,36764
14841,false,q0,-12,0.999994,79,BLUE,1,-0.152824,0.171179,36764
14953,false,q0,-12,0.999994,79,BLUE,1,-0.152824,0.171179,36764
15065,false,q0,-12,0.999994,79,BLUE,1,-0.152824,0.171179,36764
15177,false,q0,-12,0.999994,79,BLUE,1,-0.152824,0.171179,36764
15289,false,q0,-12,0.999994,79,BLUE,1,-0.152824,0.171179,36764
15401,false,q0,-12,0.999994,79,BLUE,1,-0.152824,0.171179,36764
15513,false,q0,-12,0.999994,79,BLUE,1,-0.152824,0.171179,36764
15625,false,q0,-12,0.999994,79,BLUE,1,-0.152824,0.171179,36764
15737,false,q0,-12,0.999994,79,BLUE,1,-0.152824,0.171179,36764
15849,false,q0,-12,0.999994,79,BLUE,1,-0.152824,0.171179,36764
15961,false,q0,-12,0.999994,79,BLUE,1,-0.152824,0.171179,36764
16073,false,q0,-12,0.999994,79,BLUE,1,-0.152824,0.171179,36764
16185,false,q0,-12,0.999994,79,BLUE,1,-0.152824,0.171179,36764
16297,false,q0,-12,0.999994,79,BLUE,1,-0.152824,0.171179,36764
16409,false,q0,-12,0.999994,79,BLUE,1,-0.152824,0.171179,36764
16521,false,q0,-12,0.999994,79,BLUE,1,-0.152824,0.171179,36764
16633,false,q0,-12,0.999994,79,BLUE,1,-0.152824,0.171179,36764
16745,false,q0,-12,0.999994,79,BLUE,1,-0.152824,0.171179,36764
16857,false,q0,-12,0.999994,79,BLUE,1,-0.152824,0.171179,36764
16969,false,q0,-12,0.999994,79,BLUE,1,-0.152824,0.171179,36764
17081,false,q0,-12,0.999994,79,BLUE,1,-0.152824,0.171179,36764
17193,false,q0,-12,0.999994,79,BLUE,1,-0.152824,0.171179,36764
17305,false,q0,-12,0.999994,79,BLUE,1,-0.152824,0.171179,36764
17417,false,q0,-12,0.999994,79,BLUE,1,-0.152824,0.171179,36764
17529,false,q0,-12,0.999994,79,BLUE,1,-0.152824,0.171179,36764
17641,false,q0,-12,0.999994,79,BLUE,1,-0.152824,0.171179,36764
17753,false,q0,-12,0.999994,79,BLUE,1,-0.152824,0.171179,36764
17865,false,q0,-12,0.999994,79,BLUE,1,-0.152824,0.171179,36764
17977,false,q0,-12,0.999994,79,BLUE,1,-0.152824,0.171179,36764
18089,false,q0,-12,0.999994,79,BLUE,1,-0.152824,0.171179,36764
18201,false,q0,-12,0.999994,79,BLUE,1,-0.152824,0.171179,36764
18313,false,q0,-12,0.999994,79,BLUE,1,-0.152824,0.171179,36764
18425,false,q0,-12,0.999994,79,BLUE,1,-0.152824,0.171179,36764
18537,false,q0,-12,0.999994,79,BLUE,1,-0.152824,0.171179,36764
18649,false,q0,-12,0.999994,79,BLUE,1,-0.152824,0.171179,36764
18761,false,q0,-12,0.999994,79,BLUE,1,-0.152824,0.171179,36764
18873,false,q0,-12,0.999994,79,BLUE,1,-0.152824,0.171179,36764
18985,false,q0,-12,0.999994,79,BLUE,1,-0.152824,0.171179,36764
19097,false,q0,-12,0.999994,79,BLUE,1,-0.152824,0.171179,36764
19209,false,q0,-12,0.999994,79,BLUE,1,-0.152824,0.171179,36764
19364,false,q0,-12,0.999994,79,BLUE,43,-0.152824,0.171179,36764
19476,false,q0,-12,0.999994,79,BLUE,1,-0.152824,0.171179,36764
19588,false,q0,-12,0.999994,79,BLUE,1,-0.152824,0.171179,36764
19700,false,q0,-12,0.999994,79,BLUE,1,-0.152824,0.171179,36764
19812,false,q0,-12,0.999994,79,BLUE,1,-0.152824,0.171179,36764
19924,false,q0,-12,0.999994,79,BLUE,1,-0.152824,0.171179,36764
20036,false,q0,-12,0.999994,79,BLUE,1,-0.152824,0.171179,36764
20148,false,q0,-12,0.999994,79,BLUE,1,-0.152824,0.171179,36764
20260,false,q0,-12,0.999994,79,BLUE,1,-0.152824,0.171179,36764
20372,false,q0,-12,0.999994,79,BLUE,1,-0.152824,0.171179,36764
20484,false,q0,-12,0.999994,79,BLUE,1,-0.152824,0.171179,36764
20596,false,q0,-12,0.999994,79,BLUE,1,-0.152824,0.171179,36764
20708,false,q0,-12,0.999994,79,BLUE,1,-0.152824,0.171179,36764
20820,false,q0,-12,0.999994,79,BLUE,1,-0.152824,0.171179,36764
20932,false,q0,-12,0.999994,79,BLUE,1,-0.152824,0.171179,36764
21044,false,q0,-12,0.999994,79,BLUE,1,-0.152824,0.171179,36764
21156,false,q0,-12,0.999994,79,BLUE,1,-0.152824,0.171179,36764
21268,false,q0,-12,0.999994,79,BLUE,1,-0.152824,0.171179,36764
21380,false,q0,-12,0.999994,79,BLUE,1,-0.152824,0.171179,36764
21492,false,q0,-12,0.999994,79,BLUE,1,-0.152824,0.171179,36764
21604,false,q0,-12,0.999994,79,BLUE,1,-0.152824,0.171179,36764
21716,false,q0,-12,0.999994,79,BLUE,1,-0.152824,0.171179,36764
21828,false,q0,-12,0.999994,79,BLUE,1,-0.152824,0.171179,36764
21940,false,q0,-12,0.999994,79,BLUE,1,-0.152824,0.171179,36764
22052,false,q0,-12,0.999994,79,BLUE,1,-0.152824,0.171179,36764
22164,false,q0,-12,0.999994,79,BLUE,1,-0.152824,0.171179,36764
22276,false,q0,-12,0.999994,79,BLUE,1,-0.152824,0.171179,36764
22388,false,q0,-12,0.999994,79,BLUE,1,-0.152824,0.171179,36764
22500,false,q0,-12,0.999994,79,BLUE,1,-0.152824,0.171179,36764
22612,false,q0,-12,0.999994,79,BLUE,1,-0.152824,0.171179,36764
22724,false,q0,-12,0.999994,79,BLUE,1,-0.152824,0.171179,36764
22836,false,q0,-12,0.999994,79,BLUE,1,-0.152824,0.171179,36764
22948,false,q0,-12,0.999994,79,BLUE,1,-0.152824,0.171179,36764
23060,false,q0,-12,0.999994,79,BLUE,1,-0.152824,0.171179,36764
23172,false,q0,-12,0.999994,79,BLUE,1,-0.152824,0.171179,36764
23284,false,q0,-12,0.999994,79,BLUE,1,-0.152824,0.171179,36764
23396,false,q0,-12,0.999994,79,BLUE,1,-0.152824,0.171179,36764
23508,false,q0,-12,0.999994,79,BLUE,1,-0.152824,0.171179,36764
23620,false,q0,-12,0.999994,79,BLUE,1,-0.152824,0.171179,36764
23732,false,q0,-12,0.999994,79,BLUE,1,-0.152824,0.171179,36764
23844,false,q0,-12,0.999994,79,BLUE,1,-0.152824,0.171179,36764
23956,false,q0,-12,0.999994,79,BLUE,1,-0.152824,0.171179,36764
24068,false,q0,-12,0.999994,79,BLUE,1,-0.152824,0.171179,36764
24180,false,q0,-12,0.999994,79,BLUE,1,-0.152824,0.171179,36764
24292,false,q0,-12,0.999994,79,BLUE,1,-0.152824,0.171179,36764
24404,false,q0,-12,0.999994,79,BLUE,1,-0.152824,0.171179,36764
24516,false,q0,-12,0.999994,79,BLUE,1,-0.152824,0.171179,36764
24628,false,q0,-12,0.999994,79,BLUE,1,-0.152824,0.171179,36764
24740,false,q0,-12,0.999994,79,BLUE,1,-0.152824,0.171179,36764
24852,false,q0,-12,0.999994,79,BLUE,1,-0.152824,0.171179,36764
24964,false,q0,-12,0.999994,79,BLUE,1,-0.152824,0.171179,36764
25076,false,q0,-12,0.999994,79,BLUE,1,-0.152824,0.171179,36764
25188,false,q0,-12,0.999994,79,BLUE,1,-0.152824,0.171179,36764
25300,false,q0,-12,0.999994,79,BLUE,1,-0.152824,0.171179,36764
25412,false,q0,-12,0.999994,79,BLUE,1,-0.152824,0.171179,36764
25524,false,q0,-12,0.999994,79,BLUE,1,-0.152824,0.171179,36764
25636,false,q0,-12,0.999994,79,BLUE,1,-0.152824,0.171179,36764
25748,false,q0,-12,0.999994,79,BLUE,1,-0.152824,0.171179,36764
25860,false,q0,-12,0.999994,79,BLUE,1,-0.152824,0.171179,36764
25972,false,q0,-12,0.999994,79,BLUE,1,-0.152824,0.171179,36764
26084,false,q0,-12,0.999994,79,BLUE,1,-0.152824,0.171179,36764
26196,false,q0,-12,0.999994,79,BLUE,1,-0.152824,0.171179,36764
26308,false,q0,-12,0.999994,79,BLUE,1,-0.152824,0.171179,36764
26420,false,q0,-12,0.999994,79,BLUE,1,-0.152824,0.171179,36764
26532,false,q0,-12,0.999994,79,BLUE,1,-0.152824,0.171179,36764
26644,false,q0,-12,0.999994,79,BLUE,1,-0.152824,0.171179,36764
26756,false,q0,-12,0.999994,79,BLUE,1,-0.152824,0.171179,36764
26868,false,q0,-12,0.999994,79,BLUE,1,-0.152824,0.171179,36764
52,false,q0,0,0.5,600,BLUE,1,-0.152824,0.171179,39628
685,false,q0,-1,0.731059,597,BLUE,1,-0.152824,0.171179,39628
1315,false,q0,-2,0.880797,591,BLUE,1,-0.152824,0.171179,39628
1939,false,q0,-3,0.952574,576,BLUE,1,-0.152824,0.171179,39628
2548,false,q0,-4,0.982014,538,BLUE,1,-0.152824,0.171179,39628
3119,false,q0,-5,0.993307,460,BLUE,1,-0.152824,0.171179,39628
3655,false,q0,-6,0.997527,340,BLUE,43,-0.152824,0.171179,39628
4028,false,q0,-7,0.999089,219,BLUE,1,-0.152824,0.171179,39628
4280,false,q0,-8,0.999665,141,BLUE,1,-0.152824,0.171179,39628
4454,false,q0,-9,0.999877,104,BLUE,1,-0.152824,0.171179,39628
4591,false,q0,-10,0.999955,88,BLUE,1,-0.152824,0.171179,39628
4712,false,q0,-11,0.999983,82,BLUE,1,-0.152824,0.171179,39628
4827,false,q0,-12,0.999994,80,BLUE,1,-0.152824,0.171179,39628
4940,false,q0,-12,0.999994,79,BLUE,1,-0.152824,0.171179,39628
5052,false,q0,-12,0.999994,79,BLUE,1,-0.152824,0.171179,39628
5164,false,q0,-12,0.999994,79,BLUE,1,-0.152824,0.171179,39628
5276,false,q0,-12,0.999994,79,BLUE,1,-0.152824,0.171179,39628
5388,false,q0,-12,0.999994,79,BLUE,1,-0.152824,0.171179,39628
5500,false,q0,-12,0.999994,79,BLUE,1,-0.152824,0.171179,39628
5612,false,q0,-12,0.999994,79,BLUE,1,-0.152824,0.171179,39628
5724,false,q0,-12,0.999994,79,BLUE,1,-0.152824,0.171179,39628
5836,false,q0,-12,0.999994,79,BLUE,1,-0.152824,0.171179,39628
5948,false,q0,-12,0.999994,79,BLUE,1,-0.152824,0.171179,39628
6060,false,q0,-12,0.999994,79,BLUE,1,-0.152824,0.171179,39628
6172,false,q0,-12,0.999994,79,BLUE,1,-0.152824,0.171179,39628
6284,false,q0,-12,0.999994,79,BLUE,1,-0.152824,0.171179,39628
6396,false,q0,-12,0.999994,79,BLUE,1,-0.152824,0.171179,39628
6508,false,q0,-12,0.999994,79,BLUE,1,-0.152824,0.171179,39628
6620,false,q0,-12,0.999994,79,BLUE,1,-0.152824,0.171179,39628
6732,false,q0,-12,0.999994,79,BLUE,1,-0.152824,0.171179,39628
6844,false,q0,-12,0.999994,79,BLUE,1,-0.152824,0.171179,39628
6956,false,q0,-12,0.999994,79,BLUE,1,-0.152824,0.171179,39628
7068,false,q0,-12,0.999994,79,BLUE,1,-0.152824,0.171179,39628
7180,false,q0,-12,0.999994,79,BLUE,1,-0.152824,0.171179,39628
7292,false,q0,-12,0.999994,79,BLUE,1,-0.152824,0.171179,39628
7404,false,q0,-12,0.999994,79,BLUE,1,-0.152824,0.171179,39628
7516,false,q0,-12,0.999994,79,BLUE,1,-0.152824,0.171179,39628
7628,false,q0,-12,0.999994,79,BLUE,1,-0.152824,0.171179,39628
7740,false,q0,-12,0.999994,79,BLUE,1,-0.152824,0.171179,39628
7852,false,q0,-12,0.999994,79,BLUE,1,-0.152824,0.171179,39628
7964,false,q0,-12,0.999994,79,BLUE,1,-0.152824,0.171179,39628
8076,false,q0,-12,0.999994,79,BLUE,1,-0.152824,0.171179,39628
8188,false,q0,-12,0.999994,79,BLUE,1,-0.152824,0.171179,39628
8300,false,q0,-12,0.999994,79,BLUE,1,-0.152824,0.171179,39628
8412,false,q0,-12,0.999994,79,BLUE,1,-0.152824,0.171179,39628
8524,false,q0,-12,0.999994,79,BLUE,1,-0.152824,0.171179,39628
8636,false,q0,-12,0.999994,79,BLUE,1,-0.152824,0.171179,39628
8748,false,q0,-12,0.999994,79,BLUE,1,-0.152824,0.171179,39628
8860,false,q0,-12,0.999994,79,BLUE,1,-0.152824,0.171179,39628
8972,false,q0,-12,0.999994,79,BLUE,1,-0.152824,0.171179,39628
9084,false,q0,-12,0.999994,79,BLUE,1,-0.152824,0.171179,39628
9196,false,q0,-12,0.999994,79,BLUE,1,-0.152824,0.171179,39628
9308,false,q0,-12,0.999994,79,BLUE,1,-0.152824,0.171179,39628
9420,false,q0,-12,0.999994,79,BLUE,1,-0.152824,0.171179,39628
9532,false,q0,-12,0.999994,79,BLUE,1,-0.152824,0.171179,39628
9644,false,q0,-12,0.999994,79,BLUE,1,-0.152824,0.171179,39628
9756,false,q0,-12,0.999994,79,BLUE,1,-0.152824,0.171179,39628
9868,false,q0,-12,0.999994,79,BLUE,1,-0.152824,0.171179,39628
9980,false,q0,-12,0.999994,79,BLUE,1,-0.152824,0.171179,39628
10092,false,q0,-12,0.999994,79,BLUE,1,-0.152824,0.171179,39628
10204,false,q0,-12,0.999994,79,BLUE,1,-0.152824,0.171179,39628
10316,false,q0,-12,0.999994,79,BLUE,1,-0.152824,0.171179,39628
10428,false,q0,-12,0.999994,79,BLUE,1,-0.152824,0.171179,39628
10540,false,q0,-12,0.999994,79,BLUE,1,-0.152824,0.171179,39628
10652,false,q0,-12,0.999994,79,BLUE,1,-0.152824,0.171179,39628
10764,false,q0,-12,0.999994,79,BLUE,1,-0.152824,0.171179,39628
10876,false,q0,-12,0.999994,79,BLUE,1,-0.152824,0.171179,39628
10988,false,q0,-12,0.999994,79,BLUE,1,-0.152824,0.171179,39628
11100,false,q0,-12,0.999994,79,BLUE,1,-0.152824,0.171179,39628
11212,false,q0,-12,0.999994,79,BLUE,1,-0.152824,0.171179,39628
11324,false,q0,-12,0.999994,79,BLUE,1,-0.152824,0.171179,39628
11436,false,q0,-12,0.999994,79,BLUE,1,-0.152824,0.171179,39628
11548,false,q0,-12,0.999994,79,BLUE,1,-0.152824,0.171179,39628
11660,false,q0,-12,0.999994,79,BLUE,1,-0.152824,0.171179,39628
11815,false,q0,-12,0.999994,79,BLUE,43,-0.152824,0.171179,39628
11927,false,q0,-12,0.999994,79,BLUE,1,-0.152824,0.171179,39628
12039,false,q0,-12,0.999994,79,BLUE,1,-0.152824,0.171179,39628
12151,false,q0,-12,0.999994,79,BLUE,1,-0.152824,0.171179,39628
12263,false,q0,-12,0.999994,79,BLUE,1,-0.152824,0.171179,39628
12375,false,q0,-12,0.999994,79,BLUE,1,-0.152824,0.171179,39628
12487,false,q0,-12,0.999994,79,BLUE,1,-0.152824,0.171179,39628
12599,false,q0,-12,0.999994,79,BLUE,1,-0.152824,0.171179,39628
12711,false,q0,-12,0.999994,79,BLUE,1,-0.152824,0.171179,39628
12823,false,q0,-12,0.999994,79,BLUE,1,-0.152824,0.171179,39628
12935,false,q0,-12,0.999994,79,BLUE,1,-0.152824,0.171179,39628
13047,false,q0,-12,0.999994,79,BLUE,1,-0.152824,0.171179,39628
13159,false,q0,-12,0.999994,79,BLUE,1,-0.152824,0.171179,39628
13271,false,q0,-12,0.999994,79,BLUE,1,-0.152824,0.171179,39628
13383,false,q0,-12,0.999994,79,BLUE,1,-0.152824,0.171179,39628
13495,false,q0,-12,0.999994,79,BLUE,1,-0.152824,0.171179,39628
13607,false,q0,-12,0.999994,79,BLUE,1,-0.152824,0.171179,39628
13719,false,q0,-12,0.999994,79,BLUE,1,-0.152824,0.171179,39628
13831,false,q0,-12,0.999994,79,BLUE,1,-0.152824,0.171179,39628
13943,false,q0,-12,0.999994,79,BLUE,1,-0.152824,0.171179,39628
14055,false,q0,-12,0.999994,79,BLUE,1,-0.152824,0.171179,39628
14167,false,q0,-12,0.999994,79,BLUE,1,-0.152824,0.171179,39628
14279,false,q0,-12,0.999994,79,BLUE,1,-0.152824,0.171179,39628
14391,false,q0,-12,0.999994,79,BLUE,1,-0.152824,0.171179,39628
14503,false,q0,-12,0.999994,79,BLUE,1,-0.152824,0.171179,39628
14615,false,q0,-12,0.999994,79,BLUE,1,-0.152824,0.171179,39628
14727,false,q0,-12,0.999994,79,BLUE,1,-0.152824,0.171179,39628
14839,false,q0,-12,0.999994,79,BLUE,1,-0.152824,0.171179,39628
14951,false,q0,-12,0.999994,79,BLUE,1,-0.152824,0.171179,39628
15063,false,q0,-12,0.999994,79,BLUE,1,-0.152824,0.171179,39628
15175,false,q0,-12,0.999994,79,BLUE,1,-0.152824,0.171179,39628
15287,false,q0,-12,0.999994,79,BLUE,1,-0.152824,0.171179,39628
15399,false,q0,-12,0.999994,79,BLUE,1,-0.152824,0.171179,39628
15511,false,q0,-12,0.999994,79,BLUE,1,-0.152824,0.171179,39628
15623,false,q0,-12,0.999994,79,BLUE,1,-0.152824,0.171179,39628
15735,false,q0,-12,0.999994,79,BLUE,1,-0.152824,0.171179,39628
15847,false,q0,-12,0.999994,79,BLUE,1,-0.152824,0.171179,39628
15959,false,q0,-12,0.999994,79,BLUE,1,-0.152824,0.171179,39628
16071,false,q0,-12,0.999994,79,BLUE,1,-0.152824,0.171179,39628
16183,false,q0,-12,0.999994,79,BLUE,1,-0.152824,0.171179,39628
16295,false,q0,-12,0.999994,79,BLUE,1,-0.152824,0.171179,39628
16407,false,q0,-12,0.999994,79,BLUE,1,-0.152824,0.171179,39628
16519,false,q0,-12,0.999994,79,BLUE,1,-0.152824,0.171179,39628
16631,false,q0,-12,0.999994,79,BLUE,1,-0.152824,0.171179,39628
16743,false,q0,-12,0.999994,79,BLUE,1,-0.152824,0.171179,39628
16855,false,q0,-12,0.999994,79,BLUE,1,-0.152824,0.171179,39628
16967,false,q0,-12,0.999994,79,BLUE,1,-0.152824,0.171179,39628
17079,false,q0,-12,0.999994,79,BLUE,1,-0.152824,0.171179,39628
17191,false,q0,-12,0.999994,79,BLUE,1,-0.152824,0.171179,39628
17303,false,q0,-12,0.999994,79,BLUE,1,-0.152824,0.171179,39628
17415,false,q0,-12,0.999994,79,BLUE,1,-0.152824,0.171179,39628
17527,false,q0,-12,0.999994,79,BLUE,1,-0.152824,0.171179,39628
17639,false,q0,-12,0.999994,79,BLUE,1,-0.152824,0.171179,39628
17751,false,q0,-12,0.999994,79,BLUE,1,-0.152824,0.171179,39628
17863,false,q0,-12,0.999994,79,BLUE,1,-0.152824,0.171179,39628
17975,false,q0,-12,0.999994,79,BLUE,1,-0.152824,0.171179,39628
18087,false,q0,-12,0.999994,79,BLUE,1,-0.152824,0.171179,39628
18199,false,q0,-12,0.999994,79,BLUE,1,-0.152824,0.171179,39628
18311,false,q0,-12,0.999994,79,BLUE,1,-0.152824,0.171179,39628
18423,false,q0,-12,0.999994,79,BLUE,1,-0.152824,0.171179,39628
18535,false,q0,-12,0.999994,79,BLUE,1,-0.152824,0.171179,39628
18647,false,q0,-12,0.999994,79,BLUE,1,-0.152824,0.171179,39628
18759,false,q0,-12,0.999994,79,BLUE,1,-0.152824,0.171179,39628
18871,false,q0,-12,0.999994,79,BLUE,1,-0.152824,0.171179,39628
18983,false,q0,-12,0.999994,79,BLUE,1,-0.152824,0.171179,39628
19095,false,q0,-12,0.999994,79,BLUE,1,-0.152824,0.171179,39628
19207,false,q0,-12,0.999994,79,BLUE,1,-0.152824,0.171179,39628
19319,false,q0,-12,0.999994,79,BLUE,1,-0.152824,0.171179,39628
19474,false,q0,-12,0.999994,79,BLUE,43,-0.152824,0.171179,39628
19586,false,q0,-12,0.999994,79,BLUE,1,-0.152824,0.171179,39628
19698,false,q0,-12,0.999994,79,BLUE,1,-0.152824,0.171179,39628
19810,false,q0,-12,0.999994,79,BLUE,1,-0.152824,0.171179,39628
19922,false,q0,-12,0.999994,79,BLUE,1,-0.152824,0.171179,39628
20034,false,q0,-12,0.999994,79,BLUE,1,-0.152824,0.171179,39628
20146,false,q0,-12,0.999994,79,BLUE,1,-0.152824,0.171179,39628
20258,false,q0,-12,0.999994,79,BLUE,1,-0.152824,0.171179,39628
20370,false,q0,-12,0.999994,79,BLUE,1,-0.152824,0.171179,39628
20482,false,q0,-12,0.999994,79,BLUE,1,-0.152824,0.171179,39628
20594,false,q0,-12,0.999994,79,BLUE,1,-0.152824,0.171179,39628
20706,false,q0,-12,0.999994,79,BLUE,1,-0.152824,0.171179,39628
20818,false,q0,-12,0.999994,79,BLUE,1,-0.152824,0.171179,39628
20930,false,q0,-12,0.999994,79,BLUE,1,-0.152824,0.171179,39628
21042,false,q0,-12,0.999994,79,BLUE,1,-0.152824,0.171179,39628
21154,false,q0,-12,0.999994,79,BLUE,1,-0.152824,0.171179,39628
21266,false,q0,-12,0.999994,79,BLUE,1,-0.152824,0.171179,39628
21378,false,q0,-12,0.999994,79,BLUE,1,-0.152824,0.171179,39628
21490,false,q0,-12,0.999994,79,BLUE,1,-0.152824,0.171179,39628
21602,false,q0,-12,0.999994,79,BLUE,1,-0.152824,0.171179,39628
21714,false,q0,-12,0.999994,79,BLUE,1,-0.152824,0.171179,39628
21826,false,q0,-12,0.999994,79,BLUE,1,-0.152824,0.171179,39628
21938,false,q0,-12,0.999994,79,BLUE,1,-0.152824,0.171179,39628
22050,false,q0,-12,0.999994,79,BLUE,1,-0.152824,0.171179,39628
22162,false,q0,-12,0.999994,79,BLUE,1,-0.152824,0.171179,39628
22274,false,q0,-12,0.999994,79,BLUE,1,-0.152824,0.171179,39628
22386,false,q0,-12,0.999994,79,BLUE,1,-0.152824,0.171179,39628
22498,false,q0,-12,0.999994,79,BLUE,1,-0.152824,0.171179,39628
22610,false,q0,-12,0.999994,79,BLUE,1,-0.152824,0.171179,39628
22722,false,q0,-12,0.999994,79,BLUE,1,-0.152824,0.171179,39628
22834,false,q0,-12,0.999994,79,BLUE,1,-0.152824,0.171179,39628
22946,false,q0,-12,0.999994,79,BLUE,1,-0.152824,0.171179,39628
23058,false,q0,-12,0.999994,79,BLUE,1,-0.152824,0.171179,39628
23170,false,q0,-12,0.999994,79,BLUE,1,-0.152824,0.171179,39628
23282,false,q0,-12,0.999994,79,BLUE,1,-0.152824,0.171179,39628
23394,false,q0,-12,0.999994,79,BLUE,1,-0.152824,0.171179,39628
23506,false,q0,-12,0.999994,79,BLUE,1,-0.152824,0.171179,39628
23618,false,q0,-12,0.999994,79,BLUE,1,-0.152824,0.171179,39628
23730,false,q0,-12,0.999994,79,BLUE,1,-0.152824,0.171179,39628
23842,false,q0,-12,0.999994,79,BLUE,1,-0.152824,0.171179,39628
23954,false,q0,-12,0.999994,79,BLUE,1,-0.152824,0.171179,39628
24066,false,q0,-12,0.999994,79,BLUE,1,-0.152824,0.171179,39628
24178,false,q0,-12,0.999994,79,BLUE,1,-0.152824,0.171179,39628
24290,false,q0,-12,0.999994,79,BLUE,1,-0.152824,0.171179,39628
24402,false,q0,-12,0.999994,79,BLUE,1,-0.152824,0.171179,39628
24514,false,q0,-12,0.999994,79,BLUE,1,-0.152824,0.171179,39628
24626,false,q0,-12,0.999994,79,BLUE,1,-0.152824,0.171179,39628
24738,false,q0,-12,0.999994,79,BLUE,1,-0.152824,0.171179,39628
24850,false,q0,-12,0.999994,79,BLUE,1,-0.152824,0.171179,39628
24962,false,q0,-12,0.999994,79,BLUE,1,-0.152824,0.171179,39628
25074,false,q0,-12,0.999994,79,BLUE,1,-0.152824,0.171179,39628
25186,false,q0,-12,0.999994,79,BLUE,1,-0.152824,0.171179,39628
25298,false,q0,-12,0.999994,79,BLUE,1,-0.152824,0.171179,39628
25410,false,q0,-12,0.999994,79,BLUE,1,-0.152824,0.171179,39628
25522,false,q0,-12,0.999994,79,BLUE,1,-0.152824,0.171179,39628
25634,false,q0,-12,0.999994,79,BLUE,1,-0.152824,0.171179,39628
25746,false,q0,-12,0.999994,79,BLUE,1,-0.152824,0.171179,39628
25858,false,q0,-12,0.999994,79,BLUE,1,-0.152824,0.171179,39628
25970,false,q0,-12,0.999994,79,BLUE,1,-0.152824,0.171179,39628
26082,false,q0,-12,0.999994,79,BLUE,1,-0.152824,0.171179,39628
26194,false,q0,-12,0.999994,79,BLUE,1,-0.152824,0.171179,39628
26306,false,q0,-12,0.999994,79,BLUE,1,-0.152824,0.171179,39628
26418,false,q0,-12,0.999994,79,BLUE,1,-0.152824,0.171179,39628
26530,false,q0,-12,0.999994,79,BLUE,1,-0.152824,0.171179,39628
26642,false,q0,-12,0.999994,79,BLUE,1,-0.152824,0.171179,39628
26754,false,q0,-12,0.999994,79,BLUE,1,-0.152824,0.171179,39628
26866,false,q0,-12,0.999994,79,BLUE,1,-0.152824,0.171179,39628
26978,false,q0,-12,0.999994,79,BLUE,1,-0.152824,0.171179,39628
54,false,q0,0,0.5,600,BLUE,2,-0.152824,0.171179,10043
687,false,q0,-1,0.731059,597,BLUE,1,-0.152824,0.171179,10043
1317,false,q0,-2,0.880797,591,BLUE,1,-0.152824,0.171179,10043
1943,false,q0,-3,0.952574,576,BLUE,2,-0.152824,0.171179,10043
2595,false,q0,-4,0.982014,538,BLUE,43,-0.152824,0.171179,10043
3166,false,q0,-5,0.993307,460,BLUE,1,-0.152824,0.171179,10043
3659,false,q0,-6,0.997527,340,BLUE,1,-0.152824,0.171179,10043
4032,false,q0,-7,0.999089,219,BLUE,1,-0.152824,0.171179,10043
4284,false,q0,-8,0.999665,141,BLUE,1,-0.152824,0.171179,10043
4458,false,q0,-9,0.999877,104,BLUE,1,-0.152824,0.171179,10043
4595,false,q0,-10,0.999955,88,BLUE,1,-0.152824,0.171179,10043
4716,false,q0,-11,0.999983,82,BLUE,1,-0.152824,0.171179,10043
4831,false,q0,-12,0.999994,80,BLUE,1,-0.152824,0.171179,10043
4944,false,q0,-12,0.999994,79,BLUE,1,-0.152824,0.171179,10043
5056,false,q0,-12,0.999994,79,BLUE,1,-0.152824,0.171179,10043
5168,false,q0,-12,0.999994,79,BLUE,1,-0.152824,0.171179,10043
5280,false,q0,-12,0.999994,79,BLUE,1,-0.152824,0.171179,10043
5392,false,q0,-12,0.999994,79,BLUE,1,-0.152824,0.171179,10043
5504,false,q0,-12,0.999994,79,BLUE,1,-0.152824,0.171179,10043
5616,false,q0,-12,0.999994,79,BLUE,1,-0.152824,0.171179,10043
5728,false,q0,-12,0.999994,79,BLUE,1,-0.152824,0.171179,10043
5840,false,q0,-12,0.999994,79,BLUE,1,-0.152824,0.171179,10043
5952,false,q0,-12,0.999994,79,BLUE,1,-0.152824,0.171179,10043
6064,false,q0,-12,0.999994,79,BLUE,1,-0.152824,0.171179,10043
6176,false,q0,-12,0.999994,79,BLUE,1,-0.152824,0.171179,10043
6288,false,q0,-12,0.999994,79,BLUE,1,-0.152824,0.171179,10043
6400,false,q0,-12,0.999994,79,BLUE,1,-0.152824,0.171179,10043
6512,false,q0,-12,0.999994,79,BLUE,1,-0.152824,0.171179,10043
6624,false,q0,-12,0.999994,79,BLUE,1,-0.152824,0.171179,10043
6736,false,q0,-12,0.999994,79,BLUE,1,-0.152824,0.171179,10043
6848,false,q0,-12,0.999994,79,BLUE,1,-0.152824,0.171179,10043
6960,false,q0,-12,0.999994,79,BLUE,1,-0.152824,0.171179,10043
7072,false,q0,-12,0.999994,79,BLUE,1,-0.152824,0.171179,10043
7184,false,q0,-12,0.999994,79,BLUE,1,-0.152824,0.171179,10043
7296,false,q0,-12,0.999994,79,BLUE,1,-0.152824,0.171179,10043
7408,false,q0,-12,0.999994,79,BLUE,1,-0.152824,0.171179,10043
7520,false,q0,-12,0.999994,79,BLUE,1,-0.152824,0.171179,10043
7632,false,q0,-12,0.999994,79,BLUE,1,-0.152824,0.171179,10043
7744,false,q0,-12,0.999994,79,BLUE,1,-0.152824,0.171179,10043
7856,false,q0,-12,0.999994,79,BLUE,1,-0.152824,0.171179,10043
7968,false,q0,-12,0.999994,79,BLUE,1,-0.152824,0.171179,10043
8080,false,q0,-12,0.999994,79,BLUE,1,-0.152824,0.171179,10043
8192,false,q0,-12,0.999994,79,BLUE,1,-0.152824,0.171179,10043
8304,false,q0,-12,0.999994,79,BLUE,1,-0.152824,0.171179,10043
8416,false,q0,-12,0.999994,79,BLUE,1,-0.152824,0.171179,10043
8528,false,q0,-12,0.999994,79,BLUE,1,-0.152824,0.171179,10043
8640,false,q0,-12,0.999994,79,BLUE,1,-0.152824,0.171179,10043
8752,false,q0,-12,0.999994,79,BLUE,1,-0.152824,0.171179,10043
8864,false,q0,-12,0.999994,79,BLUE,1,-0.152824,0.171179,10043
8976,false,q0,-12,0.999994,79,BLUE,1,-0.152824,0.171179,10043
9088,false,q0,-12,0.999994,79,BLUE,1,-0.152824,0.171179,10043
9200,false,q0,-12,0.999994,79,BLUE,1,-0.152824,0.171179,10043
9312,false,q0,-12,0.999994,79,BLUE,1,-0.152824,0.171179,10043
9424,false,q0,-12,0.999994,79,BLUE,1,-0.152824,0.171179,10043
9536,false,q0,-12,0.999994,79,BLUE,1,-0.152824,0.171179,10043
9648,false,q0,-12,0.999994,79,BLUE,1,-0.152824,0.171179,10043
9760,false,q0,-12,0.999994,79,BLUE,1,-0.152824,0.171179,10043
9872,false,q0,-12,0.999994,79,BLUE,1,-0.152824,0.171179,10043
9984,false,q0,-12,0.999994,79,BLUE,1,-0.152824,0.171179,10043
10096,false,q0,-12,0.999994,79,BLUE,1,-0.152824,0.171179,10043
10208,false,q0,-12,0.999994,79,BLUE,1,-0.152824,0.171179,10043
10320,false,q0,-12,0.999994,79,BLUE,1,-0.152824,0.171179,10043
10432,false,q0,-12,0.999994,79,BLUE,1,-0.152824,0.171179,10043
10544,false,q0,-12,0.999994,79,BLUE,1,-0.152824,0.171179,10043
10656,false,q0,-12,0.999994,79,BLUE,1,-0.152824,0.171179,10043
10768,false,q0,-12,0.999994,79,BLUE,1,-0.152824,0.171179,10043
10880,false,q0,-12,0.999994,79,BLUE,1,-0.152824,0.171179,10043
10992,false,q0,-12,0.999994,79,BLUE,1,-0.152824,0.171179,10043
11104,false,q0,-12,0.999994,79,BLUE,1,-0.152824,0.171179,10043
11216,false,q0,-12,0.999994,79,BLUE,1,-0.152824,0.171179,10043
11328,false,q0,-12,0.999994,79,BLUE,1,-0.152824,0.171179,10043
11440,false,q0,-12,0.999994,79,BLUE,1,-0.152824,0.171179,10043
11595,false,q0,-12,0.999994,79,BLUE,43,-0.152824,0.171179,10043
11707,false,q0,-12,0.999994,79,BLUE,1,-0.152824,0.171179,10043
11819,false,q0,-12,0.999994,79,BLUE,1,-0.152824,0.171179,10043
11931,false,q0,-12,0.999994,79,BLUE,1,-0.152824,0.171179,10043
12043,false,q0,-12,0.999994,79,BLUE,1,-0.152824,0.171179,10043
12155,false,q0,-12,0.999994,79,BLUE,1,-0.152824,0.171179,10043
12267,false,q0,-12,0.999994,79,BLUE,1,-0.152824,0.171179,10043
12379,false,q0,-12,0.999994,79,BLUE,1,-0.152824,0.171179,10043
12491,false,q0,-12,0.999994,79,BLUE,1,-0.152824,0.171179,10043
12603,false,q0,-12,0.999994,79,BLUE,1,-0.152824,0.171179,10043
12715,false,q0,-12,0.999994,79,BLUE,1,-0.152824,0.171179,10043
12827,false,q0,-12,0.999994,79,BLUE,1,-0.152824,0.171179,10043
12939,false,q0,-12,0.999994,79,BLUE,1,-0.152824,0.171179,10043
13051,false,q0,-12,0.999994,79,BLUE,1,-0.152824,0.171179,10043
13163,false,q0,-12,0.999994,79,BLUE,1,-0.152824,0.171179,10043
13275,false,q0,-12,0.999994,79,BLUE,1,-0.152824,0.171179,10043
13387,false,q0,-12,0.999994,79,BLUE,1,-0.152824,0.171179,10043
13499,false,q0,-12,0.999994,79,BLUE,1,-0.152824,0.171179,10043
13611,false,q0,-12,0.999994,79,BLUE,1,-0.152824,0.171179,10043
13723,false,q0,-12,0.999994,79,BLUE,1,-0.152824,0.171179,10043
13835,false,q0,-12,0.999994,79,BLUE,1,-0.152824,0.171179,10043
13947,false,q0,-12,0.999994,79,BLUE,1,-0.152824,0.171179,10043
14059,false,q0,-12,0.999994,79,BLUE,1,-0.152824,0.171179,10043
14171,false,q0,-12,0.999994,79,BLUE,1,-0.152824,0.171179,10043
14283,false,q0,-12,0.999994,79,BLUE,1,-0.152824,0.171179,10043
14395,false,q0,-12,0.999994,79,BLUE,1,-0.152824,0.171179,10043
14507,false,q0,-12,0.999994,79,BLUE,1,-0.152824,0.171179,10043
14619,false,q0,-12,0.999994,79,BLUE,1,-0.152824,0.171179,10043
14731,false,q0,-12,0.999994,79,BLUE,1,-0.152824,0.171179,10043
14843,false,q0,-12,0.999994,79,BLUE,1,-0.152824,0.171179,10043
14955,false,q0,-12,0.999994,79,BLUE,1,-0.152824,0.171179,10043
15067,false,q0,-12,0.999994,79,BLUE,1,-0.152824,0.171179,10043
15179,false,q0,-12,0.999994,79,BLUE,1,-0.152824,0.171179,10043
15291,false,q0,-12,0.999994,79,BLUE,1,-0.152824,0.171179,10043
15403,false,q0,-12,0.999994,79,BLUE,1,-0.152824,0.171179,10043
15515,false,q0,-12,0.999994,79,BLUE,1,-0.152824,0.171179,10043
15627,false,q0,-12,0.999994,79,BLUE,1,-0.152824,0.171179,10043
15739,false,q0,-12,0.999994,79,BLUE,1,-0.152824,0.171179,10043
15851,false,q0,-12,0.999994,79,BLUE,1,-0.152824,0.171179,10043
15963,false,q0,-12,0.999994,79,BLUE,1,-0.152824,0.171179,10043
16075,false,q0,-12,0.999994,79,BLUE,1,-0.152824,0.171179,10043
16187,false,q0,-12,0.999994,79,BLUE,1,-0.152824,0.171179,10043
16299,false,q0,-12,0.999994,79,BLUE,1,-0.152824,0.171179,10043
16411,false,q0,-12,0.999994,79,BLUE,1,-0.152824,0.171179,10043
16523,false,q0,-12,0.999994,79,BLUE,1,-0.152824,0.171179,10043
16635,false,q0,-12,0.999994,79,BLUE,1,-0.152824,0.171179,10043
16747,false,q0,-12,0.999994,79,BLUE,1,-0.152824,0.171179,10043
16859,false,q0,-12,0.999994,79,BLUE,1,-0.152824,0.171179,10043
16971,false,q0,-12,0.999994,79,BLUE,1,-0.152824,0.171179,10043
17083,false,q0,-12,0.999994,79,BLUE,1,-0.152824,0.171179,10043
17195,false,q0,-12,0.999994,79,BLUE,1,-0.152824,0.171179,10043
17307,false,q0,-12,0.999994,79,BLUE,1,-0.152824,0.171179,10043
17419,false,q0,-12,0.999994,79,BLUE,1,-0.152824,0.171179,10043
17531,false,q0,-12,0.999994,79,BLUE,1,-0.152824,0.171179,10043
17643,false,q0,-12,0.999994,79,BLUE,1,-0.152824,0.171179,10043
17755,false,q0,-12,0.999994,79,BLUE,1,-0.152824,0.171179,10043
17867,false,q0,-12,0.999994,79,BLUE,1,-0.152824,0.171179,10043
17979,false,q0,-12,0.999994,79,BLUE,1,-0.152824,0.171179,10043
18091,false,q0,-12,0.999994,79,BLUE,1,-0.152824,0.171179,10043
18203,false,q0,-12,0.999994,79,BLUE,1,-0.152824,0.171179,10043
18315,false,q0,-12,0.999994,79,BLUE,1,-0.152824,0.171179,10043
18427,false,q0,-12,0.999994,79,BLUE,1,-0.152824,0.171179,10043
18539,false,q0,-12,0.999994,79,BLUE,1,-0.152824,0.171179,10043
18651,false,q0,-12,0.999994,79,BLUE,1,-0.152824,0.171179,10043
18763,false,q0,-12,0.999994,79,BLUE,1,-0.152824,0.171179,10043
18875,false,q0,-12,0.999994,79,BLUE,1,-0.152824,0.171179,10043
18987,false,q0,-12,0.999994,79,BLUE,1,-0.152824,0.171179,10043
19099,false,q0,-12,0.999994,79,BLUE,1,-0.152824,0.171179,10043
19254,false,q0,-12,0.999994,79,BLUE,43,-0.152824,0.171179,10043
19366,false,q0,-12,0.999994,79,BLUE,1,-0.152824,0.171179,10043
19478,false,q0,-12,0.999994,79,BLUE,1,-0.152824,0.171179,10043
19590,false,q0,-12,0.999994,79,BLUE,1,-0.152824,0.171179,10043
19702,false,q0,-12,0.999994,79,BLUE,1,-0.152824,0.171179,10043
19814,false,q0,-12,0.999994,79,BLUE,1,-0.152824,0.171179,10043
19926,false,q0,-12,0.999994,79,BLUE,1,-0.152824,0.171179,10043
20038,false,q0,-12,0.999994,79,BLUE,1,-0.152824,0.171179,10043
20150,false,q0,-12,0.999994,79,BLUE,1,-0.152824,0.171179,10043
20262,false,q0,-12,0.999994,79,BLUE,1,-0.152824,0.171179,10043
20374,false,q0,-12,0.999994,79,BLUE,1,-0.152824,0.171179,10043
20486,false,q0,-12,0.999994,79,BLUE,1,-0.152824,0.171179,10043
20598,false,q0,-12,0.999994,79,BLUE,1,-0.152824,0.171179,10043
20710,false,q0,-12,0.999994,79,BLUE,1,-0.152824,0.171179,10043
20822,false,q0,-12,0.999994,79,BLUE,1,-0.152824,0.171179,10043
20934,false,q0,-12,0.999994,79,BLUE,1,-0.152824,0.171179,10043
21046,false,q0,-12,0.999994,79,BLUE,1,-0.152824,0.171179,10043
21158,false,q0,-12,0.999994,79,BLUE,1,-0.152824,0.171179,10043
21270,false,q0,-12,0.999994,79,BLUE,1,-0.152824,0.171179,10043
21382,false,q0,-12,0.999994,79,BLUE,1,-0.152824,0.171179,10043
21494,false,q0,-12,0.999994,79,BLUE,1,-0.152824,0.171179,10043
21606,false,q0,-12,0.999994,79,BLUE,1,-0.152824,0.171179,10043
21718,false,q0,-12,0.999994,79,BLUE,1,-0.152824,0.171179,10043
21830,false,q0,-12,0.999994,79,BLUE,1,-0.152824,0.171179,10043
21942,false,q0,-12,0.999994,79,BLUE,1,-0.152824,0.171179,10043
22054,false,q0,-12,0.999994,79,BLUE,1,-0.152824,0.171179,10043
22166,false,q0,-12,0.999994,79,BLUE,1,-0.152824,0.171179,10043
22278,false,q0,-12,0.999994,79,BLUE,1,-0.152824,0.171179,10043
22390,false,q0,-12,0.999994,79,BLUE,1,-0.152824,0.171179,10043
22502,false,q0,-12,0.999994,79,BLUE,1,-0.152824,0.171179,10043
22614,false,q0,-12,0.999994,79,BLUE,1,-0.152824,0.171179,10043
22726,false,q0,-12,0.999994,79,BLUE,1,-0.152824,0.171179,10043
22838,false,q0,-12,0.999994,79,BLUE,1,-0.152824,0.171179,10043
22950,false,q0,-12,0.999994,79,BLUE,1,-0.152824,0.171179,10043
23062,false,q0,-12,0.999994,79,BLUE,1,-0.152824,0.171179,10043
23174,false,q0,-12,0.999994,79,BLUE,1,-0.152824,0.171179,10043
23286,false,q0,-12,0.999994,79,BLUE,1,-0.152824,0.171179,10043
23398,false,q0,-12,0.999994,79,BLUE,1,-0.152824,0.171179,10043
23510,false,q0,-12,0.999994,79,BLUE,1,-0.152824,0.171179,10043
23622,false,q0,-12,0.999994,79,BLUE,1,-0.152824,0.171179,10043
23734,false,q0,-12,0.999994,79,BLUE,1,-0.152824,0.171179,10043
23846,false,q0,-12,0.999994,79,BLUE,1,-0.152824,0.171179,10043
23958,false,q0,-12,0.999994,79,BLUE,1,-0.152824,0.171179,10043
24070,false,q0,-12,0.999994,79,BLUE,1,-0.152824,0.171179,10043
24182,false,q0,-12,0.999994,79,BLUE,1,-0.152824,0.171179,10043
24294,false,q0,-12,0.999994,79,BLUE,1,-0.152824,0.171179,10043
24406,false,q0,-12,0.999994,79,BLUE,1,-0.152824,0.171179,10043
24518,false,q0,-12,0.999994,79,BLUE,1,-0.152824,0.171179,10043
24630,false,q0,-12,0.999994,79,BLUE,1,-0.152824,0.171179,10043
24742,false,q0,-12,0.999994,79,BLUE,1,-0.152824,0.171179,10043
24854,false,q0,-12,0.999994,79,BLUE,1,-0.152824,0.171179,10043
24966,false,q0,-12,0.999994,79,BLUE,1,-0.152824,0.171179,10043
25078,false,q0,-12,0.999994,79,BLUE,1,-0.152824,0.171179,10043
25190,false,q0,-12,0.999994,79,BLUE,1,-0.152824,0.171179,10043
25302,false,q0,-12,0.999994,79,BLUE,1,-0.152824,0.171179,10043
25414,false,q0,-12,0.999994,79,BLUE,1,-0.152824,0.171179,10043
25526,false,q0,-12,0.999994,79,BLUE,1,-0.152824,0.171179,10043
25638,false,q0,-12,0.999994,79,BLUE,1,-0.152824,0.171179,10043
25750,false,q0,-12,0.999994,79,BLUE,1,-0.152824,0.171179,10043
25862,false,q0,-12,0.999994,79,BLUE,1,-0.152824,0.171179,10043
25974,false,q0,-12,0.999994,79,BLUE,1,-0.152824,0.171179,10043
26086,false,q0,-12,0.999994,79,BLUE,1,-0.152824,0.171179,10043
26198,false,q0,-12,0.999994,79,BLUE,1,-0.152824,0.171179,10043
26310,false,q0,-12,0.999994,79,BLUE,1,-0.152824,0.171179,10043
26422,false,q0,-12,0.999994,79,BLUE,1,-0.152824,0.171179,10043
26534,false,q0,-12,0.999994,79,BLUE,1,-0.152824,0.171179,10043
26646,false,q0,-12,0.999994,79,BLUE,1,-0.152824,0.171179,10043
26758,false,q0,-12,0.999994,79,BLUE,1,-0.152824,0.171179,10043
54,false,q0,0,0.5,600,BLUE,2,-0.152824,0.171179,11282
687,false,q0,-1,0.731059,597,BLUE,1,-0.152824,0.171179,11282
1317,false,q0,-2,0.880797,591,BLUE,1,-0.152824,0.171179,11282
1941,false,q0,-3,0.952574,576,BLUE,1,-0.152824,0.171179,11282
2550,false,q0,-4,0.982014,538,BLUE,1,-0.152824,0.171179,11282
3164,false,q0,-5,0.993307,460,BLUE,43,-0.152824,0.171179,11282
3657,false,q0,-6,0.997527,340,BLUE,1,-0.152824,0.171179,11282
4030,false,q0,-7,0.999089,219,BLUE,1,-0.152824,0.171179,11282
4282,false,q0,-8,0.999665,141,BLUE,1,-0.152824,0.171179,11282
4456,false,q0,-9,0.999877,104,BLUE,1,-0.152824,0.171179,11282
4593,false,q0,-10,0.999955,88,BLUE,1,-0.152824,0.171179,11282
4714,false,q0,-11,0.999983,82,BLUE,1,-0.152824,0.171179,11282
4829,false,q0,-12,0.999994,80,BLUE,1,-0.152824,0.171179,11282
4942,false,q0,-12,0.999994,79,BLUE,1,-0.152824,0.171179,11282
5054,false,q0,-12,0.999994,79,BLUE,1,-0.152824,0.171179,11282
5166,false,q0,-12,0.999994,79,BLUE,1,-0.152824,0.171179,11282
5278,false,q0,-12,0.999994,79,BLUE,1,-0.152824,0.171179,11282
5390,false,q0,-12,0.999994,79,BLUE,1,-0.152824,0.171179,11282
5502,false,q0,-12,0.999994,79,BLUE,1,-0.152824,0.171179,11282
5614,false,q0,-12,0.999994,79,BLUE,1,-0.152824,0.171179,11282
5726,false,q0,-12,0.999994,79,BLUE,1,-0.152824,0.171179,11282
5838,false,q0,-12,0.999994,79,BLUE,1,-0.152824,0.171179,11282
5950,false,q0,-12,0.999994,79,BLUE,1,-0.152824,0.171179,11282
6062,false,q0,-12,0.999994,79,BLUE,1,-0.152824,0.171179,11282
6174,false,q0,-12,0.999994,79,BLUE,1,-0.152824,0.171179,11282
6286,false,q0,-12,0.999994,79,BLUE,1,-0.152824,0.171179,11282
6398,false,q0,-12,0.999994,79,BLUE,1,-0.152824,0.171179,11282
6510,false,q0,-12,0.999994,79,BLUE,1,-0.152824,0.171179,11282
6622,false,q0,-12,0.999994,79,BLUE,1,-0.152824,0.171179,11282
6734,false,q0,-12,0.999994,79,BLUE,1,-0.152824,0.171179,11282
6846,false,q0,-12,0.999994,79,BLUE,1,-0.152824,0.171179,11282
6958,false,q0,-12,0.999994,79,BLUE,1,-0.152824,0.171179,11282
7070,false,q0,-12,0.999994,79,BLUE,1,-0.152824,0.171179,11282
7182,false,q0,-12,0.999994,79,BLUE,1,-0.152824,0.171179,11282
7294,false,q0,-12,0.999994,79,BLUE,1,-0.152824,0.171179,11282
7406,false,q0,-12,0.999994,79,BLUE,1,-0.152824,0.171179,11282
7518,false,q0,-12,0.999994,79,BLUE,1,-0.152824,0.171179,11282
7630,false,q0,-12,0.999994,79,BLUE,1,-0.152824,0.171179,11282
7742,false,q0,-12,0.999994,79,BLUE,1,-0.152824,0.171179,11282
7854,false,q0,-12,0.999994,79,BLUE,1,-0.152824,0.171179,11282
7966,false,q0,-12,0.999994,79,BLUE,1,-0.152824,0.171179,11282
8078,false,q0,-12,0.999994,79,BLUE,1,-0.152824,0.171179,11282
8190,false,q0,-12,0.999994,79,BLUE,1,-0.152824,0.171179,11282
8302,false,q0,-12,0.999994,79,BLUE,1,-0.152824,0.171179,11282
8414,false,q0,-12,0.999994,79,BLUE,1,-0.152824,0.171179,11282
8526,false,q0,-12,0.999994,79,BLUE,1,-0.152824,0.171179,11282
8638,false,q0,-12,0.999994,79,BLUE,1,-0.152824,0.171179,11282
8750,false,q0,-12,0.999994,79,BLUE,1,-0.152824,0.171179,11282
8862,false,q0,-12,0.999994,79,BLUE,1,-0.152824,0.171179,11282
8974,false,q0,-12,0.999994,79,BLUE,1,-0.152824,0.171179,11282
9086,false,q0,-12,0.999994,79,BLUE,1,-0.152824,0.171179,11282
9198,false,q0,-12,0.999994,79,BLUE,1,-0.152824,0.171179,11282
9310,false,q0,-12,0.999994,79,BLUE,1,-0.152824,0.171179,11282
9422,false,q0,-12,0.999994,79,BLUE,1,-0.152824,0.171179,11282
9534,false,q0,-12,0.999994,79,BLUE,1,-0.152824,0.171179,11282
9646,false,q0,-12,0.999994,79,BLUE,1,-0.152824,0.171179,11282
9758,false,q0,-12,0.999994,79,BLUE,1,-0.152824,0.171179,11282
9870,false,q0,-12,0.999994,79,BLUE,1,-0.152824,0.171179,11282
9982,false,q0,-12,0.999994,79,BLUE,1,-0.152824,0.171179,11282
10094,false,q0,-12,0.999994,79,BLUE,1,-0.152824,0.171179,11282
10206,false,q0,-12,0.999994,79,BLUE,1,-0.152824,0.171179,11282
10318,false,q0,-12,0.999994,79,BLUE,1,-0.152824,0.171179,11282
10430,false,q0,-12,0.999994,79,BLUE,1,-0.152824,0.171179,11282
10542,false,q0,-12,0.999994,79,BLUE,1,-0.152824,0.171179,11282
10654,false,q0,-12,0.999994,79,BLUE,1,-0.152824,0.171179,11282
10766,false,q0,-12,0.999994,79,BLUE,1,-0.152824,0.171179,11282
10878,false,q0,-12,0.999994,79,BLUE,1,-0.152824,0.171179,11282
10990,false,q0,-12,0.999994,79,BLUE,1,-0.152824,0.171179,11282
11102,false,q0,-12,0.999994,79,BLUE,1,-0.152824,0.171179,11282
11214,false,q0,-12,0.999994,79,BLUE,1,-0.152824,0.171179,11282
11326,false,q0,-12,0.999994,79,BLUE,1,-0.152824,0.171179,11282
11438,false,q0,-12,0.999994,79,BLUE,1,-0.152824,0.171179,11282
11550,false,q0,-12,0.999994,79,BLUE,1,-0.152824,0.171179,11282
11705,false,q0,-12,0.999994,79,BLUE,43,-0.152824,0.171179,11282
11817,false,q0,-12,0.999994,79,BLUE,1,-0.152824,0.171179,11282
11929,false,q0,-12,0.999994,79,BLUE,1,-0.152824,0.171179,11282
12041,false,q0,-12,0.999994,79,BLUE,1,-0.152824,0.171179,11282
12153,false,q0,-12,0.999994,79,BLUE,1,-0.152824,0.171179,11282
12265,false,q0,-12,0.999994,79,BLUE,1,-0.152824,0.171179,11282
12377,false,q0,-12,0.999994,79,BLUE,1,-0.152824,0.171179,11282
12489,false,q0,-12,0.999994,79,BLUE,1,-0.152824,0.171179,11282
12601,false,q0,-12,0.999994,79,BLUE,1,-0.152824,0.171179,11282
12713,false,q0,-12,0.999994,79,BLUE,1,-0.152824,0.171179,11282
12825,false,q0,-12,0.999994,79,BLUE,1,-0.152824,0.171179,11282
12937,false,q0,-12,0.999994,79,BLUE,1,-0.152824,0.171179,11282
13049,false,q0,-12,0.999994,79,BLUE,1,-0.152824,0.171179,11282
13161,false,q0,-12,0.999994,79,BLUE,1,-0.152824,0.171179,11282
13273,false,q0,-12,0.999994,79,BLUE,1,-0.152824,0.171179,11282
13385,false,q0,-12,0.999994,79,BLUE,1,-0.152824,0.171179,11282
13497,false,q0,-12,0.999994,79,BLUE,1,-0.152824,0.171179,11282
13609,false,q0,-12,0.999994,79,BLUE,1,-0.152824,0.171179,11282
13721,false,q0,-12,0.999994,79,BLUE,1,-0.152824,0.171179,11282
13833,false,q0,-12,0.999994,79,BLUE,1,-0.152824,0.171179,11282
13945,false,q0,-12,0.999994,79,BLUE,1,-0.152824,0.171179,11282
14057,false,q0,-12,0.999994,79,BLUE,1,-0.152824,0.171179,11282
14169,false,q0,-12,0.999994,79,BLUE,1,-0.152824,0.171179,11282
14281,false,q0,-12,0.999994,79,BLUE,1,-0.152824,0.171179,11282
14393,false,q0,-12,0.999994,79,BLUE,1,-0.152824,0.171179,11282
14505,false,q0,-12,0.999994,79,BLUE,1,-0.152824,0.171179,11282
14617,false,q0,-12,0.999994,79,BLUE,1,-0.152824,0.171179,11282
14729,false,q0,-12,0.999994,79,BLUE,1,-0.152824,0.171179,11282
14841,false,q0,-12,0.999994,79,BLUE,1,-0.152824,0.171179,11282
14953,false,q0,-12,0.999994,79,BLUE,1,-0.152824,0.171179,11282
15065,false,q0,-12,0.999994,79,BLUE,1,-0.152824,0.171179,11282
15177,false,q0,-12,0.999994,79,BLUE,1,-0.152824,0.171179,11282
15289,false,q0,-12,0.999994,79,BLUE,1,-0.152824,0.171179,11282
15401,false,q0,-12,0.999994,79,BLUE,1,-0.152824,0.171179,11282
15513,false,q0,-12,0.999994,79,BLUE,1,-0.152824,0.171179,11282
15625,false,q0,-12,0.999994,79,BLUE,1,-0.152824,0.171179,11282
15737,false,q0,-12,0.999994,79,BLUE,1,-0.152824,0.171179,11282
15849,false,q0,-12,0.999994,79,BLUE,1,-0.152824,0.171179,11282
15961,false,q0,-12,0.999994,79,BLUE,1,-0.152824,0.171179,11282
16073,false,q0,-12,0.999994,79,BLUE,1,-0.152824,0.171179,11282
16185,false,q0,-12,0.999994,79,BLUE,1,-0.152824,0.171179,11282
16297,false,q0,-12,0.999994,79,BLUE,1,-0.152824,0.171179,11282
16409,false,q0,-12,0.999994,79,BLUE,1,-0.152824,0.171179,11282
16521,false,q0,-12,0.999994,79,BLUE,1,-0.152824,0.171179,11282
16633,false,q0,-12,0.999994,79,BLUE,1,-0.152824,0.171179,11282
16745,false,q0,-12,0.999994,79,BLUE,1,-0.152824,0.171179,11282
16857,false,q0,-12,0.999994,79,BLUE,1,-0.152824,0.171179,11282
16969,false,q0,-12,0.999994,79,BLUE,1,-0.152824,0.171179,11282
17081,false,q0,-12,0.999994,79,BLUE,1,-0.152824,0.171179,11282
17193,false,q0,-12,0.999994,79,BLUE,1,-0.152824,0.171179,11282
17305,false,q0,-12,0.999994,79,BLUE,1,-0.152824,0.171179,11282
17417,false,q0,-12,0.999994,79,BLUE,1,-0.152824,0.171179,11282
17529,false,q0,-12,0.999994,79,BLUE,1,-0.152824,0.171179,11282
17641,false,q0,-12,0.999994,79,BLUE,1,-0.152824,0.171179,11282
17753,false,q0,-12,0.999994,79,BLUE,1,-0.152824,0.171179,11282
17865,false,q0,-12,0.999994,79,BLUE,1,-0.152824,0.171179,11282
17977,false,q0,-12,0.999994,79,BLUE,1,-0.152824,0.171179,11282
18089,false,q0,-12,0.999994,79,BLUE,1,-0.152824,0.171179,11282
18201,false,q0,-12,0.999994,79,BLUE,1,-0.152824,0.171179,11282
18313,false,q0,-12,0.999994,79,BLUE,1,-0.152824,0.171179,11282
18425,false,q0,-12,0.999994,79,BLUE,1,-0.152824,0.171179,11282
18537,false,q0,-12,0.999994,79,BLUE,1,-0.152824,0.171179,11282
18649,false,q0,-12,0.999994,79,BLUE,1,-0.152824,0.171179,11282
18761,false,q0,-12,0.999994,79,BLUE,1,-0.152824,0.171179,11282
18873,false,q0,-12,0.999994,79,BLUE,1,-0.152824,0.171179,11282
18985,false,q0,-12,0.999994,79,BLUE,1,-0.152824,0.171179,11282
19097,false,q0,-12,0.999994,79,BLUE,1,-0.152824,0.171179,11282
19209,false,q0,-12,0.999994,79,BLUE,1,-0.152824,0.171179,11282
19364,false,q0,-12,0.999994,79,BLUE,43,-0.152824,0.171179,11282
19476,false,q0,-12,0.999994,79,BLUE,1,-0.152824,0.171179,11282
19588,false,q0,-12,0.999994,79,BLUE,1,-0.152824,0.171179,11282
19700,false,q0,-12,0.999994,79,BLUE,1,-0.152824,0.171179,11282
19812,false,q0,-12,0.999994,79,BLUE,1,-0.152824,0.171179,11282
19924,false,q0,-12,0.999994,79,BLUE,1,-0.152824,0.171179,11282
20036,false,q0,-12,0.999994,79,BLUE,1,-0.152824,0.171179,11282
20148,false,q0,-12,0.999994,79,BLUE,1,-0.152824,0.171179,11282
20260,false,q0,-12,0.999994,79,BLUE,1,-0.152824,0.171179,11282
20372,false,q0,-12,0.999994,79,BLUE,1,-0.152824,0.171179,11282
20484,false,q0,-12,0.999994,79,BLUE,1,-0.152824,0.171179,11282
20596,false,q0,-12,0.999994,79,BLUE,1,-0.152824,0.171179,11282
20708,false,q0,-12,0.999994,79,BLUE,1,-0.152824,0.171179,11282
20820,false,q0,-12,0.999994,79,BLUE,1,-0.152824,0.171179,11282
20932,false,q0,-12,0.999994,79,BLUE,1,-0.152824,0.171179,11282
21044,false,q0,-12,0.999994,79,BLUE,1,-0.152824,0.171179,11282
21156,false,q0,-12,0.999994,79,BLUE,1,-0.152824,0.171179,11282
21268,false,q0,-12,0.999994,79,BLUE,1,-0.152824,0.171179,11282
21380,false,q0,-12,0.999994,79,BLUE,1,-0.152824,0.171179,11282
21492,false,q0,-12,0.999994,79,BLUE,1,-0.152824,0.171179,11282
21604,false,q0,-12,0.999994,79,BLUE,1,-0.152824,0.171179,11282
21716,false,q0,-12,0.999994,79,BLUE,1,-0.152824,0.171179,11282
21828,false,q0,-12,0.999994,79,BLUE,1,-0.152824,0.171179,11282
21940,false,q0,-12,0.999994,79,BLUE,1,-0.152824,0.171179,11282
22052,false,q0,-12,0.999994,79,BLUE,1,-0.152824,0.171179,11282
22164,false,q0,-12,0.999994,79,BLUE,1,-0.152824,0.171179,11282
22276,false,q0,-12,0.999994,79,BLUE,1,-0.152824,0.171179,11282
22388,false,q0,-12,0.999994,79,BLUE,1,-0.152824,0.171179,11282
22500,false,q0,-12,0.999994,79,BLUE,1,-0.152824,0.171179,11282
22612,false,q0,-12,0.999994,79,BLUE,1,-0.152824,0.171179,11282
22724,false,q0,-12,0.999994,79,BLUE,1,-0.152824,0.171179,11282
22836,false,q0,-12,0.999994,79,BLUE,1,-0.152824,0.171179,11282
22948,false,q0,-12,0.999994,79,BLUE,1,-0.152824,0.171179,11282
23060,false,q0,-12,0.999994,79,BLUE,1,-0.152824,0.171179,11282
23172,false,q0,-12,0.999994,79,BLUE,1,-0.152824,0.171179,11282
23284,false,q0,-12,0.999994,79,BLUE,1,-0.152824,0.171179,11282
23396,false,q0,-12,0.999994,79,BLUE,1,-0.152824,0.171179,11282
23508,false,q0,-12,0.999994,79,BLUE,1,-0.152824,0.171179,11282
23620,false,q0,-12,0.999994,79,BLUE,1,-0.152824,0.171179,11282
23732,false,q0,-12,0.999994,79,BLUE,1,-0.152824,0.171179,11282
23844,false,q0,-12,0.999994,79,BLUE,1,-0.152824,0.171179,11282
23956,false,q0,-12,0.999994,79,BLUE,1,-0.152824,0.171179,11282
24068,false,q0,-12,0.999994,79,BLUE,1,-0.152824,0.171179,11282
24180,false,q0,-12,0.999994,79,BLUE,1,-0.152824,0.171179,11282
24292,false,q0,-12,0.999994,79,BLUE,1,-0.152824,0.171179,11282
24404,false,q0,-12,0.999994,79,BLUE,1,-0.152824,0.171179,11282
24516,false,q0,-12,0.999994,79,BLUE,1,-0.152824,0.171179,11282
24628,false,q0,-12,0.999994,79,BLUE,1,-0.152824,0.171179,11282
24740,false,q0,-12,0.999994,79,BLUE,1,-0.152824,0.171179,11282
24852,false,q0,-12,0.999994,79,BLUE,1,-0.152824,0.171179,11282
24964,false,q0,-12,0.999994,79,BLUE,1,-0.152824,0.171179,11282
25076,false,q0,-12,0.999994,79,BLUE,1,-0.152824,0.171179,11282
25188,false,q0,-12,0.999994,79,BLUE,1,-0.152824,0.171179,11282
25300,false,q0,-12,0.999994,79,BLUE,1,-0.152824,0.171179,11282
25412,false,q0,-12,0.999994,79,BLUE,1,-0.152824,0.171179,11282
25524,false,q0,-12,0.999994,79,BLUE,1,-0.152824,0.171179,11282
25636,false,q0,-12,0.999994,79,BLUE,1,-0.152824,0.171179,11282
25748,false,q0,-12,0.999994,79,BLUE,1,-0.152824,0.171179,11282
25860,false,q0,-12,0.999994,79,BLUE,1,-0.152824,0.171179,11282
25972,false,q0,-12,0.999994,79,BLUE,1,-0.152824,0.171179,11282
26084,false,q0,-12,0.999994,79,BLUE,1,-0.152824,0.171179,11282
26196,false,q0,-12,0.999994,79,BLUE,1,-0.152824,0.171179,11282
26308,false,q0,-12,0.999994,79,BLUE,1,-0.152824,0.171179,11282
26420,false,q0,-12,0.999994,79,BLUE,1,-0.152824,0.171179,11282
26532,false,q0,-12,0.999994,79,BLUE,1,-0.152824,0.171179,11282
26644,false,q0,-12,0.999994,79,BLUE,1,-0.152824,0.171179,11282
26756,false,q0,-12,0.999994,79,BLUE,1,-0.152824,0.171179,11282
26868,false,q0,-12,0.999994,79,BLUE,1,-0.152824,0.171179,11282
54,false,q0,0,0.5,600,BLUE,2,-0.152824,0.171179,32462
687,false,q0,-1,0.731059,597,BLUE,1,-0.152824,0.171179,32462
1317,false,q0,-2,0.880797,591,BLUE,1,-0.152824,0.171179,32462
1941,false,q0,-3,0.952574,576,BLUE,1,-0.152824,0.171179,32462
2550,false,q0,-4,0.982014,538,BLUE,1,-0.152824,0.171179,32462
3164,false,q0,-5,0.993307,460,BLUE,43,-0.152824,0.171179,32462
3657,false,q0,-6,0.997527,340,BLUE,1,-0.152824,0.171179,32462
4030,false,q0,-7,0.999089,219,BLUE,1,-0.152824,0.171179,32462
4282,false,q0,-8,0.999665,141,BLUE,1,-0.152824,0.171179,32462
4456,false,q0,-9,0.999877,104,BLUE,1,-0.152824,0.171179,32462
4593,false,q0,-10,0.999955,88,BLUE,1,-0.152824,0.171179,32462
4714,false,q0,-11,0.999983,82,BLUE,1,-0.152824,0.171179,32462
4829,false,q0,-12,0.999994,80,BLUE,1,-0.152824,0.171179,32462
4942,false,q0,-12,0.999994,79,BLUE,1,-0.152824,0.171179,32462
5054,false,q0,-12,0.999994,79,BLUE,1,-0.152824,0.171179,32462
5166,false,q0,-12,0.999994,79,BLUE,1,-0.152824,0.171179,32462
5278,false,q0,-12,0.999994,79,BLUE,1,-0.152824,0.171179,32462
5390,false,q0,-12,0.999994,79,BLUE,1,-0.152824,0.171179,32462
5502,false,q0,-12,0.999994,79,BLUE,1,-0.152824,0.171179,32462
5614,false,q0,-12,0.999994,79,BLUE,1,-0.152824,0.171179,32462
5726,false,q0,-12,0.999994,79,BLUE,1,-0.152824,0.171179,32462
5838,false,q0,-12,0.999994,79,BLUE,1,-0.152824,0.171179,32462
5950,false,q0,-12,0.999994,79,BLUE,1,-0.152824,0.171179,32462
6062,false,q0,-12,0.999994,79,BLUE,1,-0.152824,0.171179,32462
6174,false,q0,-12,0.999994,79,BLUE,1,-0.152824,0.171179,32462
6286,false,q0,-12,0.999994,79,BLUE,1,-0.152824,0.171179,32462
6398,false,q0,-12,0.999994,79,BLUE,1,-0.152824,0.171179,32462
6510,false,q0,-12,0.999994,79,BLUE,1,-0.152824,0.171179,32462
6622,false,q0,-12,0.999994,79,BLUE,1,-0.152824,0.171179,32462
6734,false,q0,-12,0.999994,79,BLUE,1,-0.152824,0.171179,32462
6846,false,q0,-12,0.999994,79,BLUE,1,-0.152824,0.171179,32462
6958,false,q0,-12,0.999994,79,BLUE,1,-0.152824,0.171179,32462
7070,false,q0,-12,0.999994,79,BLUE,1,-0.152824,0.171179,32462
7182,false,q0,-12,0.999994,79,BLUE,1,-0.152824,0.171179,32462
7294,false,q0,-12,0.999994,79,BLUE,1,-0.152824,0.171179,32462
7406,false,q0,-12,0.999994,79,BLUE,1,-0.152824,0.171179,32462
7518,false,q0,-12,0.999994,79,BLUE,1,-0.152824,0.171179,32462
7630,false,q0,-12,0.999994,79,BLUE,1,-0.152824,0.171179,32462
7742,false,q0,-12,0.999994,79,BLUE,1,-0.152824,0.171179,32462
7854,false,q0,-12,0.999994,79,BLUE,1,-0.152824,0.171179,32462
7966,false,q0,-12,0.999994,79,BLUE,1,-0.152824,0.171179,32462
8078,false,q0,-12,0.999994,79,BLUE,1,-0.152824,0.171179,32462
8190,false,q0,-12,0.999994,79,BLUE,1,-0.152824,0.171179,32462
8302,false,q0,-12,0.999994,79,BLUE,1,-0.152824,0.171179,32462
8414,false,q0,-12,0.999994,79,BLUE,1,-0.152824,0.171179,32462
8526,false,q0,-12,0.999994,79,BLUE,1,-0.152824,0.171179,32462
8638,false,q0,-12,0.999994,79,BLUE,1,-0.152824,0.171179,32462
8750,false,q0,-12,0.999994,79,BLUE,1,-0.152824,0.171179,32462
8862,false,q0,-12,0.999994,79,BLUE,1,-0.152824,0.171179,32462
8974,false,q0,-12,0.999994,79,BLUE,1,-0.152824,0.171179,32462
9086,false,q0,-12,0.999994,79,BLUE,1,-0.152824,0.171179,32462
9198,false,q0,-12,0.999994,79,BLUE,1,-0.152824,0.171179,32462
9310,false,q0,-12,0.999994,79,BLUE,1,-0.152824,0.171179,32462
9422,false,q0,-12,0.999994,79,BLUE,1,-0.152824,0.171179,32462
9534,false,q0,-12,0.999994,79,BLUE,1,-0.152824,0.171179,32462
9646,false,q0,-12,0.999994,79,BLUE,1,-0.152824,0.171179,32462
9758,false,q0,-12,0.999994,79,BLUE,1,-0.152824,0.171179,32462
9870,false,q0,-12,0.999994,79,BLUE,1,-0.152824,0.171179,32462
9982,false,q0,-12,0.999994,79,BLUE,1,-0.152824,0.171179,32462
10094,false,q0,-12,0.999994,79,BLUE,1,-0.152824,0.171179,32462
10206,false,q0,-12,0.999994,79,BLUE,1,-0.152824,0.171179,32462
10318,false,q0,-12,0.999994,79,BLUE,1,-0.152824,0.171179,32462
10430,false,q0,-12,0.999994,79,BLUE,1,-0.152824,0.171179,32462
10542,false,q0,-12,0.999994,79,BLUE,1,-0.152824,0.171179,32462
10654,false,q0,-12,0.999994,79,BLUE,1,-0.152824,0.171179,32462
10766,false,q0,-12,0.999994,79,BLUE,1,-0.152824,0.171179,32462
10878,false,q0,-12,0.999994,79,BLUE,1,-0.152824,0.171179,32462
10990,false,q0,-12,0.999994,79,BLUE,1,-0.152824,0.171179,32462
11102,false,q0,-12,0.999994,79,BLUE,1,-0.152824,0.171179,32462
11214,false,q0,-12,0.999994,79,BLUE,1,-0.152824,0.171179,32462
11326,false,q0,-12,0.999994,79,BLUE,1,-0.152824,0.171179,32462
11438,false,q0,-12,0.999994,79,BLUE,1,-0.152824,0.171179,32462
11550,false,q0,-12,0.999994,79,BLUE,1,-0.152824,0.171179,32462
11705,false,q0,-12,0.999994,79,BLUE,43,-0.152824,0.171179,32462
11817,false,q0,-12,0.999994,79,BLUE,1,-0.152824,0.171179,32462
11929,false,q0,-12,0.999994,79,BLUE,1,-0.152824,0.171179,32462
12041,false,q0,-12,0.999994,79,BLUE,1,-0.152824,0.171179,32462
12153,false,q0,-12,0.999994,79,BLUE,1,-0.152824,0.171179,32462
12265,false,q0,-12,0.999994,79,BLUE,1,-0.152824,0.171179,32462
12377,false,q0,-12,0.999994,79,BLUE,1,-0.152824,0.171179,32462
12489,false,q0,-12,0.999994,79,BLUE,1,-0.152824,0.171179,32462
12601,false,q0,-12,0.999994,79,BLUE,1,-0.152824,0.171179,32462
12713,false,q0,-12,0.999994,79,BLUE,1,-0.152824,0.171179,32462
12825,false,q0,-12,0.999994,79,BLUE,1,-0.152824,0.171179,32462
12937,false,q0,-12,0.999994,79,BLUE,1,-0.152824,0.171179,32462
13049,false,q0,-12,0.999994,79,BLUE,1,-0.152824,0.171179,32462
13161,false,q0,-12,0.999994,79,BLUE,1,-0.152824,0.171179,32462
13273,false,q0,-12,0.999994,79,BLUE,1,-0.152824,0.171179,32462
13385,false,q0,-12,0.999994,79,BLUE,1,-0.152824,0.171179,32462
13497,false,q0,-12,0.999994,79,BLUE,1,-0.152824,0.171179,32462
13609,false,q0,-12,0.999994,79,BLUE,1,-0.152824,0.171179,32462
13721,false,q0,-12,0.999994,79,BLUE,1,-0.152824,0.171179,32462
13833,false,q0,-12,0.999994,79,BLUE,1,-0.152824,0.171179,32462
13945,false,q0,-12,0.999994,79,BLUE,1,-0.152824,0.171179,32462
14057,false,q0,-12,0.999994,79,BLUE,1,-0.152824,0.171179,32462
14169,false,q0,-12,0.999994,79,BLUE,1,-0.152824,0.171179,32462
14281,false,q0,-12,0.999994,79,BLUE,1,-0.152824,0.171179,32462
14393,false,q0,-12,0.999994,79,BLUE,1,-0.152824,0.171179,32462
14505,false,q0,-12,0.999994,79,BLUE,1,-0.152824,0.171179,32462
14617,false,q0,-12,0.999994,79,BLUE,1,-0.152824,0.171179,32462
14729,false,q0,-12,0.999994,79,BLUE,1,-0.152824,0.171179,32462
14841,false,q0,-12,0.999994,79,BLUE,1,-0.152824,0.171179,32462
14953,false,q0,-12,0.999994,79,BLUE,1,-0.152824,0.171179,32462
15065,false,q0,-12,0.999994,79,BLUE,1,-0.152824,0.171179,32462
15177,false,q0,-12,0.999994,79,BLUE,1,-0.152824,0.171179,32462
15289,false,q0,-12,0.999994,79,BLUE,1,-0.152824,0.171179,32462
15401,false,q0,-12,0.999994,79,BLUE,1,-0.152824,0.171179,32462
15513,false,q0,-12,0.999994,79,BLUE,1,-0.152824,0.171179,32462
15625,false,q0,-12,0.999994,79,BLUE,1,-0.152824,0.171179,32462
15737,false,q0,-12,0.999994,79,BLUE,1,-0.152824,0.171179,32462
15849,false,q0,-12,0.999994,79,BLUE,1,-0.152824,0.171179,32462
15961,false,q0,-12,0.999994,79,BLUE,1,-0.152824,0.171179,32462
16073,false,q0,-12,0.999994,79,BLUE,1,-0.152824,0.171179,32462
16185,false,q0,-12,0.999994,79,BLUE,1,-0.152824,0.171179,32462
16297,false,q0,-12,0.999994,79,BLUE,1,-0.152824,0.171179,32462
16409,false,q0,-12,0.999994,79,BLUE,1,-0.152824,0.171179,32462
16521,false,q0,-12,0.999994,79,BLUE,1,-0.152824,0.171179,32462
16633,false,q0,-12,0.999994,79,BLUE,1,-0.152824,0.171179,32462
16745,false,q0,-12,0.999994,79,BLUE,1,-0.152824,0.171179,32462
16857,false,q0,-12,0.999994,79,BLUE,1,-0.152824,0.171179,32462
16969,false,q0,-12,0.999994,79,BLUE,1,-0.152824,0.171179,32462
17081,false,q0,-12,0.999994,79,BLUE,1,-0.152824,0.171179,32462
17193,false,q0,-12,0.999994,79,BLUE,1,-0.152824,0.171179,32462
17305,false,q0,-12,0.999994,79,BLUE,1,-0.152824,0.171179,32462
17417,false,q0,-12,0.999994,79,BLUE,1,-0.152824,0.171179,32462
17529,false,q0,-12,0.999994,79,BLUE,1,-0.152824,0.171179,32462
17641,false,q0,-12,0.999994,79,BLUE,1,-0.152824,0.171179,32462
17753,false,q0,-12,0.999994,79,BLUE,1,-0.152824,0.171179,32462
17865,false,q0,-12,0.999994,79,BLUE,1,-0.152824,0.171179,32462
17977,false,q0,-12,0.999994,79,BLUE,1,-0.152824,0.171179,32462
18089,false,q0,-12,0.999994,79,BLUE,1,-0.152824,0.171179,32462
18201,false,q0,-12,0.999994,79,BLUE,1,-0.152824,0.171179,32462
18313,false,q0,-12,0.999994,79,BLUE,1,-0.152824,0.171179,32462
18425,false,q0,-12,0.999994,79,BLUE,1,-0.152824,0.171179,32462
18537,false,q0,-12,0.999994,79,BLUE,1,-0.152824,0.171179,32462
18649,false,q0,-12,0.999994,79,BLUE,1,-0.152824,0.171179,32462
18761,false,q0,-12,0.999994,79,BLUE,1,-0.152824,0.171179,32462
18873,false,q0,-12,0.999994,79,BLUE,1,-0.152824,0.171179,32462
18985,false,q0,-12,0.999994,79,BLUE,1,-0.152824,0.171179,32462
19097,false,q0,-12,0.999994,79,BLUE,1,-0.152824,0.171179,32462
19209,false,q0,-12,0.999994,79,BLUE,1,-0.152824,0.171179,32462
19364,false,q0,-12,0.999994,79,BLUE,43,-0.152824,0.171179,32462
19476,false,q0,-12,0.999994,79,BLUE,1,-0.152824,0.171179,32462
19588,false,q0,-12,0.999994,79,BLUE,1,-0.152824,0.171179,32462
19700,false,q0,-12,0.999994,79,BLUE,1,-0.152824,0.171179,32462
19812,false,q0,-12,0.999994,79,BLUE,1,-0.152824,0.171179,32462
19924,false,q0,-12,0.999994,79,BLUE,1,-0.152824,0.171179,32462
20036,false,q0,-12,0.999994,79,BLUE,1,-0.152824,0.171179,32462
20148,false,q0,-12,0.999994,79,BLUE,1,-0.152824,0.171179,32462
20260,false,q0,-12,0.999994,79,BLUE,1,-0.152824,0.171179,32462
20372,false,q0,-12,0.999994,79,BLUE,1,-0.152824,0.171179,32462
20484,false,q0,-12,0.999994,79,BLUE,1,-0.152824,0.171179,32462
20596,false,q0,-12,0.999994,79,BLUE,1,-0.152824,0.171179,32462
20708,false,q0,-12,0.999994,79,BLUE,1,-0.152824,0.171179,32462
20820,false,q0,-12,0.999994,79,BLUE,1,-0.152824,0.171179,32462
20932,false,q0,-12,0.999994,79,BLUE,1,-0.152824,0.171179,32462
21044,false,q0,-12,0.999994,79,BLUE,1,-0.152824,0.171179,32462
21156,false,q0,-12,0.999994,79,BLUE,1,-0.152824,0.171179,32462
21268,false,q0,-12,0.999994,79,BLUE,1,-0.152824,0.171179,32462
21380,false,q0,-12,0.999994,79,BLUE,1,-0.152824,0.171179,32462
21492,false,q0,-12,0.999994,79,BLUE,1,-0.152824,0.171179,32462
21604,false,q0,-12,0.999994,79,BLUE,1,-0.152824,0.171179,32462
21716,false,q0,-12,0.999994,79,BLUE,1,-0.152824,0.171179,32462
21828,false,q0,-12,0.999994,79,BLUE,1,-0.152824,0.171179,32462
21940,false,q0,-12,0.999994,79,BLUE,1,-0.152824,0.171179,32462
22052,false,q0,-12,0.999994,79,BLUE,1,-0.152824,0.171179,32462
22164,false,q0,-12,0.999994,79,BLUE,1,-0.152824,0.171179,32462
22276,false,q0,-12,0.999994,79,BLUE,1,-0.152824,0.171179,32462
22388,false,q0,-12,0.999994,79,BLUE,1,-0.152824,0.171179,32462
22500,false,q0,-12,0.999994,79,BLUE,1,-0.152824,0.171179,32462
22612,false,q0,-12,0.999994,79,BLUE,1,-0.152824,0.171179,32462
22724,false,q0,-12,0.999994,79,BLUE,1,-0.152824,0.171179,32462
22836,false,q0,-12,0.999994,79,BLUE,1,-0.152824,0.171179,32462
22948,false,q0,-12,0.999994,79,BLUE,1,-0.152824,0.171179,32462
23060,false,q0,-12,0.999994,79,BLUE,1,-0.152824,0.171179,32462
23172,false,q0,-12,0.999994,79,BLUE,1,-0.152824,0.171179,32462
23284,false,q0,-12,0.999994,79,BLUE,1,-0.152824,0.171179,32462
23396,false,q0,-12,0.999994,79,BLUE,1,-0.152824,0.171179,32462
23508,false,q0,-12,0.999994,79,BLUE,1,-0.152824,0.171179,32462
23620,false,q0,-12,0.999994,79,BLUE,1,-0.152824,0.171179,32462
23732,false,q0,-12,0.999994,79,BLUE,1,-0.152824,0.171179,32462
23844,false,q0,-12,0.999994,79,BLUE,1,-0.152824,0.171179,32462
23956,false,q0,-12,0.999994,79,BLUE,1,-0.152824,0.171179,32462
24068,false,q0,-12,0.999994,79,BLUE,1,-0.152824,0.171179,32462
24180,false,q0,-12,0.999994,79,BLUE,1,-0.152824,0.171179,32462
24292,false,q0,-12,0.999994,79,BLUE,1,-0.152824,0.171179,32462
24404,false,q0,-12,0.999994,79,BLUE,1,-0.152824,0.171179,32462
24516,false,q0,-12,0.999994,79,BLUE,1,-0.152824,0.171179,32462
24628,false,q0,-12,0.999994,79,BLUE,1,-0.152824,0.171179,32462
24740,false,q0,-12,0.999994,79,BLUE,1,-0.152824,0.171179,32462
24852,false,q0,-12,0.999994,79,BLUE,1,-0.152824,0.171179,32462
24964,false,q0,-12,0.999994,79,BLUE,1,-0.152824,0.171179,32462
25076,false,q0,-12,0.999994,79,BLUE,1,-0.152824,0.171179,32462
25188,false,q0,-12,0.999994,79,BLUE,1,-0.152824,0.171179,32462
25300,false,q0,-12,0.999994,79,BLUE,1,-0.152824,0.171179,32462
25412,false,q0,-12,0.999994,79,BLUE,1,-0.152824,0.171179,32462
25524,false,q0,-12,0.999994,79,BLUE,1,-0.152824,0.171179,32462
25636,false,q0,-12,0.999994,79,BLUE,1,-0.152824,0.171179,32462
25748,false,q0,-12,0.999994,79,BLUE,1,-0.152824,0.171179,32462
25860,false,q0,-12,0.999994,79,BLUE,1,-0.152824,0.171179,32462
25972,false,q0,-12,0.999994,79,BLUE,1,-0.152824,0.171179,32462
26084,false,q0,-12,0.999994,79,BLUE,1,-0.152824,0.171179,32462
26196,false,q0,-12,0.999994,79,BLUE,1,-0.152824,0.171179,32462
26308,false,q0,-12,0.999994,79,BLUE,1,-0.152824,0.171179,32462
26420,false,q0,-12,0.999994,79,BLUE,1,-0.152824,0.171179,32462
26532,false,q0,-12,0.999994,79,BLUE,1,-0.152824,0.171179,32462
26644,false,q0,-12,0.999994,79,BLUE,1,-0.152824,0.171179,32462
26756,false,q0,-12,0.999994,79,BLUE,1,-0.152824,0.171179,32462
26868,false,q0,-12,0.999994,79,BLUE,1,-0.152824,0.171179,32462
58,false,q0,0,0.5,600,BLUE,4,-0.152824,0.171179,42568
691,false,q0,-1,0.731059,597,BLUE,1,-0.152824,0.171179,42568
1321,false,q0,-2,0.880797,591,BLUE,1,-0.152824,0.171179,42568
1988,false,q0,-3,0.952574,576,BLUE,43,-0.152824,0.171179,42568
2597,false,q0,-4,0.982014,538,BLUE,1,-0.152824,0.171179,42568
3168,false,q0,-5,0.993307,460,BLUE,1,-0.152824,0.171179,42568
3661,false,q0,-6,0.997527,340,BLUE,1,-0.152824,0.171179,42568
4034,false,q0,-7,0.999089,219,BLUE,1,-0.152824,0.171179,42568
4286,false,q0,-8,0.999665,141,BLUE,1,-0.152824,0.171179,42568
4460,false,q0,-9,0.999877,104,BLUE,1,-0.152824,0.171179,42568
4597,false,q0,-10,0.999955,88,BLUE,1,-0.152824,0.171179,42568
4718,false,q0,-11,0.999983,82,BLUE,1,-0.152824,0.171179,42568
4833,false,q0,-12,0.999994,80,BLUE,1,-0.152824,0.171179,42568
4946,false,q0,-12,0.999994,79,BLUE,1,-0.152824,0.171179,42568
5058,false,q0,-12,0.999994,79,BLUE,1,-0.152824,0.171179,42568
5170,false,q0,-12,0.999994,79,BLUE,1,-0.152824,0.171179,42568
5282,false,q0,-12,0.999994,79,BLUE,1,-0.152824,0.171179,42568
5394,false,q0,-12,0.999994,79,BLUE,1,-0.152824,0.171179,42568
5506,false,q0,-12,0.999994,79,BLUE,1,-0.152824,0.171179,42568
5618,false,q0,-12,0.999994,79,BLUE,1,-0.152824,0.171179,42568
5730,false,q0,-12,0.999994,79,BLUE,1,-0.152824,0.171179,42568
5842,false,q0,-12,0.999994,79,BLUE,1,-0.152824,0.171179,42568
5954,false,q0,-12,0.999994,79,BLUE,1,-0.152824,0.171179,42568
6066,false,q0,-12,0.999994,79,BLUE,1,-0.152824,0.171179,42568
6178,false,q0,-12,0.999994,79,BLUE,1,-0.152824,0.171179,42568
6290,false,q0,-12,0.999994,79,BLUE,1,-0.152824,0.171179,42568
6402,false,q0,-12,0.999994,79,BLUE,1,-0.152824,0.171179,42568
6514,false,q0,-12,0.999994,79,BLUE,1,-0.152824,0.171179,42568
6626,false,q0,-12,0.999994,79,BLUE,1,-0.152824,0.171179,42568
6738,false,q0,-12,0.999994,79,BLUE,1,-0.152824,0.171179,42568
6850,false,q0,-12,0.999994,79,BLUE,1,-0.152824,0.171179,42568
6962,false,q0,-12,0.999994,79,BLUE,1,-0.152824,0.171179,42568
7074,false,q0,-12,0.999994,79,BLUE,1,-0.152824,0.171179,42568
7186,false,q0,-12,0.999994,79,BLUE,1,-0.152824,0.171179,42568
7298,false,q0,-12,0.999994,79,BLUE,1,-0.152824,0.171179,42568
7410,false,q0,-12,0.999994,79,BLUE,1,-0.152824,0.171179,42568
7522,false,q0,-12,0.999994,79,BLUE,1,-0.152824,0.171179,42568
7634,false,q0,-12,0.999994,79,BLUE,1,-0.152824,0.171179,42568
7746,false,q0,-12,0.999994,79,BLUE,1,-0.152824,0.171179,42568
7858,false,q0,-12,0.999994,79,BLUE,1,-0.152824,0.171179,42568
7970,false,q0,-12,0.999994,79,BLUE,1,-0.152824,0.171179,42568
8082,false,q0,-12,0.999994,79,BLUE,1,-0.152824,0.171179,42568
8194,false,q0,-12,0.999994,79,BLUE,1,-0.152824,0.171179,42568
8306,false,q0,-12,0.999994,79,BLUE,1,-0.152824,0.171179,42568
8418,false,q0,-12,0.999994,79,BLUE,1,-0.152824,0.171179,42568
8530,false,q0,-12,0.999994,79,BLUE,1,-0.152824,0.171179,42568
8642,false,q0,-12,0.999994,79,BLUE,1,-0.152824,0.171179,42568
8754,false,q0,-12,0.999994,79,BLUE,1,-0.152824,0.171179,42568
8866,false,q0,-12,0.999994,79,BLUE,1,-0.152824,0.171179,42568
8978,false,q0,-12,0.999994,79,BLUE,1,-0.152824,0.171179,42568
9090,false,q0,-12,0.999994,79,BLUE,1,-0.152824,0.171179,42568
9202,false,q0,-12,0.999994,79,BLUE,1,-0.152824,0.171179,42568
9314,false,q0,-12,0.999994,79,BLUE,1,-0.152824,0.171179,42568
9426,false,q0,-12,0.999994,79,BLUE,1,-0.152824,0.171179,42568
9538,false,q0,-12,0.999994,79,BLUE,1,-0.152824,0.171179,42568
9650,false,q0,-12,0.999994,79,BLUE,1,-0.152824,0.171179,42568
9762,false,q0,-12,0.999994,79,BLUE,1,-0.152824,0.171179,42568
9874,false,q0,-12,0.999994,79,BLUE,1,-0.152824,0.171179,42568
9986,false,q0,-12,0.999994,79,BLUE,1,-0.152824,0.171179,42568
10098,false,q0,-12,0.999994,79,BLUE,1,-0.152824,0.171179,42568
10210,false,q0,-12,0.999994,79,BLUE,1,-0.152824,0.171179,42568
10322,false,q0,-12,0.999994,79,BLUE,1,-0.152824,0.171179,42568
10434,false,q0,-12,0.999994,79,BLUE,1,-0.152824,0.171179,42568
10546,false,q0,-12,0.999994,79,BLUE,1,-0.152824,0.171179,42568
10658,false,q0,-12,0.999994,79,BLUE,1,-0.152824,0.171179,42568
10770,false,q0,-12,0.999994,79,BLUE,1,-0.152824,0.171179,42568
10882,false,q0,-12,0.999994,79,BLUE,1,-0.152824,0.171179,42568
10994,false,q0,-12,0.999994,79,BLUE,1,-0.152824,0.171179,42568
11106,false,q0,-12,0.999994,79,BLUE,1,-0.152824,0.171179,42568
11218,false,q0,-12,0.999994,79,BLUE,1,-0.152824,0.171179,42568
11330,false,q0,-12,0.999994,79,BLUE,1,-0.152824,0.171179,42568
11485,false,q0,-12,0.999994,79,BLUE,43,-0.152824,0.171179,42568
11597,false,q0,-12,0.999994,79,BLUE,1,-0.152824,0.171179,42568
11709,false,q0,-12,0.999994,79,BLUE,1,-0.152824,0.171179,42568
11821,false,q0,-12,0.999994,79,BLUE,1,-0.152824,0.171179,42568
11933,false,q0,-12,0.999994,79,BLUE,1,-0.152824,0.171179,42568
12045,false,q0,-12,0.999994,79,BLUE,1,-0.152824,0.171179,42568
12157,false,q0,-12,0.999994,79,BLUE,1,-0.152824,0.171179,42568
12269,false,q0,-12,0.999994,79,BLUE,1,-0.152824,0.171179,42568
12381,false,q0,-12,0.999994,79,BLUE,1,-0.152824,0.171179,42568
12493,false,q0,-12,0.999994,79,BLUE,1,-0.152824,0.171179,42568
12605,false,q0,-12,0.999994,79,BLUE,1,-0.152824,0.171179,42568
12717,false,q0,-12,0.999994,79,BLUE,1,-0.152824,0.171179,42568
12829,false,q0,-12,0.999994,79,BLUE,1,-0.152824,0.171179,42568
12941,false,q0,-12,0.999994,79,BLUE,1,-0.152824,0.171179,42568
13053,false,q0,-12,0.999994,79,BLUE,1,-0.152824,0.171179,42568
13165,false,q0,-12,0.999994,79,BLUE,1,-0.152824,0.171179,42568
13277,false,q0,-12,0.999994,79,BLUE,1,-0.152824,0.171179,42568
13389,false,q0,-12,0.999994,79,BLUE,1,-0.152824,0.171179,42568
13501,false,q0,-12,0.999994,79,BLUE,1,-0.152824,0.171179,42568
13613,false,q0,-12,0.999994,79,BLUE,1,-0.152824,0.171179,42568
13725,false,q0,-12,0.999994,79,BLUE,1,-0.152824,0.171179,42568
13837,false,q0,-12,0.999994,79,BLUE,1,-0.152824,0.171179,42568
13949,false,q0,-12,0.999994,79,BLUE,1,-0.152824,0.171179,42568
14061,false,q0,-12,0.999994,79,BLUE,1,-0.152824,0.171179,42568
14173,false,q0,-12,0.999994,79,BLUE,1,-0.152824,0.171179,42568
14285,false,q0,-12,0.999994,79,BLUE,1,-0.152824,0.171179,42568
14397,false,q0,-12,0.999994,79,BLUE,1,-0.152824,0.171179,42568
14509,false,q0,-12,0.999994,79,BLUE,1,-0.152824,0.171179,42568
14621,false,q0,-12,0.999994,79,BLUE,1,-0.152824,0.171179,42568
14733,false,q0,-12,0.999994,79,BLUE,1,-0.152824,0.171179,42568
14845,false,q0,-12,0.999994,79,BLUE,1,-0.152824,0.171179,42568
14957,false,q0,-12,0.999994,79,BLUE,1,-0.152824,0.171179,42568
15069,false,q0,-12,0.999994,79,BLUE,1,-0.152824,0.171179,42568
15181,false,q0,-12,0.999994,79,BLUE,1,-0.152824,0.171179,42568
15293,false,q0,-12,0.999994,79,BLUE,1,-0.152824,0.171179,42568
15405,false,q0,-12,0.999994,79,BLUE,1,-0.152824,0.171179,42568
15517,false,q0,-12,0.999994,79,BLUE,1,-0.152824,0.171179,42568
15629,false,q0,-12,0.999994,79,BLUE,1,-0.152824,0.171179,42568
15741,false,q0,-12,0.999994,79,BLUE,1,-0.152824,0.171179,42568
15853,false,q0,-12,0.999994,79,BLUE,1,-0.152824,0.171179,42568
15965,false,q0,-12,0.999994,79,BLUE,1,-0.152824,0.171179,42568
16077,false,q0,-12,0.999994,79,BLUE,1,-0.152824,0.171179,42568
16189,false,q0,-12,0.999994,79,BLUE,1,-0.152824,0.171179,42568
16301,false,q0,-12,0.999994,79,BLUE,1,-0.152824,0.171179,42568
16413,false,q0,-12,0.999994,79,BLUE,1,-0.152824,0.171179,42568
16525,false,q0,-12,0.999994,79,BLUE,1,-0.152824,0.171179,42568
16637,false,q0,-12,0.999994,79,BLUE,1,-0.152824,0.171179,42568
16749,false,q0,-12,0.999994,79,BLUE,1,-0.152824,0.171179,42568
16861,false,q0,-12,0.999994,79,BLUE,1,-0.152824,0.171179,42568
16973,false,q0,-12,0.999994,79,BLUE,1,-0.152824,0.171179,42568
17085,false,q0,-12,0.999994,79,BLUE,1,-0.152824,0.171179,42568
17197,false,q0,-12,0.999994,79,BLUE,1,-0.152824,0.171179,42568
17309,false,q0,-12,0.999994,79,BLUE,1,-0.152824,0.171179,42568
17421,false,q0,-12,0.999994,79,BLUE,1,-0.152824,0.171179,42568
17533,false,q0,-12,0.999994,79,BLUE,1,-0.152824,0.171179,42568
17645,false,q0,-12,0.999994,79,BLUE,1,-0.152824,0.171179,42568
17757,false,q0,-12,0.999994,79,BLUE,1,-0.152824,0.171179,42568
17869,false,q0,-12,0.999994,79,BLUE,1,-0.152824,0.171179,42568
17981,false,q0,-12,0.999994,79,BLUE,1,-0.152824,0.171179,42568
18093,false,q0,-12,0.999994,79,BLUE,1,-0.152824,0.171179,42568
18205,false,q0,-12,0.999994,79,BLUE,1,-0.152824,0.171179,42568
18317,false,q0,-12,0.999994,79,BLUE,1,-0.152824,0.171179,42568
18429,false,q0,-12,0.999994,79,BLUE,1,-0.152824,0.171179,42568
18541,false,q0,-12,0.999994,79,BLUE,1,-0.152824,0.171179,42568
18653,false,q0,-12,0.999994,79,BLUE,1,-0.152824,0.171179,42568
18765,false,q0,-12,0.999994,79,BLUE,1,-0.152824,0.171179,42568
18877,false,q0,-12,0.999994,79,BLUE,1,-0.152824,0.171179,42568
18989,false,q0,-12,0.999994,79,BLUE,1,-0.152824,0.171179,42568
19144,false,q0,-12,0.999994,79,BLUE,43,-0.152824,0.171179,42568
19256,false,q0,-12,0.999994,79,BLUE,1,-0.152824,0.171179,42568
19368,false,q0,-12,0.999994,79,BLUE,1,-0.152824,0.171179,42568
19480,false,q0,-12,0.999994,79,BLUE,1,-0.152824,0.171179,42568
19592,false,q0,-12,0.999994,79,BLUE,1,-0.152824,0.171179,42568
19704,false,q0,-12,0.999994,79,BLUE,1,-0.152824,0.171179,42568
19816,false,q0,-12,0.999994,79,BLUE,1,-0.152824,0.171179,42568
19928,false,q0,-12,0.999994,79,BLUE,1,-0.152824,0.171179,42568
20040,false,q0,-12,0.999994,79,BLUE,1,-0.152824,0.171179,42568
20152,false,q0,-12,0.999994,79,BLUE,1,-0.152824,0.171179,42568
20264,false,q0,-12,0.999994,79,BLUE,1,-0.152824,0.171179,42568
20376,false,q0,-12,0.999994,79,BLUE,1,-0.152824,0.171179,42568
20488,false,q0,-12,0.999994,79,BLUE,1,-0.152824,0.171179,42568
20600,false,q0,-12,0.999994,79,BLUE,1,-0.152824,0.171179,42568
20712,false,q0,-12,0.999994,79,BLUE,1,-0.152824,0.171179,42568
20824,false,q0,-12,0.999994,79,BLUE,1,-0.152824,0.171179,42568
20936,false,q0,-12,0.999994,79,BLUE,1,-0.152824,0.171179,42568
21048,false,q0,-12,0.999994,79,BLUE,1,-0.152824,0.171179,42568
21160,false,q0,-12,0.999994,79,BLUE,1,-0.152824,0.171179,42568
21272,false,q0,-12,0.999994,79,BLUE,1,-0.152824,0.171179,42568
21384,false,q0,-12,0.999994,79,BLUE,1,-0.152824,0.171179,42568
21496,false,q0,-12,0.999994,79,BLUE,1,-0.152824,0.171179,42568
21608,false,q0,-12,0.999994,79,BLUE,1,-0.152824,0.171179,42568
21720,false,q0,-12,0.999994,79,BLUE,1,-0.152824,0.171179,42568
21832,false,q0,-12,0.999994,79,BLUE,1,-0.152824,0.171179,42568
21944,false,q0,-12,0.999994,79,BLUE,1,-0.152824,0.171179,42568
22056,false,q0,-12,0.999994,79,BLUE,1,-0.152824,0.171179,42568
22168,false,q0,-12,0.999994,79,BLUE,1,-0.152824,0.171179,42568
22280,false,q0,-12,0.999994,79,BLUE,1,-0.152824,0.171179,42568
22392,false,q0,-12,0.999994,79,BLUE,1,-0.152824,0.171179,42568
22504,false,q0,-12,0.999994,79,BLUE,1,-0.152824,0.171179,42568
22616,false,q0,-12,0.999994,79,BLUE,1,-0.152824,0.171179,42568
22728,false,q0,-12,0.999994,79,BLUE,1,-0.152824,0.171179,42568
22840,false,q0,-12,0.999994,79,BLUE,1,-0.152824,0.171179,42568
22952,false,q0,-12,0.999994,79,BLUE,1,-0.152824,0.171179,42568
23064,false,q0,-12,0.999994,79,BLUE,1,-0.152824,0.171179,42568
23176,false,q0,-12,0.999994,79,BLUE,1,-0.152824,0.171179,42568
23288,false,q0,-12,0.999994,79,BLUE,1,-0.152824,0.171179,42568
23400,false,q0,-12,0.999994,79,BLUE,1,-0.152824,0.171179,42568
23512,false,q0,-12,0.999994,79,BLUE,1,-0.152824,0.171179,42568
23624,false,q0,-12,0.999994,79,BLUE,1,-0.152824,0.171179,42568
23736,false,q0,-12,0.999994,79,BLUE,1,-0.152824,0.171179,42568
23848,false,q0,-12,0.999994,79,BLUE,1,-0.152824,0.171179,42568
23960,false,q0,-12,0.999994,79,BLUE,1,-0.152824,0.171179,42568
24072,false,q0,-12,0.999994,79,BLUE,1,-0.152824,0.171179,42568
24184,false,q0,-12,0.999994,79,BLUE,1,-0.152824,0.171179,42568
24296,false,q0,-12,0.999994,79,BLUE,1,-0.152824,0.171179,42568
24408,false,q0,-12,0.999994,79,BLUE,1,-0.152824,0.171179,42568
24520,false,q0,-12,0.999994,79,BLUE,1,-0.152824,0.171179,42568
24632,false,q0,-12,0.999994,79,BLUE,1,-0.152824,0.171179,42568
24744,false,q0,-12,0.999994,79,BLUE,1,-0.152824,0.171179,42568
24856,false,q0,-12,0.999994,79,BLUE,1,-0.152824,0.171179,42568
24968,false,q0,-12,0.999994,79,BLUE,1,-0.152824,0.171179,42568
25080,false,q0,-12,0.999994,79,BLUE,1,-0.152824,0.171179,42568
25192,false,q0,-12,0.999994,79,BLUE,1,-0.152824,0.171179,42568
25304,false,q0,-12,0.999994,79,BLUE,1,-0.152824,0.171179,42568
25416,false,q0,-12,0.999994,79,BLUE,1,-0.152824,0.171179,42568
25528,false,q0,-12,0.999994,79,BLUE,1,-0.152824,0.171179,42568
25640,false,q0,-12,0.999994,79,BLUE,1,-0.152824,0.171179,42568
25752,false,q0,-12,0.999994,79,BLUE,1,-0.152824,0.171179,42568
25864,false,q0,-12,0.999994,79,BLUE,1,-0.152824,0.171179,42568
25976,false,q0,-12,0.999994,79,BLUE,1,-0.152824,0.171179,42568
26088,false,q0,-12,0.999994,79,BLUE,1,-0.152824,0.171179,42568
26200,false,q0,-12,0.999994,79,BLUE,1,-0.152824,0.171179,42568
26312,false,q0,-12,0.999994,79,BLUE,1,-0.152824,0.171179,42568
26424,false,q0,-12,0.999994,79,BLUE,1,-0.152824,0.171179,42568
26536,false,q0,-12,0.999994,79,BLUE,1,-0.152824,0.171179,42568
26648,false,q0,-12,0.999994,79,BLUE,1,-0.152824,0.171179,42568
60,false,q0,0,0.5,600,BLUE,5,-0.152824,0.171179,60765
738,false,q0,-1,0.731059,597,BLUE,44,-0.152824,0.171179,60765
1368,false,q0,-2,0.880797,591,BLUE,1,-0.152824,0.171179,60765
1992,false,q0,-3,0.952574,576,BLUE,1,-0.152824,0.171179,60765
2601,false,q0,-4,0.982014,538,BLUE,1,-0.152824,0.171179,60765
3172,false,q0,-5,0.993307,460,BLUE,1,-0.152824,0.171179,60765
3665,false,q0,-6,0.997527,340,BLUE,1,-0.152824,0.171179,60765
4038,false,q0,-7,0.999089,219,BLUE,1,-0.152824,0.171179,60765
4290,false,q0,-8,0.999665,141,BLUE,1,-0.152824,0.171179,60765
4464,false,q0,-9,0.999877,104,BLUE,1,-0.152824,0.171179,60765
4601,false,q0,-10,0.999955,88,BLUE,1,-0.152824,0.171179,60765
4722,false,q0,-11,0.999983,82,BLUE,1,-0.152824,0.171179,60765
4837,false,q0,-12,0.999994,80,BLUE,1,-0.152824,0.171179,60765
4950,false,q0,-12,0.999994,79,BLUE,1,-0.152824,0.171179,60765
5062,false,q0,-12,0.999994,79,BLUE,1,-0.152824,0.171179,60765
5174,false,q0,-12,0.999994,79,BLUE,1,-0.152824,0.171179,60765
5286,false,q0,-12,0.999994,79,BLUE,1,-0.152824,0.171179,60765
5398,false,q0,-12,0.999994,79,BLUE,1,-0.152824,0.171179,60765
5510,false,q0,-12,0.999994,79,BLUE,1,-0.152824,0.171179,60765
5622,false,q0,-12,0.999994,79,BLUE,1,-0.152824,0.171179,60765
5734,false,q0,-12,0.999994,79,BLUE,1,-0.152824,0.171179,60765
5846,false,q0,-12,0.999994,79,BLUE,1,-0.152824,0.171179,60765
5958,false,q0,-12,0.999994,79,BLUE,1,-0.152824,0.171179,60765
6070,false,q0,-12,0.999994,79,BLUE,1,-0.152824,0.171179,60765
6182,false,q0,-12,0.999994,79,BLUE,1,-0.152824,0.171179,60765
6294,false,q0,-12,0.999994,79,BLUE,1,-0.152824,0.171179,60765
6406,false,q0,-12,0.999994,79,BLUE,1,-0.152824,0.171179,60765
6518,false,q0,-12,0.999994,79,BLUE,1,-0.152824,0.171179,60765
6630,false,q0,-12,0.999994,79,BLUE,1,-0.152824,0.171179,60765
6742,false,q0,-12,0.999994,79,BLUE,1,-0.152824,0.171179,60765
6854,false,q0,-12,0.999994,79,BLUE,1,-0.152824,0.171179,60765
6966,false,q0,-12,0.999994,79,BLUE,1,-0.152824,0.171179,60765
7078,false,q0,-12,0.999994,79,BLUE,1,-0.152824,0.171179,60765
7190,false,q0,-12,0.999994,79,BLUE,1,-0.152824,0.171179,60765
7302,false,q0,-12,0.999994,79,BLUE,1,-0.152824,0.171179,60765
7414,false,q0,-12,0.999994,79,BLUE,1,-0.152824,0.171179,60765
7526,false,q0,-12,0.999994,79,BLUE,1,-0.152824,0.171179,60765
7638,false,q0,-12,0.999994,79,BLUE,1,-0.152824,0.171179,60765
7750,false,q0,-12,0.999994,79,BLUE,1,-0.152824,0.171179,60765
7862,false,q0,-12,0.999994,79,BLUE,1,-0.152824,0.171179,60765
7974,false,q0,-12,0.999994,79,BLUE,1,-0.152824,0.171179,60765
8086,false,q0,-12,0.999994,79,BLUE,1,-0.152824,0.171179,60765
8198,false,q0,-12,0.999994,79,BLUE,1,-0.152824,0.171179,60765
8310,false,q0,-12,0.999994,79,BLUE,1,-0.152824,0.171179,60765
8422,false,q0,-12,0.999994,79,BLUE,1,-0.152824,0.171179,60765
8534,false,q0,-12,0.999994,79,BLUE,1,-0.152824,0.171179,60765
8646,false,q0,-12,0.999994,79,BLUE,1,-0.152824,0.171179,60765
8758,false,q0,-12,0.999994,79,BLUE,1,-0.152824,0.171179,60765
8870,false,q0,-12,0.999994,79,BLUE,1,-0.152824,0.171179,60765
8982,false,q0,-12,0.999994,79,BLUE,1,-0.152824,0.171179,60765
9094,false,q0,-12,0.999994,79,BLUE,1,-0.152824,0.171179,60765
9206,false,q0,-12,0.999994,79,BLUE,1,-0.152824,0.171179,60765
9318,false,q0,-12,0.999994,79,BLUE,1,-0.152824,0.171179,60765
9430,false,q0,-12,0.999994,79,BLUE,1,-0.152824,0.171179,60765
9542,false,q0,-12,0.999994,79,BLUE,1,-0.152824,0.171179,60765
9654,false,q0,-12,0.999994,79,BLUE,1,-0.152824,0.171179,60765
9766,false,q0,-12,0.999994,79,BLUE,1,-0.152824,0.171179,60765
9878,false,q0,-12,0.999994,79,BLUE,1,-0.152824,0.171179,60765
9990,false,q0,-12,0.999994,79,BLUE,1,-0.152824,0.171179,60765
10102,false,q0,-12,0.999994,79,BLUE,1,-0.152824,0.171179,60765
10214,false,q0,-12,0.999994,79,BLUE,1,-0.152824,0.171179,60765
10326,false,q0,-12,0.999994,79,BLUE,1,-0.152824,0.171179,60765
10438,false,q0,-12,0.999994,79,BLUE,1,-0.152824,0.171179,60765
10550,false,q0,-12,0.999994,79,BLUE,1,-0.152824,0.171179,60765
10662,false,q0,-12,0.999994,79,BLUE,1,-0.152824,0.171179,60765
10774,false,q0,-12,0.999994,79,BLUE,1,-0.152824,0.171179,60765
10886,false,q0,-12,0.999994,79,BLUE,1,-0.152824,0.171179,60765
10998,false,q0,-12,0.999994,79,BLUE,1,-0.152824,0.171179,60765
11110,false,q0,-12,0.999994,79,BLUE,1,-0.152824,0.171179,60765
11265,false,q0,-12,0.999994,79,BLUE,43,-0.152824,0.171179,60765
11377,false,q0,-12,0.999994,79,BLUE,1,-0.152824,0.171179,60765
11489,false,q0,-12,0.999994,79,BLUE,1,-0.152824,0.171179,60765
11601,false,q0,-12,0.999994,79,BLUE,1,-0.152824,0.171179,60765
11713,false,q0,-12,0.999994,79,BLUE,1,-0.152824,0.171179,60765
11825,false,q0,-12,0.999994,79,BLUE,1,-0.152824,0.171179,60765
11937,false,q0,-12,0.999994,79,BLUE,1,-0.152824,0.171179,60765
12049,false,q0,-12,0.999994,79,BLUE,1,-0.152824,0.171179,60765
12161,false,q0,-12,0.999994,79,BLUE,1,-0.152824,0.171179,60765
12273,false,q0,-12,0.999994,79,BLUE,1,-0.152824,0.171179,60765
12385,false,q0,-12,0.999994,79,BLUE,1,-0.152824,0.171179,60765
12497,false,q0,-12,0.999994,79,BLUE,1,-0.152824,0.171179,60765
12609,false,q0,-12,0.999994,79,BLUE,1,-0.152824,0.171179,60765
12721,false,q0,-12,0.999994,79,BLUE,1,-0.152824,0.171179,60765
12833,false,q0,-12,0.999994,79,BLUE,1,-0.152824,0.171179,60765
12945,false,q0,-12,0.999994,79,BLUE,1,-0.152824,0.171179,60765
13057,false,q0,-12,0.999994,79,BLUE,1,-0.152824,0.171179,60765
13169,false,q0,-12,0.999994,79,BLUE,1,-0.152824,0.171179,60765
13281,false,q0,-12,0.999994,79,BLUE,1,-0.152824,0.171179,60765
13393,false,q0,-12,0.999994,79,BLUE,1,-0.152824,0.171179,60765
13505,false,q0,-12,0.999994,79,BLUE,1,-0.152824,0.171179,60765
13617,false,q0,-12,0.999994,79,BLUE,1,-0.152824,0.171179,60765
13729,false,q0,-12,0.999994,79,BLUE,1,-0.152824,0.171179,60765
13841,false,q0,-12,0.999994,79,BLUE,1,-0.152824,0.171179,60765
13953,false,q0,-12,0.999994,79,BLUE,1,-0.152824,0.171179,60765
14065,false,q0,-12,0.999994,79,BLUE,1,-0.152824,0.171179,60765
14177,false,q0,-12,0.999994,79,BLUE,1,-0.152824,0.171179,60765
14289,false,q0,-12,0.999994,79,BLUE,1,-0.152824,0.171179,60765
14401,false,q0,-12,0.999994,79,BLUE,1,-0.152824,0.171179,60765
14513,false,q0,-12,0.999994,79,BLUE,1,-0.152824,0.171179,60765
14625,false,q0,-12,0.999994,79,BLUE,1,-0.152824,0.171179,60765
14737,false,q0,-12,0.999994,79,BLUE,1,-0.152824,0.171179,60765
14849,false,q0,-12,0.999994,79,BLUE,1,-0.152824,0.171179,60765
14961,false,q0,-12,0.999994,79,BLUE,1,-0.152824,0.171179,60765
15073,false,q0,-12,0.999994,79,BLUE,1,-0.152824,0.171179,60765
15185,false,q0,-12,0.999994,79,BLUE,1,-0.152824,0.171179,60765
15297,false,q0,-12,0.999994,79,BLUE,1,-0.152824,0.171179,60765
15409,false,q0,-12,0.999994,79,BLUE,1,-0.152824,0.171179,60765
15521,false,q0,-12,0.999994,79,BLUE,1,-0.152824,0.171179,60765
15633,false,q0,-12,0.999994,79,BLUE,1,-0.152824,0.171179,60765
15745,false,q0,-12,0.999994,79,BLUE,1,-0.152824,0.171179,60765
15857,false,q0,-12,0.999994,79,BLUE,1,-0.152824,0.171179,60765
15969,false,q0,-12,0.999994,79,BLUE,1,-0.152824,0.171179,60765
16081,false,q0,-12,0.999994,79,BLUE,1,-0.152824,0.171179,60765
16193,false,q0,-12,0.999994,79,BLUE,1,-0.152824,0.171179,60765
16305,false,q0,-12,0.999994,79,BLUE,1,-0.152824,0.171179,60765
16417,false,q0,-12,0.999994,79,BLUE,1,-0.152824,0.171179,60765
16529,false,q0,-12,0.999994,79,BLUE,1,-0.152824,0.171179,60765
16641,false,q0,-12,0.999994,79,BLUE,1,-0.152824,0.171179,60765
16753,false,q0,-12,0.999994,79,BLUE,1,-0.152824,0.171179,60765
16865,false,q0,-12,0.999994,79,BLUE,1,-0.152824,0.171179,60765
16977,false,q0,-12,0.999994,79,BLUE,1,-0.152824,0.171179,60765
17089,false,q0,-12,0.999994,79,BLUE,1,-0.152824,0.171179,60765
17201,false,q0,-12,0.999994,79,BLUE,1,-0.152824,0.171179,60765
17313,false,q0,-12,0.999994,79,BLUE,1,-0.152824,0.171179,60765
17425,false,q0,-12,0.999994,79,BLUE,1,-0.152824,0.171179,60765
17537,false,q0,-12,0.999994,79,BLUE,1,-0.152824,0.171179,60765
17649,false,q0,-12,0.999994,79,BLUE,1,-0.152824,0.171179,60765
17761,false,q0,-12,0.999994,79,BLUE,1,-0.152824,0.171179,60765
17873,false,q0,-12,0.999994,79,BLUE,1,-0.152824,0.171179,60765
17985,false,q0,-12,0.999994,79,BLUE,1,-0.152824,0.171179,60765
18097,false,q0,-12,0.999994,79,BLUE,1,-0.152824,0.171179,60765
18209,false,q0,-12,0.999994,79,BLUE,1,-0.152824,0.171179,60765
18321,false,q0,-12,0.999994,79,BLUE,1,-0.152824,0.171179,60765
18433,false,q0,-12,0.999994,79,BLUE,1,-0.152824,0.171179,60765
18545,false,q0,-12,0.999994,79,BLUE,1,-0.152824,0.171179,60765
18657,false,q0,-12,0.999994,79,BLUE,1,-0.152824,0.171179,60765
18769,false,q0,-12,0.999994,79,BLUE,1,-0.152824,0.171179,60765
18924,false,q0,-12,0.999994,79,BLUE,43,-0.152824,0.171179,60765
19036,false,q0,-12,0.999994,79,BLUE,1,-0.152824,0.171179,60765
19148,false,q0,-12,0.999994,79,BLUE,1,-0.152824,0.171179,60765
19260,false,q0,-12,0.999994,79,BLUE,1,-0.152824,0.171179,60765
19372,false,q0,-12,0.999994,79,BLUE,1,-0.152824,0.171179,60765
19484,false,q0,-12,0.999994,79,BLUE,1,-0.152824,0.171179,60765
19596,false,q0,-12,0.999994,79,BLUE,1,-0.152824,0.171179,60765
19708,false,q0,-12,0.999994,79,BLUE,1,-0.152824,0.171179,60765
19820,false,q0,-12,0.999994,79,BLUE,1,-0.152824,0.171179,60765
19932,false,q0,-12,0.999994,79,BLUE,1,-0.152824,0.171179,60765
20044,false,q0,-12,0.999994,79,BLUE,1,-0.152824,0.171179,60765
20156,false,q0,-12,0.999994,79,BLUE,1,-0.152824,0.171179,60765
20268,false,q0,-12,0.999994,79,BLUE,1,-0.152824,0.171179,60765
20380,false,q0,-12,0.999994,79,BLUE,1,-0.152824,0.171179,60765
20492,false,q0,-12,0.999994,79,BLUE,1,-0.152824,0.171179,60765
20604,false,q0,-12,0.999994,79,BLUE,1,-0.152824,0.171179,60765
20716,false,q0,-12,0.999994,79,BLUE,1,-0.152824,0.171179,60765
20828,false,q0,-12,0.999994,79,BLUE,1,-0.152824,0.171179,60765
20940,false,q0,-12,0.999994,79,BLUE,1,-0.152824,0.171179,60765
21052,false,q0,-12,0.999994,79,BLUE,1,-0.152824,0.171179,60765
21164,false,q0,-12,0.999994,79,BLUE,1,-0.152824,0.171179,60765
21276,false,q0,-12,0.999994,79,BLUE,1,-0.152824,0.171179,60765
21388,false,q0,-12,0.999994,79,BLUE,1,-0.152824,0.171179,60765
21500,false,q0,-12,0.999994,79,BLUE,1,-0.152824,0.171179,60765
21612,false,q0,-12,0.999994,79,BLUE,1,-0.152824,0.171179,60765
21724,false,q0,-12,0.999994,79,BLUE,1,-0.152824,0.171179,60765
21836,false,q0,-12,0.999994,79,BLUE,1,-0.152824,0.171179,60765
21948,false,q0,-12,0.999994,79,BLUE,1,-0.152824,0.171179,60765
22060,false,q0,-12,0.999994,79,BLUE,1,-0.152824,0.171179,60765
22172,false,q0,-12,0.999994,79,BLUE,1,-0.152824,0.171179,60765
22284,false,q0,-12,0.999994,79,BLUE,1,-0.152824,0.171179,60765
22396,false,q0,-12,0.999994,79,BLUE,1,-0.152824,0.171179,60765
22508,false,q0,-12,0.999994,79,BLUE,1,-0.152824,0.171179,60765
22620,false,q0,-12,0.999994,79,BLUE,1,-0.152824,0.171179,60765
22732,false,q0,-12,0.999994,79,BLUE,1,-0.152824,0.171179,60765
22844,false,q0,-12,0.999994,79,BLUE,1,-0.152824,0.171179,60765
22956,false,q0,-12,0.999994,79,BLUE,1,-0.152824,0.171179,60765
23068,false,q0,-12,0.999994,79,BLUE,1,-0.152824,0.171179,60765
23180,false,q0,-12,0.999994,79,BLUE,1,-0.152824,0.171179,60765
23292,false,q0,-12,0.999994,79,BLUE,1,-0.152824,0.171179,60765
23404,false,q0,-12,0.999994,79,BLUE,1,-0.152824,0.171179,60765
23516,false,q0,-12,0.999994,79,BLUE,1,-0.152824,0.171179,60765
23628,false,q0,-12,0.999994,79,BLUE,1,-0.152824,0.171179,60765
23740,false,q0,-12,0.999994,79,BLUE,1,-0.152824,0.171179,60765
23852,false,q0,-12,0.999994,79,BLUE,1,-0.152824,0.171179,60765
23964,false,q0,-12,0.999994,79,BLUE,1,-0.152824,0.171179,60765
24076,false,q0,-12,0.999994,79,BLUE,1,-0.152824,0.171179,60765
24188,false,q0,-12,0.999994,79,BLUE,1,-0.152824,0.171179,60765
24300,false,q0,-12,0.999994,79,BLUE,1,-0.152824,0.171179,60765
24412,false,q0,-12,0.999994,79,BLUE,1,-0.152824,0.171179,60765
24524,false,q0,-12,0.999994,79,BLUE,1,-0.152824,0.171179,60765
24636,false,q0,-12,0.999994,79,BLUE,1,-0.152824,0.171179,60765
24748,false,q0,-12,0.999994,79,BLUE,1,-0.152824,0.171179,60765
24860,false,q0,-12,0.999994,79,BLUE,1,-0.152824,0.171179,60765
24972,false,q0,-12,0.999994,79,BLUE,1,-0.152824,0.171179,60765
25084,false,q0,-12,0.999994,79,BLUE,1,-0.152824,0.171179,60765
25196,false,q0,-12,0.999994,79,BLUE,1,-0.152824,0.171179,60765
25308,false,q0,-12,0.999994,79,BLUE,1,-0.152824,0.171179,60765
25420,false,q0,-12,0.999994,79,BLUE,1,-0.152824,0.171179,60765
25532,false,q0,-12,0.999994,79,BLUE,1,-0.152824,0.171179,60765
25644,false,q0,-12,0.999994,79,BLUE,1,-0.152824,0.171179,60765
25756,false,q0,-12,0.999994,79,BLUE,1,-0.152824,0.171179,60765
25868,false,q0,-12,0.999994,79,BLUE,1,-0.152824,0.171179,60765
25980,false,q0,-12,0.999994,79,BLUE,1,-0.152824,0.171179,60765
26092,false,q0,-12,0.999994,79,BLUE,1,-0.152824,0.171179,60765
26204,false,q0,-12,0.999994,79,BLUE,1,-0.152824,0.171179,60765
26316,false,q0,-12,0.999994,79,BLUE,1,-0.152824,0.171179,60765
26428,false,q0,-12,0.999994,79,BLUE,1,-0.152824,0.171179,60765
52,false,q0,0,0.5,600,BLUE,1,-0.152824,0.171179,23373
685,false,q0,-1,0.731059,597,BLUE,1,-0.152824,0.171179,23373
1315,false,q0,-2,0.880797,591,BLUE,1,-0.152824,0.171179,23373
1939,false,q0,-3,0.952574,576,BLUE,1,-0.152824,0.171179,23373
2548,false,q0,-4,0.982014,538,BLUE,1,-0.152824,0.171179,23373
3119,false,q0,-5,0.993307,460,BLUE,1,-0.152824,0.171179,23373
3655,false,q0,-6,0.997527,340,BLUE,43,-0.152824,0.171179,23373
4028,false,q0,-7,0.999089,219,BLUE,1,-0.152824,0.171179,23373
4280,false,q0,-8,0.999665,141,BLUE,1,-0.152824,0.171179,23373
4454,false,q0,-9,0.999877,104,BLUE,1,-0.152824,0.171179,23373
4591,false,q0,-10,0.999955,88,BLUE,1,-0.152824,0.171179,23373
4712,false,q0,-11,0.999983,82,BLUE,1,-0.152824,0.171179,23373
4827,false,q0,-12,0.999994,80,BLUE,1,-0.152824,0.171179,23373
4940,false,q0,-12,0.999994,79,BLUE,1,-0.152824,0.171179,23373
5052,false,q0,-12,0.999994,79,BLUE,1,-0.152824,0.171179,23373
5164,false,q0,-12,0.999994,79,BLUE,1,-0.152824,0.171179,23373
5276,false,q0,-12,0.999994,79,BLUE,1,-0.152824,0.171179,23373
5388,false,q0,-12,0.999994,79,BLUE,1,-0.152824,0.171179,23373
5500,false,q0,-12,0.999994,79,BLUE,1,-0.152824,0.171179,23373
5612,false,q0,-12,0.999994,79,BLUE,1,-0.152824,0.171179,23373
5724,false,q0,-12,0.999994,79,BLUE,1,-0.152824,0.171179,23373
5836,false,q0,-12,0.999994,79,BLUE,1,-0.152824,0.171179,23373
5948,false,q0,-12,0.999994,79,BLUE,1,-0.152824,0.171179,23373
6060,false,q0,-12,0.999994,79,BLUE,1,-0.152824,0.171179,23373
6172,false,q0,-12,0.999994,79,BLUE,1,-0.152824,0.171179,23373
6284,false,q0,-12,0.999994,79,BLUE,1,-0.152824,0.171179,23373
6396,false,q0,-12,0.999994,79,BLUE,1,-0.152824,0.171179,23373
6508,false,q0,-12,0.999994,79,BLUE,1,-0.152824,0.171179,23373
6620,false,q0,-12,0.999994,79,BLUE,1,-0.152824,0.171179,23373
6732,false,q0,-12,0.999994,79,BLUE,1,-0.152824,0.171179,23373
6844,false,q0,-12,0.999994,79,BLUE,1,-0.152824,0.171179,23373
6956,false,q0,-12,0.999994,79,BLUE,1,-0.152824,0.171179,23373
7068,false,q0,-12,0.999994,79,BLUE,1,-0.152824,0.171179,23373
7180,false,q0,-12,0.999994,79,BLUE,1,-0.152824,0.171179,23373
7292,false,q0,-12,0.999994,79,BLUE,1,-0.152824,0.171179,23373
7404,false,q0,-12,0.999994,79,BLUE,1,-0.152824,0.171179,23373
7516,false,q0,-12,0.999994,79,BLUE,1,-0.152824,0.171179,23373
7628,false,q0,-12,0.999994,79,BLUE,1,-0.152824,0.171179,23373
7740,false,q0,-12,0.999994,79,BLUE,1,-0.152824,0.171179,23373
7852,false,q0,-12,0.999994,79,BLUE,1,-0.152824,0.171179,23373
7964,false,q0,-12,0.999994,79,BLUE,1,-0.152824,0.171179,23373
8076,false,q0,-12,0.999994,79,BLUE,1,-0.152824,0.171179,23373
8188,false,q0,-12,0.999994,79,BLUE,1,-0.152824,0.171179,23373
8300,false,q0,-12,0.999994,79,BLUE,1,-0.152824,0.171179,23373
8412,false,q0,-12,0.999994,79,BLUE,1,-0.152824,0.171179,23373
8524,false,q0,-12,0.999994,79,BLUE,1,-0.152824,0.171179,23373
8636,false,q0,-12,0.999994,79,BLUE,1,-0.152824,0.171179,23373
8748,false,q0,-12,0.999994,79,BLUE,1,-0.152824,0.171179,23373
8860,false,q0,-12,0.999994,79,BLUE,1,-0.152824,0.171179,23373
8972,false,q0,-12,0.999994,79,BLUE,1,-0.152824,0.171179,23373
9084,false,q0,-12,0.999994,79,BLUE,1,-0.152824,0.171179,23373
9196,false,q0,-12,0.999994,79,BLUE,1,-0.152824,0.171179,23373
9308,false,q0,-12,0.999994,79,BLUE,1,-0.152824,0.171179,23373
9420,false,q0,-12,0.999994,79,BLUE,1,-0.152824,0.171179,23373
9532,false,q0,-12,0.999994,79,BLUE,1,-0.152824,0.171179,23373
9644,false,q0,-12,0.999994,79,BLUE,1,-0.152824,0.171179,23373
9756,false,q0,-12,0.999994,79,BLUE,1,-0.152824,0.171179,23373
9868,false,q0,-12,0.999994,79,BLUE,1,-0.152824,0.171179,23373
9980,false,q0,-12,0.999994,79,BLUE,1,-0.152824,0.171179,23373
10092,false,q0,-12,0.999994,79,BLUE,1,-0.152824,0.171179,23373
10204,false,q0,-12,0.999994,79,BLUE,1,-0.152824,0.171179,23373
10316,false,q0,-12,0.999994,79,BLUE,1,-0.152824,0.171179,23373
10428,false,q0,-12,0.999994,79,BLUE,1,-0.152824,0.171179,23373
10540,false,q0,-12,0.999994,79,BLUE,1,-0.152824,0.171179,23373
10652,false,q0,-12,0.999994,79,BLUE,1,-0.152824,0.171179,23373
10764,false,q0,-12,0.999994,79,BLUE,1,-0.152824,0.171179,23373
10876,false,q0,-12,0.999994,79,BLUE,1,-0.152824,0.171179,23373
10988,false,q0,-12,0.999994,79,BLUE,1,-0.152824,0.171179,23373
11100,false,q0,-12,0.999994,79,BLUE,1,-0.152824,0.171179,23373
11212,false,q0,-12,0.999994,79,BLUE,1,-0.152824,0.171179,23373
11324,false,q0,-12,0.999994,79,BLUE,1,-0.152824,0.171179,23373
11436,false,q0,-12,0.999994,79,BLUE,1,-0.152824,0.171179,23373
11548,false,q0,-12,0.999994,79,BLUE,1,-0.152824,0.171179,23373
11660,false,q0,-12,0.999994,79,BLUE,1,-0.152824,0.171179,23373
11815,false,q0,-12,0.999994,79,BLUE,43,-0.152824,0.171179,23373
11927,false,q0,-12,0.999994,79,BLUE,1,-0.152824,0.171179,23373
12039,false,q0,-12,0.999994,79,BLUE,1,-0.152824,0.171179,23373
12151,false,q0,-12,0.999994,79,BLUE,1,-0.152824,0.171179,23373
12263,false,q0,-12,0.999994,79,BLUE,1,-0.152824,0.171179,23373
12375,false,q0,-12,0.999994,79,BLUE,1,-0.152824,0.171179,23373
12487,false,q0,-12,0.999994,79,BLUE,1,-0.152824,0.171179,23373
12599,false,q0,-12,0.999994,79,BLUE,1,-0.152824,0.171179,23373
12711,false,q0,-12,0.999994,79,BLUE,1,-0.152824,0.171179,23373
12823,false,q0,-12,0.999994,79,BLUE,1,-0.152824,0.171179,23373
12935,false,q0,-12,0.999994,79,BLUE,1,-0.152824,0.171179,23373
13047,false,q0,-12,0.999994,79,BLUE,1,-0.152824,0.171179,23373
13159,false,q0,-12,0.999994,79,BLUE,1,-0.152824,0.171179,23373
13271,false,q0,-12,0.999994,79,BLUE,1,-0.152824,0.171179,23373
13383,false,q0,-12,0.999994,79,BLUE,1,-0.152824,0.171179,23373
13495,false,q0,-12,0.999994,79,BLUE,1,-0.152824,0.171179,23373
13607,false,q0,-12,0.999994,79,BLUE,1,-0.152824,0.171179,23373
13719,false,q0,-12,0.999994,79,BLUE,1,-0.152824,0.171179,23373
13831,false,q0,-12,0.999994,79,BLUE,1,-0.152824,0.171179,23373
13943,false,q0,-12,0.999994,79,BLUE,1,-0.152824,0.171179,23373
14055,false,q0,-12,0.999994,79,BLUE,1,-0.152824,0.171179,23373
14167,false,q0,-12,0.999994,79,BLUE,1,-0.152824,0.171179,23373
14279,false,q0,-12,0.999994,79,BLUE,1,-0.152824,0.171179,23373
14391,false,q0,-12,0.999994,79,BLUE,1,-0.152824,0.171179,23373
14503,false,q0,-12,0.999994,79,BLUE,1,-0.152824,0.171179,23373
14615,false,q0,-12,0.999994,79,BLUE,1,-0.152824,0.171179,23373
14727,false,q0,-12,0.999994,79,BLUE,1,-0.152824,0.171179,23373
14839,false,q0,-12,0.999994,79,BLUE,1,-0.152824,0.171179,23373
14951,false,q0,-12,0.999994,79,BLUE,1,-0.152824,0.171179,23373
15063,false,q0,-12,0.999994,79,BLUE,1,-0.152824,0.171179,23373
15175,false,q0,-12,0.999994,79,BLUE,1,-0.152824,0.171179,23373
15287,false,q0,-12,0.999994,79,BLUE,1,-0.152824,0.171179,23373
15399,false,q0,-12,0.999994,79,BLUE,1,-0.152824,0.171179,23373
15511,false,q0,-12,0.999994,79,BLUE,1,-0.152824,0.171179,23373
15623,false,q0,-12,0.999994,79,BLUE,1,-0.152824,0.171179,23373
15735,false,q0,-12,0.999994,79,BLUE,1,-0.152824,0.171179,23373
15847,false,q0,-12,0.999994,79,BLUE,1,-0.152824,0.171179,23373
15959,false,q0,-12,0.999994,79,BLUE,1,-0.152824,0.171179,23373
16071,false,q0,-12,0.999994,79,BLUE,1,-0.152824,0.171179,23373
16183,false,q0,-12,0.999994,79,BLUE,1,-0.152824,0.171179,23373
16295,false,q0,-12,0.999994,79,BLUE,1,-0.152824,0.171179,23373
16407,false,q0,-12,0.999994,79,BLUE,1,-0.152824,0.171179,23373
16519,false,q0,-12,0.999994,79,BLUE,1,-0.152824,0.171179,23373
16631,false,q0,-12,0.999994,79,BLUE,1,-0.152824,0.171179,23373
16743,false,q0,-12,0.999994,79,BLUE,1,-0.152824,0.171179,23373
16855,false,q0,-12,0.999994,79,BLUE,1,-0.152824,0.171179,23373
16967,false,q0,-12,0.999994,79,BLUE,1,-0.152824,0.171179,23373
17079,false,q0,-12,0.999994,79,BLUE,1,-0.152824,0.171179,23373
17191,false,q0,-12,0.999994,79,BLUE,1,-0.152824,0.171179,23373
17303,false,q0,-12,0.999994,79,BLUE,1,-0.152824,0.171179,23373
17415,false,q0,-12,0.999994,79,BLUE,1,-0.152824,0.171179,23373
17527,false,q0,-12,0.999994,79,BLUE,1,-0.152824,0.171179,23373
17639,false,q0,-12,0.999994,79,BLUE,1,-0.152824,0.171179,23373
17751,false,q0,-12,0.999994,79,BLUE,1,-0.152824,0.171179,23373
17863,false,q0,-12,0.999994,79,BLUE,1,-0.152824,0.171179,23373
17975,false,q0,-12,0.999994,79,BLUE,1,-0.152824,0.171179,23373
18087,false,q0,-12,0.999994,79,BLUE,1,-0.152824,0.171179,23373
18199,false,q0,-12,0.999994,79,BLUE,1,-0.152824,0.171179,23373
18311,false,q0,-12,0.999994,79,BLUE,1,-0.152824,0.171179,23373
18423,false,q0,-12,0.999994,79,BLUE,1,-0.152824,0.171179,23373
18535,false,q0,-12,0.999994,79,BLUE,1,-0.152824,0.171179,23373
18647,false,q0,-12,0.999994,79,BLUE,1,-0.152824,0.171179,23373
18759,false,q0,-12,0.999994,79,BLUE,1,-0.152824,0.171179,23373
18871,false,q0,-12,0.999994,79,BLUE,1,-0.152824,0.171179,23373
18983,false,q0,-12,0.999994,79,BLUE,1,-0.152824,0.171179,23373
19095,false,q0,-12,0.999994,79,BLUE,1,-0.152824,0.171179,23373
19207,false,q0,-12,0.999994,79,BLUE,1,-0.152824,0.171179,23373
19319,false,q0,-12,0.999994,79,BLUE,1,-0.152824,0.171179,23373
19474,false,q0,-12,0.999994,79,BLUE,43,-0.152824,0.171179,23373
19586,false,q0,-12,0.999994,79,BLUE,1,-0.152824,0.171179,23373
19698,false,q0,-12,0.999994,79,BLUE,1,-0.152824,0.171179,23373
19810,false,q0,-12,0.999994,79,BLUE,1,-0.152824,0.171179,23373
19922,false,q0,-12,0.999994,79,BLUE,1,-0.152824,0.171179,23373
20034,false,q0,-12,0.999994,79,BLUE,1,-0.152824,0.171179,23373
20146,false,q0,-12,0.999994,79,BLUE,1,-0.152824,0.171179,23373
20258,false,q0,-12,0.999994,79,BLUE,1,-0.152824,0.171179,23373
20370,false,q0,-12,0.999994,79,BLUE,1,-0.152824,0.171179,23373
20482,false,q0,-12,0.999994,79,BLUE,1,-0.152824,0.171179,23373
20594,false,q0,-12,0.999994,79,BLUE,1,-0.152824,0.171179,23373
20706,false,q0,-12,0.999994,79,BLUE,1,-0.152824,0.171179,23373
20818,false,q0,-12,0.999994,79,BLUE,1,-0.152824,0.171179,23373
20930,false,q0,-12,0.999994,79,BLUE,1,-0.152824,0.171179,23373
21042,false,q0,-12,0.999994,79,BLUE,1,-0.152824,0.171179,23373
21154,false,q0,-12,0.999994,79,BLUE,1,-0.152824,0.171179,23373
21266,false,q0,-12,0.999994,79,BLUE,1,-0.152824,0.171179,23373
21378,false,q0,-12,0.999994,79,BLUE,1,-0.152824,0.171179,23373
21490,false,q0,-12,0.999994,79,BLUE,1,-0.152824,0.171179,23373
21602,false,q0,-12,0.999994,79,BLUE,1,-0.152824,0.171179,23373
21714,false,q0,-12,0.999994,79,BLUE,1,-0.152824,0.171179,23373
21826,false,q0,-12,0.999994,79,BLUE,1,-0.152824,0.171179,23373
21938,false,q0,-12,0.999994,79,BLUE,1,-0.152824,0.171179,23373
22050,false,q0,-12,0.999994,79,BLUE,1,-0.152824,0.171179,23373
22162,false,q0,-12,0.999994,79,BLUE,1,-0.152824,0.171179,23373
22274,false,q0,-12,0.999994,79,BLUE,1,-0.152824,0.171179,23373
22386,false,q0,-12,0.999994,79,BLUE,1,-0.152824,0.171179,23373
22498,false,q0,-12,0.999994,79,BLUE,1,-0.152824,0.171179,23373
22610,false,q0,-12,0.999994,79,BLUE,1,-0.152824,0.171179,23373
22722,false,q0,-12,0.999994,79,BLUE,1,-0.152824,0.171179,23373
22834,false,q0,-12,0.999994,79,BLUE,1,-0.152824,0.171179,23373
22946,false,q0,-12,0.999994,79,BLUE,1,-0.152824,0.171179,23373
23058,false,q0,-12,0.999994,79,BLUE,1,-0.152824,0.171179,23373
23170,false,q0,-12,0.999994,79,BLUE,1,-0.152824,0.171179,23373
23282,false,q0,-12,0.999994,79,BLUE,1,-0.152824,0.171179,23373
23394,false,q0,-12,0.999994,79,BLUE,1,-0.152824,0.171179,23373
23506,false,q0,-12,0.999994,79,BLUE,1,-0.152824,0.171179,23373
23618,false,q0,-12,0.999994,79,BLUE,1,-0.152824,0.171179,23373
23730,false,q0,-12,0.999994,79,BLUE,1,-0.152824,0.171179,23373
23842,false,q0,-12,0.999994,79,BLUE,1,-0.152824,0.171179,23373
23954,false,q0,-12,0.999994,79,BLUE,1,-0.152824,0.171179,23373
24066,false,q0,-12,0.999994,79,BLUE,1,-0.152824,0.171179,23373
24178,false,q0,-12,0.999994,79,BLUE,1,-0.152824,0.171179,23373
24290,false,q0,-12,0.999994,79,BLUE,1,-0.152824,0.171179,23373
24402,false,q0,-12,0.999994,79,BLUE,1,-0.152824,0.171179,23373
24514,false,q0,-12,0.999994,79,BLUE,1,-0.152824,0.171179,23373
24626,false,q0,-12,0.999994,79,BLUE,1,-0.152824,0.171179,23373
24738,false,q0,-12,0.999994,79,BLUE,1,-0.152824,0.171179,23373
24850,false,q0,-12,0.999994,79,BLUE,1,-0.152824,0.171179,23373
24962,false,q0,-12,0.999994,79,BLUE,1,-0.152824,0.171179,23373
25074,false,q0,-12,0.999994,79,BLUE,1,-0.152824,0.171179,23373
25186,false,q0,-12,0.999994,79,BLUE,1,-0.152824,0.171179,23373
25298,false,q0,-12,0.999994,79,BLUE,1,-0.152824,0.171179,23373
25410,false,q0,-12,0.999994,79,BLUE,1,-0.152824,0.171179,23373
25522,false,q0,-12,0.999994,79,BLUE,1,-0.152824,0.171179,23373
25634,false,q0,-12,0.999994,79,BLUE,1,-0.152824,0.171179,23373
25746,false,q0,-12,0.999994,79,BLUE,1,-0.152824,0.171179,23373
25858,false,q0,-12,0.999994,79,BLUE,1,-0.152824,0.171179,23373
25970,false,q0,-12,0.999994,79,BLUE,1,-0.152824,0.171179,23373
26082,false,q0,-12,0.999994,79,BLUE,1,-0.152824,0.171179,23373
26194,false,q0,-12,0.999994,79,BLUE,1,-0.152824,0.171179,23373
26306,false,q0,-12,0.999994,79,BLUE,1,-0.152824,0.171179,23373
26418,false,q0,-12,0.999994,79,BLUE,1,-0.152824,0.171179,23373
26530,false,q0,-12,0.999994,79,BLUE,1,-0.152824,0.171179,23373
26642,false,q0,-12,0.999994,79,BLUE,1,-0.152824,0.171179,23373
26754,false,q0,-12,0.999994,79,BLUE,1,-0.152824,0.171179,23373
26866,false,q0,-12,0.999994,79,BLUE,1,-0.152824,0.171179,23373
26978,false,q0,-12,0.999994,79,BLUE,1,-0.152824,0.171179,23373
52,true,q0,0,1,600,BLUE,1,-0.152824,0.171179,5854
685,true,q0,-1,1,597,BLUE,1,-0.152824,0.171179,5854
1315,true,q0,-2,1,591,BLUE,1,-0.152824,0.171179,5854
1939,true,q0,-3,1,576,BLUE,1,-0.152824,0.171179,5854
2548,true,q0,-4,1,538,BLUE,1,-0.152824,0.171179,5854
3119,true,q0,-5,1,460,BLUE,1,-0.152824,0.171179,5854
3655,true,q0,-6,1,340,BLUE,43,-0.152824,0.171179,5854
4028,true,q0,-7,1,219,BLUE,1,-0.152824,0.171179,5854
4280,true,q0,-8,1,141,BLUE,1,-0.152824,0.171179,5854
4454,true,q0,-9,1,104,BLUE,1,-0.152824,0.171179,5854
4591,true,q0,-10,1,88,BLUE,1,-0.152824,0.171179,5854
4712,true,q0,-11,1,82,BLUE,1,-0.152824,0.171179,5854
4827,true,q0,-12,1,80,BLUE,1,-0.152824,0.171179,5854
4940,true,q0,-12,1,79,BLUE,1,-0.152824,0.171179,5854
5052,true,q0,-12,1,79,BLUE,1,-0.152824,0.171179,5854
5164,true,q0,-12,1,79,BLUE,1,-0.152824,0.171179,5854
5276,true,q0,-12,1,79,BLUE,1,-0.152824,0.171179,5854
5388,true,q0,-12,1,79,BLUE,1,-0.152824,0.171179,5854
5500,true,q0,-12,1,79,BLUE,1,-0.152824,0.171179,5854
5612,true,q0,-12,1,79,BLUE,1,-0.152824,0.171179,5854
5724,true,q0,-12,1,79,BLUE,1,-0.152824,0.171179,5854
5836,true,q0,-12,1,79,BLUE,1,-0.152824,0.171179,5854
5948,true,q0,-12,1,79,BLUE,1,-0.152824,0.171179,5854
6060,true,q0,-12,1,79,BLUE,1,-0.152824,0.171179,5854
6172,true,q0,-12,1,79,BLUE,1,-0.152824,0.171179,5854
6284,true,q0,-12,1,79,BLUE,1,-0.152824,0.171179,5854
6396,true,q0,-12,1,79,BLUE,1,-0.152824,0.171179,5854
6508,true,q0,-12,1,79,BLUE,1,-0.152824,0.171179,5854
6620,true,q0,-12,1,79,BLUE,1,-0.152824,0.171179,5854
6732,true,q0,-12,1,79,BLUE,1,-0.152824,0.171179,5854
6844,true,q0,-12,1,79,BLUE,1,-0.152824,0.171179,5854
6956,true,q0,-12,1,79,BLUE,1,-0.152824,0.171179,5854
7068,true,q0,-12,1,79,BLUE,1,-0.152824,0.171179,5854
7180,true,q0,-12,1,79,BLUE,1,-0.152824,0.171179,5854
7292,true,q0,-12,1,79,BLUE,1,-0.152824,0.171179,5854
7404,true,q0,-12,1,79,BLUE,1,-0.152824,0.171179,5854
7516,true,q0,-12,1,79,BLUE,1,-0.152824,0.171179,5854
7628,true,q0,-12,1,79,BLUE,1,-0.152824,0.171179,5854
7740,true,q0,-12,1,79,BLUE,1,-0.152824,0.171179,5854
7852,true,q0,-12,1,79,BLUE,1,-0.152824,0.171179,5854
7964,true,q0,-12,1,79,BLUE,1,-0.152824,0.171179,5854
8076,true,q0,-12,1,79,BLUE,1,-0.152824,0.171179,5854
8188,true,q0,-12,1,79,BLUE,1,-0.152824,0.171179,5854
8300,true,q0,-12,1,79,BLUE,1,-0.152824,0.171179,5854
8412,true,q0,-12,1,79,BLUE,1,-0.152824,0.171179,5854
8524,true,q0,-12,1,79,BLUE,1,-0.152824,0.171179,5854
8636,true,q0,-12,1,79,BLUE,1,-0.152824,0.171179,5854
8748,true,q0,-12,1,79,BLUE,1,-0.152824,0.171179,5854
8860,true,q0,-12,1,79,BLUE,1,-0.152824,0.171179,5854
8972,true,q0,-12,1,79,BLUE,1,-0.152824,0.171179,5854
9084,true,q0,-12,1,79,BLUE,1,-0.152824,0.171179,5854
9196,true,q0,-12,1,79,BLUE,1,-0.152824,0.171179,5854
9308,true,q0,-12,1,79,BLUE,1,-0.152824,0.171179,5854
9420,true,q0,-12,1,79,BLUE,1,-0.152824,0.171179,5854
9532,true,q0,-12,1,79,BLUE,1,-0.152824,0.171179,5854
9644,true,q0,-12,1,79,BLUE,1,-0.152824,0.171179,5854
9756,true,q0,-12,1,79,BLUE,1,-0.152824,0.171179,5854
9868,true,q0,-12,1,79,BLUE,1,-0.152824,0.171179,5854
9980,true,q0,-12,1,79,BLUE,1,-0.152824,0.171179,5854
10092,true,q0,-12,1,79,BLUE,1,-0.152824,0.171179,5854
10204,true,q0,-12,1,79,BLUE,1,-0.152824,0.171179,5854
10316,true,q0,-12,1,79,BLUE,1,-0.152824,0.171179,5854
10428,true,q0,-12,1,79,BLUE,1,-0.152824,0.171179,5854
10540,true,q0,-12,1,79,BLUE,1,-0.152824,0.171179,5854
10652,true,q0,-12,1,79,BLUE,1,-0.152824,0.171179,5854
10764,true,q0,-12,1,79,BLUE,1,-0.152824,0.171179,5854
10876,true,q0,-12,1,79,BLUE,1,-0.152824,0.171179,5854
10988,true,q0,-12,1,79,BLUE,1,-0.152824,0.171179,5854
11100,true,q0,-12,1,79,BLUE,1,-0.152824,0.171179,5854
11212,true,q0,-12,1,79,BLUE,1,-0.152824,0.171179,5854
11324,true,q0,-12,1,79,BLUE,1,-0.152824,0.171179,5854
11436,true,q0,-12,1,79,BLUE,1,-0.152824,0.171179,5854
11548,true,q0,-12,1,79,BLUE,1,-0.152824,0.171179,5854
11660,true,q0,-12,1,79,BLUE,1,-0.152824,0.171179,5854
11815,true,q0,-12,1,79,BLUE,43,-0.152824,0.171179,5854
11927,true,q0,-12,1,79,BLUE,1,-0.152824,0.171179,5854
12039,true,q0,-12,1,79,BLUE,1,-0.152824,0.171179,5854
12151,true,q0,-12,1,79,BLUE,1,-0.152824,0.171179,5854
12263,true,q0,-12,1,79,BLUE,1,-0.152824,0.171179,5854
12375,true,q0,-12,1,79,BLUE,1,-0.152824,0.171179,5854
12487,true,q0,-12,1,79,BLUE,1,-0.152824,0.171179,5854
12599,true,q0,-12,1,79,BLUE,1,-0.152824,0.171179,5854
12711,true,q0,-12,1,79,BLUE,1,-0.152824,0.171179,5854
12823,true,q0,-12,1,79,BLUE,1,-0.152824,0.171179,5854
12935,true,q0,-12,1,79,BLUE,1,-0.152824,0.171179,5854
13047,true,q0,-12,1,79,BLUE,1,-0.152824,0.171179,5854
13159,true,q0,-12,1,79,BLUE,1,-0.152824,0.171179,5854
13271,true,q0,-12,1,79,BLUE,1,-0.152824,0.171179,5854
13383,true,q0,-12,1,79,BLUE,1,-0.152824,0.171179,5854
13495,true,q0,-12,1,79,BLUE,1,-0.152824,0.171179,5854
13607,true,q0,-12,1,79,BLUE,1,-0.152824,0.171179,5854
13719,true,q0,-12,1,79,BLUE,1,-0.152824,0.171179,5854
13831,true,q0,-12,1,79,BLUE,1,-0.152824,0.171179,5854
13943,true,q0,-12,1,79,BLUE,1,-0.152824,0.171179,5854
14055,true,q0,-12,1,79,BLUE,1,-0.152824,0.171179,5854
14167,true,q0,-12,1,79,BLUE,1,-0.152824,0.171179,5854
14279,true,q0,-12,1,79,BLUE,1,-0.152824,0.171179,5854
14391,true,q0,-12,1,79,BLUE,1,-0.152824,0.171179,5854
14503,true,q0,-12,1,79,BLUE,1,-0.152824,0.171179,5854
14615,true,q0,-12,1,79,BLUE,1,-0.152824,0.171179,5854
14727,true,q0,-12,1,79,BLUE,1,-0.152824,0.171179,5854
14839,true,q0,-12,1,79,BLUE,1,-0.152824,0.171179,5854
14951,true,q0,-12,1,79,BLUE,1,-0.152824,0.171179,5854
15063,true,q0,-12,1,79,BLUE,1,-0.152824,0.171179,5854
15175,true,q0,-12,1,79,BLUE,1,-0.152824,0.171179,5854
15287,true,q0,-12,1,79,BLUE,1,-0.152824,0.171179,5854
15399,true,q0,-12,1,79,BLUE,1,-0.152824,0.171179,5854
15511,true,q0,-12,1,79,BLUE,1,-0.152824,0.171179,5854
15623,true,q0,-12,1,79,BLUE,1,-0.152824,0.171179,5854
15735,true,q0,-12,1,79,BLUE,1,-0.152824,0.171179,5854
15847,true,q0,-12,1,79,BLUE,1,-0.152824,0.171179,5854
15959,true,q0,-12,1,79,BLUE,1,-0.152824,0.171179,5854
16071,true,q0,-12,1,79,BLUE,1,-0.152824,0.171179,5854
16183,true,q0,-12,1,79,BLUE,1,-0.152824,0.171179,5854
16295,true,q0,-12,1,79,BLUE,1,-0.152824,0.171179,5854
16407,true,q0,-12,1,79,BLUE,1,-0.152824,0.171179,5854
16519,true,q0,-12,1,79,BLUE,1,-0.152824,0.171179,5854
16631,true,q0,-12,1,79,BLUE,1,-0.152824,0.171179,5854
16743,true,q0,-12,1,79,BLUE,1,-0.152824,0.171179,5854
16855,true,q0,-12,1,79,BLUE,1,-0.152824,0.171179,5854
16967,true,q0,-12,1,79,BLUE,1,-0.152824,0.171179,5854
17079,true,q0,-12,1,79,BLUE,1,-0.152824,0.171179,5854
17191,true,q0,-12,1,79,BLUE,1,-0.152824,0.171179,5854
17303,true,q0,-12,1,79,BLUE,1,-0.152824,0.171179,5854
17415,true,q0,-12,1,79,BLUE,1,-0.152824,0.171179,5854
17527,true,q0,-12,1,79,BLUE,1,-0.152824,0.171179,5854
17639,true,q0,-12,1,79,BLUE,1,-0.152824,0.171179,5854
17751,true,q0,-12,1,79,BLUE,1,-0.152824,0.171179,5854
17863,true,q0,-12,1,79,BLUE,1,-0.152824,0.171179,5854
17975,true,q0,-12,1,79,BLUE,1,-0.152824,0.171179,5854
18087,true,q0,-12,1,79,BLUE,1,-0.152824,0.171179,5854
18199,true,q0,-12,1,79,BLUE,1,-0.152824,0.171179,5854
18311,true,q0,-12,1,79,BLUE,1,-0.152824,0.171179,5854
18423,true,q0,-12,1,79,BLUE,1,-0.152824,0.171179,5854
18535,true,q0,-12,1,79,BLUE,1,-0.152824,0.171179,5854
18647,true,q0,-12,1,79,BLUE,1,-0.152824,0.171179,5854
18759,true,q0,-12,1,79,BLUE,1,-0.152824,0.171179,5854
18871,true,q0,-12,1,79,BLUE,1,-0.152824,0.171179,5854
18983,true,q0,-12,1,79,BLUE,1,-0.152824,0.171179,5854
19095,true,q0,-12,1,79,BLUE,1,-0.152824,0.171179,5854
19207,true,q0,-12,1,79,BLUE,1,-0.152824,0.171179,5854
19319,true,q0,-12,1,79,BLUE,1,-0.152824,0.171179,5854
19474,true,q0,-12,1,79,BLUE,43,-0.152824,0.171179,5854
19586,true,q0,-12,1,79,BLUE,1,-0.152824,0.171179,5854
19698,true,q0,-12,1,79,BLUE,1,-0.152824,0.171179,5854
19810,true,q0,-12,1,79,BLUE,1,-0.152824,0.171179,5854
19922,true,q0,-12,1,79,BLUE,1,-0.152824,0.171179,5854
20034,true,q0,-12,1,79,BLUE,1,-0.152824,0.171179,5854
20146,true,q0,-12,1,79,BLUE,1,-0.152824,0.171179,5854
20258,true,q0,-12,1,79,BLUE,1,-0.152824,0.171179,5854
20370,true,q0,-12,1,79,BLUE,1,-0.152824,0.171179,5854
20482,true,q0,-12,1,79,BLUE,1,-0.152824,0.171179,5854
20594,true,q0,-12,1,79,BLUE,1,-0.152824,0.171179,5854
20706,true,q0,-12,1,79,BLUE,1,-0.152824,0.171179,5854
20818,true,q0,-12,1,79,BLUE,1,-0.152824,0.171179,5854
20930,true,q0,-12,1,79,BLUE,1,-0.152824,0.171179,5854
21042,true,q0,-12,1,79,BLUE,1,-0.152824,0.171179,5854
21154,true,q0,-12,1,79,BLUE,1,-0.152824,0.171179,5854
21266,true,q0,-12,1,79,BLUE,1,-0.152824,0.171179,5854
21378,true,q0,-12,1,79,BLUE,1,-0.152824,0.171179,5854
21490,true,q0,-12,1,79,BLUE,1,-0.152824,0.171179,5854
21602,true,q0,-12,1,79,BLUE,1,-0.152824,0.171179,5854
21714,true,q0,-12,1,79,BLUE,1,-0.152824,0.171179,5854
21826,true,q0,-12,1,79,BLUE,1,-0.152824,0.171179,5854
21938,true,q0,-12,1,79,BLUE,1,-0.152824,0.171179,5854
22050,true,q0,-12,1,79,BLUE,1,-0.152824,0.171179,5854
22162,true,q0,-12,1,79,BLUE,1,-0.152824,0.171179,5854
22274,true,q0,-12,1,79,BLUE,1,-0.152824,0.171179,5854
22386,true,q0,-12,1,79,BLUE,1,-0.152824,0.171179,5854
22498,true,q0,-12,1,79,BLUE,1,-0.152824,0.171179,5854
22610,true,q0,-12,1,79,BLUE,1,-0.152824,0.171179,5854
22722,true,q0,-12,1,79,BLUE,1,-0.152824,0.171179,5854
22834,true,q0,-12,1,79,BLUE,1,-0.152824,0.171179,5854
22946,true,q0,-12,1,79,BLUE,1,-0.152824,0.171179,5854
23058,true,q0,-12,1,79,BLUE,1,-0.152824,0.171179,5854
23170,true,q0,-12,1,79,BLUE,1,-0.152824,0.171179,5854
23282,true,q0,-12,1,79,BLUE,1,-0.152824,0.171179,5854
23394,true,q0,-12,1,79,BLUE,1,-0.152824,0.171179,5854
23506,true,q0,-12,1,79,BLUE,1,-0.152824,0.171179,5854
23618,true,q0,-12,1,79,BLUE,1,-0.152824,0.171179,5854
23730,true,q0,-12,1,79,BLUE,1,-0.152824,0.171179,5854
23842,true,q0,-12,1,79,BLUE,1,-0.152824,0.171179,5854
23954,true,q0,-12,1,79,BLUE,1,-0.152824,0.171179,5854
24066,true,q0,-12,1,79,BLUE,1,-0.152824,0.171179,5854
24178,true,q0,-12,1,79,BLUE,1,-0.152824,0.171179,5854
24290,true,q0,-12,1,79,BLUE,1,-0.152824,0.171179,5854
24402,true,q0,-12,1,79,BLUE,1,-0.152824,0.171179,5854
24514,true,q0,-12,1,79,BLUE,1,-0.152824,0.171179,5854
24626,true,q0,-12,1,79,BLUE,1,-0.152824,0.171179,5854
24738,true,q0,-12,1,79,BLUE,1,-0.152824,0.171179,5854
24850,true,q0,-12,1,79,BLUE,1,-0.152824,0.171179,5854
24962,true,q0,-12,1,79,BLUE,1,-0.152824,0.171179,5854
25074,true,q0,-12,1,79,BLUE,1,-0.152824,0.171179,5854
25186,true,q0,-12,1,79,BLUE,1,-0.152824,0.171179,5854
25298,true,q0,-12,1,79,BLUE,1,-0.152824,0.171179,5854
25410,true,q0,-12,1,79,BLUE,1,-0.152824,0.171179,5854
25522,true,q0,-12,1,79,BLUE,1,-0.152824,0.171179,5854
25634,true,q0,-12,1,79,BLUE,1,-0.152824,0.171179,5854
25746,true,q0,-12,1,79,BLUE,1,-0.152824,0.171179,5854
25858,true,q0,-12,1,79,BLUE,1,-0.152824,0.171179,5854
25970,true,q0,-12,1,79,BLUE,1,-0.152824,0.171179,5854
26082,true,q0,-12,1,79,BLUE,1,-0.152824,0.171179,5854
26194,true,q0,-12,1,79,BLUE,1,-0.152824,0.171179,5854
26306,true,q0,-12,1,79,BLUE,1,-0.152824,0.171179,5854
26418,true,q0,-12,1,79,BLUE,1,-0.152824,0.171179,5854
26530,true,q0,-12,1,79,BLUE,1,-0.152824,0.171179,5854
26642,true,q0,-12,1,79,BLUE,1,-0.152824,0.171179,5854
26754,true,q0,-12,1,79,BLUE,1,-0.152824,0.171179,5854
26866,true,q0,-12,1,79,BLUE,1,-0.152824,0.171179,5854
26978,true,q0,-12,1,79,BLUE,1,-0.152824,0.171179,5854
52,true,q0,0,1,600,BLUE,1,-0.152824,0.171179,62934
685,true,q0,-1,1,597,BLUE,1,-0.152824,0.171179,62934
1315,true,q0,-2,1,591,BLUE,1,-0.152824,0.171179,62934
1939,true,q0,-3,1,576,BLUE,1,-0.152824,0.171179,62934
2548,true,q0,-4,1,538,BLUE,1,-0.152824,0.171179,62934
3119,true,q0,-5,1,460,BLUE,1,-0.152824,0.171179,62934
3655,true,q0,-6,1,340,BLUE,43,-0.152824,0.171179,62934
4028,true,q0,-7,1,219,BLUE,1,-0.152824,0.171179,62934
4280,true,q0,-8,1,141,BLUE,1,-0.152824,0.171179,62934
4454,true,q0,-9,1,104,BLUE,1,-0.152824,0.171179,62934
4591,true,q0,-10,1,88,BLUE,1,-0.152824,0.171179,62934
4712,true,q0,-11,1,82,BLUE,1,-0.152824,0.171179,62934
4827,true,q0,-12,1,80,BLUE,1,-0.152824,0.171179,62934
4940,true,q0,-12,1,79,BLUE,1,-0.152824,0.171179,62934
5052,true,q0,-12,1,79,BLUE,1,-0.152824,0.171179,62934
5164,true,q0,-12,1,79,BLUE,1,-0.152824,0.171179,62934
5276,true,q0,-12,1,79,BLUE,1,-0.152824,0.171179,62934
5388,true,q0,-12,1,79,BLUE,1,-0.152824,0.171179,62934
5500,true,q0,-12,1,79,BLUE,1,-0.152824,0.171179,62934
5612,true,q0,-12,1,79,BLUE,1,-0.152824,0.171179,62934
5724,true,q0,-12,1,79,BLUE,1,-0.152824,0.171179,62934
5836,true,q0,-12,1,79,BLUE,1,-0.152824,0.171179,62934
5948,true,q0,-12,1,79,BLUE,1,-0.152824,0.171179,62934
6060,true,q0,-12,1,79,BLUE,1,-0.152824,0.171179,62934
6172,true,q0,-12,1,79,BLUE,1,-0.152824,0.171179,62934
6284,true,q0,-12,1,79,BLUE,1,-0.152824,0.171179,62934
6396,true,q0,-12,1,79,BLUE,1,-0.152824,0.171179,62934
6508,true,q0,-12,1,79,BLUE,1,-0.152824,0.171179,62934
6620,true,q0,-12,1,79,BLUE,1,-0.152824,0.171179,62934
6732,true,q0,-12,1,79,BLUE,1,-0.152824,0.171179,62934
6844,true,q0,-12,1,79,BLUE,1,-0.152824,0.171179,62934
6956,true,q0,-12,1,79,BLUE,1,-0.152824,0.171179,62934
7068,true,q0,-12,1,79,BLUE,1,-0.152824,0.171179,62934
7180,true,q0,-12,1,79,BLUE,1,-0.152824,0.171179,62934
7292,true,q0,-12,1,79,BLUE,1,-0.152824,0.171179,62934
7404,true,q0,-12,1,79,BLUE,1,-0.152824,0.171179,62934
7516,true,q0,-12,1,79,BLUE,1,-0.152824,0.171179,62934
7628,true,q0,-12,1,79,BLUE,1,-0.152824,0.171179,62934
7740,true,q0,-12,1,79,BLUE,1,-0.152824,0.171179,62934
7852,true,q0,-12,1,79,BLUE,1,-0.152824,0.171179,62934
7964,true,q0,-12,1,79,BLUE,1,-0.152824,0.171179,62934
8076,true,q0,-12,1,79,BLUE,1,-0.152824,0.171179,62934
8188,true,q0,-12,1,79,BLUE,1,-0.152824,0.171179,62934
8300,true,q0,-12,1,79,BLUE,1,-0.152824,0.171179,62934
8412,true,q0,-12,1,79,BLUE,1,-0.152824,0.171179,62934
8524,true,q0,-12,1,79,BLUE,1,-0.152824,0.171179,62934
8636,true,q0,-12,1,79,BLUE,1,-0.152824,0.171179,62934
8748,true,q0,-12,1,79,BLUE,1,-0.152824,0.171179,62934
8860,true,q0,-12,1,79,BLUE,1,-0.152824,0.171179,62934
8972,true,q0,-12,1,79,BLUE,1,-0.152824,0.171179,62934
9084,true,q0,-12,1,79,BLUE,1,-0.152824,0.171179,62934
9196,true,q0,-12,1,79,BLUE,1,-0.152824,0.171179,62934
9308,true,q0,-12,1,79,BLUE,1,-0.152824,0.171179,62934
9420,true,q0,-12,1,79,BLUE,1,-0.152824,0.171179,62934
9532,true,q0,-12,1,79,BLUE,1,-0.152824,0.171179,62934
9644,true,q0,-12,1,79,BLUE,1,-0.152824,0.171179,62934
9756,true,q0,-12,1,79,BLUE,1,-0.152824,0.171179,62934
9868,true,q0,-12,1,79,BLUE,1,-0.152824,0.171179,62934
9980,true,q0,-12,1,79,BLUE,1,-0.152824,0.171179,62934
10092,true,q0,-12,1,79,BLUE,1,-0.152824,0.171179,62934
10204,true,q0,-12,1,79,BLUE,1,-0.152824,0.171179,62934
10316,true,q0,-12,1,79,BLUE,1,-0.152824,0.171179,62934
10428,true,q0,-12,1,79,BLUE,1,-0.152824,0.171179,62934
10540,true,q0,-12,1,79,BLUE,1,-0.152824,0.171179,62934
10652,true,q0,-12,1,79,BLUE,1,-0.152824,0.171179,62934
10764,true,q0,-12,1,79,BLUE,1,-0.152824,0.171179,62934
10876,true,q0,-12,1,79,BLUE,1,-0.152824,0.171179,62934
10988,true,q0,-12,1,79,BLUE,1,-0.152824,0.171179,62934
11100,true,q0,-12,1,79,BLUE,1,-0.152824,0.171179,62934
11212,true,q0,-12,1,79,BLUE,1,-0.152824,0.171179,62934
11324,true,q0,-12,1,79,BLUE,1,-0.152824,0.171179,62934
11436,true,q0,-12,1,79,BLUE,1,-0.152824,0.171179,62934
11548,true,q0,-12,1,79,BLUE,1,-0.152824,0.171179,62934
11660,true,q0,-12,1,79,BLUE,1,-0.152824,0.171179,62934
11815,true,q0,-12,1,79,BLUE,43,-0.152824,0.171179,62934
11927,true,q0,-12,1,79,BLUE,1,-0.152824,0.171179,62934
12039,true,q0,-12,1,79,BLUE,1,-0.152824,0.171179,62934
12151,true,q0,-12,1,79,BLUE,1,-0.152824,0.171179,62934
12263,true,q0,-12,1,79,BLUE,1,-0.152824,0.171179,62934
12375,true,q0,-12,1,79,BLUE,1,-0.152824,0.171179,62934
12487,true,q0,-12,1,79,BLUE,1,-0.152824,0.171179,62934
12599,true,q0,-12,1,79,BLUE,1,-0.152824,0.171179,62934
12711,true,q0,-12,1,79,BLUE,1,-0.152824,0.171179,62934
12823,true,q0,-12,1,79,BLUE,1,-0.152824,0.171179,62934
12935,true,q0,-12,1,79,BLUE,1,-0.152824,0.171179,62934
13047,true,q0,-12,1,79,BLUE,1,-0.152824,0.171179,62934
13159,true,q0,-12,1,79,BLUE,1,-0.152824,0.171179,62934
13271,true,q0,-12,1,79,BLUE,1,-0.152824,0.171179,62934
13383,true,q0,-12,1,79,BLUE,1,-0.152824,0.171179,62934
13495,true,q0,-12,1,79,BLUE,1,-0.152824,0.171179,62934
13607,true,q0,-12,1,79,BLUE,1,-0.152824,0.171179,62934
13719,true,q0,-12,1,79,BLUE,1,-0.152824,0.171179,62934
13831,true,q0,-12,1,79,BLUE,1,-0.152824,0.171179,62934
13943,true,q0,-12,1,79,BLUE,1,-0.152824,0.171179,62934
14055,true,q0,-12,1,79,BLUE,1,-0.152824,0.171179,62934
14167,true,q0,-12,1,79,BLUE,1,-0.152824,0.171179,62934
14279,true,q0,-12,1,79,BLUE,1,-0.152824,0.171179,62934
14391,true,q0,-12,1,79,BLUE,1,-0.152824,0.171179,62934
14503,true,q0,-12,1,79,BLUE,1,-0.152824,0.171179,62934
14615,true,q0,-12,1,79,BLUE,1,-0.152824,0.171179,62934
14727,true,q0,-12,1,79,BLUE,1,-0.152824,0.171179,62934
14839,true,q0,-12,1,79,BLUE,1,-0.152824,0.171179,62934
14951,true,q0,-12,1,79,BLUE,1,-0.152824,0.171179,62934
15063,true,q0,-12,1,79,BLUE,1,-0.152824,0.171179,62934
15175,true,q0,-12,1,79,BLUE,1,-0.152824,0.171179,62934
15287,true,q0,-12,1,79,BLUE,1,-0.152824,0.171179,62934
15399,true,q0,-12,1,79,BLUE,1,-0.152824,0.171179,62934
15511,true,q0,-12,1,79,BLUE,1,-0.152824,0.171179,62934
15623,true,q0,-12,1,79,BLUE,1,-0.152824,0.171179,62934
15735,true,q0,-12,1,79,BLUE,1,-0.152824,0.171179,62934
15847,true,q0,-12,1,79,BLUE,1,-0.152824,0.171179,62934
15959,true,q0,-12,1,79,BLUE,1,-0.152824,0.171179,62934
16071,true,q0,-12,1,79,BLUE,1,-0.152824,0.171179,62934
16183,true,q0,-12,1,79,BLUE,1,-0.152824,0.171179,62934
16295,true,q0,-12,1,79,BLUE,1,-0.152824,0.171179,62934
16407,true,q0,-12,1,79,BLUE,1,-0.152824,0.171179,62934
16519,true,q0,-12,1,79,BLUE,1,-0.152824,0.171179,62934
16631,true,q0,-12,1,79,BLUE,1,-0.152824,0.171179,62934
16743,true,q0,-12,1,79,BLUE,1,-0.152824,0.171179,62934
16855,true,q0,-12,1,79,BLUE,1,-0.152824,0.171179,62934
16967,true,q0,-12,1,79,BLUE,1,-0.152824,0.171179,62934
17079,true,q0,-12,1,79,BLUE,1,-0.152824,0.171179,62934
17191,true,q0,-12,1,79,BLUE,1,-0.152824,0.171179,62934
17303,true,q0,-12,1,79,BLUE,1,-0.152824,0.171179,62934
17415,true,q0,-12,1,79,BLUE,1,-0.152824,0.171179,62934
17527,true,q0,-12,1,79,BLUE,1,-0.152824,0.171179,62934
17639,true,q0,-12,1,79,BLUE,1,-0.152824,0.171179,62934
17751,true,q0,-12,1,79,BLUE,1,-0.152824,0.171179,62934
17863,true,q0,-12,1,79,BLUE,1,-0.152824,0.171179,62934
17975,true,q0,-12,1,79,BLUE,1,-0.152824,0.171179,62934
18087,true,q0,-12,1,79,BLUE,1,-0.152824,0.171179,62934
18199,true,q0,-12,1,79,BLUE,1,-0.152824,0.171179,62934
18311,true,q0,-12,1,79,BLUE,1,-0.152824,0.171179,62934
18423,true,q0,-12,1,79,BLUE,1,-0.152824,0.171179,62934
18535,true,q0,-12,1,79,BLUE,1,-0.152824,0.171179,62934
18647,true,q0,-12,1,79,BLUE,1,-0.152824,0.171179,62934
18759,true,q0,-12,1,79,BLUE,1,-0.152824,0.171179,62934
18871,true,q0,-12,1,79,BLUE,1,-0.152824,0.171179,62934
18983,true,q0,-12,1,79,BLUE,1,-0.152824,0.171179,62934
19095,true,q0,-12,1,79,BLUE,1,-0.152824,0.171179,62934
19207,true,q0,-12,1,79,BLUE,1,-0.152824,0.171179,62934
19319,true,q0,-12,1,79,BLUE,1,-0.152824,0.171179,62934
19474,true,q0,-12,1,79,BLUE,43,-0.152824,0.171179,62934
19586,true,q0,-12,1,79,BLUE,1,-0.152824,0.171179,62934
19698,true,q0,-12,1,79,BLUE,1,-0.152824,0.171179,62934
19810,true,q0,-12,1,79,BLUE,1,-0.152824,0.171179,62934
19922,true,q0,-12,1,79,BLUE,1,-0.152824,0.171179,62934
20034,true,q0,-12,1,79,BLUE,1,-0.152824,0.171179,62934
20146,true,q0,-12,1,79,BLUE,1,-0.152824,0.171179,62934
20258,true,q0,-12,1,79,BLUE,1,-0.152824,0.171179,62934
20370,true,q0,-12,1,79,BLUE,1,-0.152824,0.171179,62934
20482,true,q0,-12,1,79,BLUE,1,-0.152824,0.171179,62934
20594,true,q0,-12,1,79,BLUE,1,-0.152824,0.171179,62934
20706,true,q0,-12,1,79,BLUE,1,-0.152824,0.171179,62934
20818,true,q0,-12,1,79,BLUE,1,-0.152824,0.171179,62934
20930,true,q0,-12,1,79,BLUE,1,-0.152824,0.171179,62934
21042,true,q0,-12,1,79,BLUE,1,-0.152824,0.171179,62934
21154,true,q0,-12,1,79,BLUE,1,-0.152824,0.171179,62934
21266,true,q0,-12,1,79,BLUE,1,-0.152824,0.171179,62934
21378,true,q0,-12,1,79,BLUE,1,-0.152824,0.171179,62934
21490,true,q0,-12,1,79,BLUE,1,-0.152824,0.171179,62934
21602,true,q0,-12,1,79,BLUE,1,-0.152824,0.171179,62934
21714,true,q0,-12,1,79,BLUE,1,-0.152824,0.171179,62934
21826,true,q0,-12,1,79,BLUE,1,-0.152824,0.171179,62934
21938,true,q0,-12,1,79,BLUE,1,-0.152824,0.171179,62934
22050,true,q0,-12,1,79,BLUE,1,-0.152824,0.171179,62934
22162,true,q0,-12,1,79,BLUE,1,-0.152824,0.171179,62934
22274,true,q0,-12,1,79,BLUE,1,-0.152824,0.171179,62934
22386,true,q0,-12,1,79,BLUE,1,-0.152824,0.171179,62934
22498,true,q0,-12,1,79,BLUE,1,-0.152824,0.171179,62934
22610,true,q0,-12,1,79,BLUE,1,-0.152824,0.171179,62934
22722,true,q0,-12,1,79,BLUE,1,-0.152824,0.171179,62934
22834,true,q0,-12,1,79,BLUE,1,-0.152824,0.171179,62934
22946,true,q0,-12,1,79,BLUE,1,-0.152824,0.171179,62934
23058,true,q0,-12,1,79,BLUE,1,-0.152824,0.171179,62934
23170,true,q0,-12,1,79,BLUE,1,-0.152824,0.171179,62934
23282,true,q0,-12,1,79,BLUE,1,-0.152824,0.171179,62934
23394,true,q0,-12,1,79,BLUE,1,-0.152824,0.171179,62934
23506,true,q0,-12,1,79,BLUE,1,-0.152824,0.171179,62934
23618,true,q0,-12,1,79,BLUE,1,-0.152824,0.171179,62934
23730,true,q0,-12,1,79,BLUE,1,-0.152824,0.171179,62934
23842,true,q0,-12,1,79,BLUE,1,-0.152824,0.171179,62934
23954,true,q0,-12,1,79,BLUE,1,-0.152824,0.171179,62934
24066,true,q0,-12,1,79,BLUE,1,-0.152824,0.171179,62934
24178,true,q0,-12,1,79,BLUE,1,-0.152824,0.171179,62934
24290,true,q0,-12,1,79,BLUE,1,-0.152824,0.171179,62934
24402,true,q0,-12,1,79,BLUE,1,-0.152824,0.171179,62934
24514,true,q0,-12,1,79,BLUE,1,-0.152824,0.171179,62934
24626,true,q0,-12,1,79,BLUE,1,-0.152824,0.171179,62934
24738,true,q0,-12,1,79,BLUE,1,-0.152824,0.171179,62934
24850,true,q0,-12,1,79,BLUE,1,-0.152824,0.171179,62934
24962,true,q0,-12,1,79,BLUE,1,-0.152824,0.171179,62934
25074,true,q0,-12,1,79,BLUE,1,-0.152824,0.171179,62934
25186,true,q0,-12,1,79,BLUE,1,-0.152824,0.171179,62934
25298,true,q0,-12,1,79,BLUE,1,-0.152824,0.171179,62934
25410,true,q0,-12,1,79,BLUE,1,-0.152824,0.171179,62934
25522,true,q0,-12,1,79,BLUE,1,-0.152824,0.171179,62934
25634,true,q0,-12,1,79,BLUE,1,-0.152824,0.171179,62934
25746,true,q0,-12,1,79,BLUE,1,-0.152824,0.171179,62934
25858,true,q0,-12,1,79,BLUE,1,-0.152824,0.171179,62934
25970,true,q0,-12,1,79,BLUE,1,-0.152824,0.171179,62934
26082,true,q0,-12,1,79,BLUE,1,-0.152824,0.171179,62934
26194,true,q0,-12,1,79,BLUE,1,-0.152824,0.171179,62934
26306,true,q0,-12,1,79,BLUE,1,-0.152824,0.171179,62934
26418,true,q0,-12,1,79,BLUE,1,-0.152824,0.171179,62934
26530,true,q0,-12,1,79,BLUE,1,-0.152824,0.171179,62934
26642,true,q0,-12,1,79,BLUE,1,-0.152824,0.171179,62934
26754,true,q0,-12,1,79,BLUE,1,-0.152824,0.171179,62934
26866,true,q0,-12,1,79,BLUE,1,-0.152824,0.171179,62934
26978,true,q0,-12,1,79,BLUE,1,-0.152824,0.171179,62934
52,true,q0,0,1,600,BLUE,1,-0.152824,0.171179,34376
685,true,q0,-1,1,597,BLUE,1,-0.152824,0.171179,34376
1315,true,q0,-2,1,591,BLUE,1,-0.152824,0.171179,34376
1939,true,q0,-3,1,576,BLUE,1,-0.152824,0.171179,34376
2548,true,q0,-4,1,538,BLUE,1,-0.152824,0.171179,34376
3119,true,q0,-5,1,460,BLUE,1,-0.152824,0.171179,34376
3655,true,q0,-6,1,340,BLUE,43,-0.152824,0.171179,34376
4028,true,q0,-7,1,219,BLUE,1,-0.152824,0.171179,34376
4280,true,q0,-8,1,141,BLUE,1,-0.152824,0.171179,34376
4454,true,q0,-9,1,104,BLUE,1,-0.152824,0.171179,34376
4591,true,q0,-10,1,88,BLUE,1,-0.152824,0.171179,34376
4712,true,q0,-11,1,82,BLUE,1,-0.152824,0.171179,34376
4827,true,q0,-12,1,80,BLUE,1,-0.152824,0.171179,34376
4940,true,q0,-12,1,79,BLUE,1,-0.152824,0.171179,34376
5052,true,q0,-12,1,79,BLUE,1,-0.152824,0.171179,34376
5164,true,q0,-12,1,79,BLUE,1,-0.152824,0.171179,34376
5276,true,q0,-12,1,79,BLUE,1,-0.152824,0.171179,34376
5388,true,q0,-12,1,79,BLUE,1,-0.152824,0.171179,34376
5500,true,q0,-12,1,79,BLUE,1,-0.152824,0.171179,34376
5612,true,q0,-12,1,79,BLUE,1,-0.152824,0.171179,34376
5724,true,q0,-12,1,79,BLUE,1,-0.152824,0.171179,34376
5836,true,q0,-12,1,79,BLUE,1,-0.152824,0.171179,34376
5948,true,q0,-12,1,79,BLUE,1,-0.152824,0.171179,34376
6060,true,q0,-12,1,79,BLUE,1,-0.152824,0.171179,34376
6172,true,q0,-12,1,79,BLUE,1,-0.152824,0.171179,34376
6284,true,q0,-12,1,79,BLUE,1,-0.152824,0.171179,34376
6396,true,q0,-12,1,79,BLUE,1,-0.152824,0.171179,34376
6508,true,q0,-12,1,79,BLUE,1,-0.152824,0.171179,34376
6620,true,q0,-12,1,79,BLUE,1,-0.152824,0.171179,34376
6732,true,q0,-12,1,79,BLUE,1,-0.152824,0.171179,34376
6844,true,q0,-12,1,79,BLUE,1,-0.152824,0.171179,34376
6956,true,q0,-12,1,79,BLUE,1,-0.152824,0.171179,34376
7068,true,q0,-12,1,79,BLUE,1,-0.152824,0.171179,34376
7180,true,q0,-12,1,79,BLUE,1,-0.152824,0.171179,34376
7292,true,q0,-12,1,79,BLUE,1,-0.152824,0.171179,34376
7404,true,q0,-12,1,79,BLUE,1,-0.152824,0.171179,34376
7516,true,q0,-12,1,79,BLUE,1,-0.152824,0.171179,34376
7628,true,q0,-12,1,79,BLUE,1,-0.152824,0.171179,34376
7740,true,q0,-12,1,79,BLUE,1,-0.152824,0.171179,34376
7852,true,q0,-12,1,79,BLUE,1,-0.152824,0.171179,34376
7964,true,q0,-12,1,79,BLUE,1,-0.152824,0.171179,34376
8076,true,q0,-12,1,79,BLUE,1,-0.152824,0.171179,34376
8188,true,q0,-12,1,79,BLUE,1,-0.152824,0.171179,34376
8300,true,q0,-12,1,79,BLUE,1,-0.152824,0.171179,34376
8412,true,q0,-12,1,79,BLUE,1,-0.152824,0.171179,34376
8524,true,q0,-12,1,79,BLUE,1,-0.152824,0.171179,34376
8636,true,q0,-12,1,79,BLUE,1,-0.152824,0.171179,34376
8748,true,q0,-12,1,79,BLUE,1,-0.152824,0.171179,34376
8860,true,q0,-12,1,79,BLUE,1,-0.152824,0.171179,34376
8972,true,q0,-12,1,79,BLUE,1,-0.152824,0.171179,34376
9084,true,q0,-12,1,79,BLUE,1,-0.152824,0.171179,34376
9196,true,q0,-12,1,79,BLUE,1,-0.152824,0.171179,34376
9308,true,q0,-12,1,79,BLUE,1,-0.152824,0.171179,34376
9420,true,q0,-12,1,79,BLUE,1,-0.152824,0.171179,34376
9532,true,q0,-12,1,79,BLUE,1,-0.152824,0.171179,34376
9644,true,q0,-12,1,79,BLUE,1,-0.152824,0.171179,34376
9756,true,q0,-12,1,79,BLUE,1,-0.152824,0.171179,34376
9868,true,q0,-12,1,79,BLUE,1,-0.152824,0.171179,34376
9980,true,q0,-12,1,79,BLUE,1,-0.152824,0.171179,34376
10092,true,q0,-12,1,79,BLUE,1,-0.152824,0.171179,34376
10204,true,q0,-12,1,79,BLUE,1,-0.152824,0.171179,34376
10316,true,q0,-12,1,79,BLUE,1,-0.152824,0.171179,34376
10428,true,q0,-12,1,79,BLUE,1,-0.152824,0.171179,34376
10540,true,q0,-12,1,79,BLUE,1,-0.152824,0.171179,34376
10652,true,q0,-12,1,79,BLUE,1,-0.152824,0.171179,34376
10764,true,q0,-12,1,79,BLUE,1,-0.152824,0.171179,34376
10876,true,q0,-12,1,79,BLUE,1,-0.152824,0.171179,34376
10988,true,q0,-12,1,79,BLUE,1,-0.152824,0.171179,34376
11100,true,q0,-12,1,79,BLUE,1,-0.152824,0.171179,34376
11212,true,q0,-12,1,79,BLUE,1,-0.152824,0.171179,34376
11324,true,q0,-12,1,79,BLUE,1,-0.152824,0.171179,34376
11436,true,q0,-12,1,79,BLUE,1,-0.152824,0.171179,34376
11548,true,q0,-12,1,79,BLUE,1,-0.152824,0.171179,34376
11660,true,q0,-12,1,79,BLUE,1,-0.152824,0.171179,34376
11815,true,q0,-12,1,79,BLUE,43,-0.152824,0.171179,34376
11927,true,q0,-12,1,79,BLUE,1,-0.152824,0.171179,34376
12039,true,q0,-12,1,79,BLUE,1,-0.152824,0.171179,34376
12151,true,q0,-12,1,79,BLUE,1,-0.152824,0.171179,34376
12263,true,q0,-12,1,79,BLUE,1,-0.152824,0.171179,34376
12375,true,q0,-12,1,79,BLUE,1,-0.152824,0.171179,34376
12487,true,q0,-12,1,79,BLUE,1,-0.152824,0.171179,34376
12599,true,q0,-12,1,79,BLUE,1,-0.152824,0.171179,34376
12711,true,q0,-12,1,79,BLUE,1,-0.152824,0.171179,34376
12823,true,q0,-12,1,79,BLUE,1,-0.152824,0.171179,34376
12935,true,q0,-12,1,79,BLUE,1,-0.152824,0.171179,34376
13047,true,q0,-12,1,79,BLUE,1,-0.152824,0.171179,34376
13159,true,q0,-12,1,79,BLUE,1,-0.152824,0.171179,34376
13271,true,q0,-12,1,79,BLUE,1,-0.152824,0.171179,34376
13383,true,q0,-12,1,79,BLUE,1,-0.152824,0.171179,34376
13495,true,q0,-12,1,79,BLUE,1,-0.152824,0.171179,34376
13607,true,q0,-12,1,79,BLUE,1,-0.152824,0.171179,34376
13719,true,q0,-12,1,79,BLUE,1,-0.152824,0.171179,34376
13831,true,q0,-12,1,79,BLUE,1,-0.152824,0.171179,34376
13943,true,q0,-12,1,79,BLUE,1,-0.152824,0.171179,34376
14055,true,q0,-12,1,79,BLUE,1,-0.152824,0.171179,34376
14167,true,q0,-12,1,79,BLUE,1,-0.152824,0.171179,34376
14279,true,q0,-12,1,79,BLUE,1,-0.152824,0.171179,34376
14391,true,q0,-12,1,79,BLUE,1,-0.152824,0.171179,34376
14503,true,q0,-12,1,79,BLUE,1,-0.152824,0.171179,34376
14615,true,q0,-12,1,79,BLUE,1,-0.152824,0.171179,34376
14727,true,q0,-12,1,79,BLUE,1,-0.152824,0.171179,34376
14839,true,q0,-12,1,79,BLUE,1,-0.152824,0.171179,34376
14951,true,q0,-12,1,79,BLUE,1,-0.152824,0.171179,34376
15063,true,q0,-12,1,79,BLUE,1,-0.152824,0.171179,34376
15175,true,q0,-12,1,79,BLUE,1,-0.152824,0.171179,34376
15287,true,q0,-12,1,79,BLUE,1,-0.152824,0.171179,34376
15399,true,q0,-12,1,79,BLUE,1,-0.152824,0.171179,34376
15511,true,q0,-12,1,79,BLUE,1,-0.152824,0.171179,34376
15623,true,q0,-12,1,79,BLUE,1,-0.152824,0.171179,34376
15735,true,q0,-12,1,79,BLUE,1,-0.152824,0.171179,34376
15847,true,q0,-12,1,79,BLUE,1,-0.152824,0.171179,34376
15959,true,q0,-12,1,79,BLUE,1,-0.152824,0.171179,34376
16071,true,q0,-12,1,79,BLUE,1,-0.152824,0.171179,34376
16183,true,q0,-12,1,79,BLUE,1,-0.152824,0.171179,34376
16295,true,q0,-12,1,79,BLUE,1,-0.152824,0.171179,34376
16407,true,q0,-12,1,79,BLUE,1,-0.152824,0.171179,34376
16519,true,q0,-12,1,79,BLUE,1,-0.152824,0.171179,34376
16631,true,q0,-12,1,79,BLUE,1,-0.152824,0.171179,34376
16743,true,q0,-12,1,79,BLUE,1,-0.152824,0.171179,34376
16855,true,q0,-12,1,79,BLUE,1,-0.152824,0.171179,34376
16967,true,q0,-12,1,79,BLUE,1,-0.152824,0.171179,34376
17079,true,q0,-12,1,79,BLUE,1,-0.152824,0.171179,34376
17191,true,q0,-12,1,79,BLUE,1,-0.152824,0.171179,34376
17303,true,q0,-12,1,79,BLUE,1,-0.152824,0.171179,34376
17415,true,q0,-12,1,79,BLUE,1,-0.152824,0.171179,34376
17527,true,q0,-12,1,79,BLUE,1,-0.152824,0.171179,34376
17639,true,q0,-12,1,79,BLUE,1,-0.152824,0.171179,34376
17751,true,q0,-12,1,79,BLUE,1,-0.152824,0.171179,34376
17863,true,q0,-12,1,79,BLUE,1,-0.152824,0.171179,34376
17975,true,q0,-12,1,79,BLUE,1,-0.152824,0.171179,34376
18087,true,q0,-12,1,79,BLUE,1,-0.152824,0.171179,34376
18199,true,q0,-12,1,79,BLUE,1,-0.152824,0.171179,34376
18311,true,q0,-12,1,79,BLUE,1,-0.152824,0.171179,34376
18423,true,q0,-12,1,79,BLUE,1,-0.152824,0.171179,34376
18535,true,q0,-12,1,79,BLUE,1,-0.152824,0.171179,34376
18647,true,q0,-12,1,79,BLUE,1,-0.152824,0.171179,34376
18759,true,q0,-12,1,79,BLUE,1,-0.152824,0.171179,34376
18871,true,q0,-12,1,79,BLUE,1,-0.152824,0.171179,34376
18983,true,q0,-12,1,79,BLUE,1,-0.152824,0.171179,34376
19095,true,q0,-12,1,79,BLUE,1,-0.152824,0.171179,34376
19207,true,q0,-12,1,79,BLUE,1,-0.152824,0.171179,34376
19319,true,q0,-12,1,79,BLUE,1,-0.152824,0.171179,34376
19474,true,q0,-12,1,79,BLUE,43,-0.152824,0.171179,34376
19586,true,q0,-12,1,79,BLUE,1,-0.152824,0.171179,34376
19698,true,q0,-12,1,79,BLUE,1,-0.152824,0.171179,34376
19810,true,q0,-12,1,79,BLUE,1,-0.152824,0.171179,34376
19922,true,q0,-12,1,79,BLUE,1,-0.152824,0.171179,34376
20034,true,q0,-12,1,79,BLUE,1,-0.152824,0.171179,34376
20146,true,q0,-12,1,79,BLUE,1,-0.152824,0.171179,34376
20258,true,q0,-12,1,79,BLUE,1,-0.152824,0.171179,34376
20370,true,q0,-12,1,79,BLUE,1,-0.152824,0.171179,34376
20482,true,q0,-12,1,79,BLUE,1,-0.152824,0.171179,34376
20594,true,q0,-12,1,79,BLUE,1,-0.152824,0.171179,34376
20706,true,q0,-12,1,79,BLUE,1,-0.152824,0.171179,34376
20818,true,q0,-12,1,79,BLUE,1,-0.152824,0.171179,34376
20930,true,q0,-12,1,79,BLUE,1,-0.152824,0.171179,34376
21042,true,q0,-12,1,79,BLUE,1,-0.152824,0.171179,34376
21154,true,q0,-12,1,79,BLUE,1,-0.152824,0.171179,34376
21266,true,q0,-12,1,79,BLUE,1,-0.152824,0.171179,34376
21378,true,q0,-12,1,79,BLUE,1,-0.152824,0.171179,34376
21490,true,q0,-12,1,79,BLUE,1,-0.152824,0.171179,34376
21602,true,q0,-12,1,79,BLUE,1,-0.152824,0.171179,34376
21714,true,q0,-12,1,79,BLUE,1,-0.152824,0.171179,34376
21826,true,q0,-12,1,79,BLUE,1,-0.152824,0.171179,34376
21938,true,q0,-12,1,79,BLUE,1,-0.152824,0.171179,34376
22050,true,q0,-12,1,79,BLUE,1,-0.152824,0.171179,34376
22162,true,q0,-12,1,79,BLUE,1,-0.152824,0.171179,34376
22274,true,q0,-12,1,79,BLUE,1,-0.152824,0.171179,34376
22386,true,q0,-12,1,79,BLUE,1,-0.152824,0.171179,34376
22498,true,q0,-12,1,79,BLUE,1,-0.152824,0.171179,34376
22610,true,q0,-12,1,79,BLUE,1,-0.152824,0.171179,34376
22722,true,q0,-12,1,79,BLUE,1,-0.152824,0.171179,34376
22834,true,q0,-12,1,79,BLUE,1,-0.152824,0.171179,34376
22946,true,q0,-12,1,79,BLUE,1,-0.152824,0.171179,34376
23058,true,q0,-12,1,79,BLUE,1,-0.152824,0.171179,34376
23170,true,q0,-12,1,79,BLUE,1,-0.152824,0.171179,34376
23282,true,q0,-12,1,79,BLUE,1,-0.152824,0.171179,34376
23394,true,q0,-12,1,79,BLUE,1,-0.152824,0.171179,34376
23506,true,q0,-12,1,79,BLUE,1,-0.152824,0.171179,34376
23618,true,q0,-12,1,79,BLUE,1,-0.152824,0.171179,34376
23730,true,q0,-12,1,79,BLUE,1,-0.152824,0.171179,34376
23842,true,q0,-12,1,79,BLUE,1,-0.152824,0.171179,34376
23954,true,q0,-12,1,79,BLUE,1,-0.152824,0.171179,34376
24066,true,q0,-12,1,79,BLUE,1,-0.152824,0.171179,34376
24178,true,q0,-12,1,79,BLUE,1,-0.152824,0.171179,34376
24290,true,q0,-12,1,79,BLUE,1,-0.152824,0.171179,34376
24402,true,q0,-12,1,79,BLUE,1,-0.152824,0.171179,34376
24514,true,q0,-12,1,79,BLUE,1,-0.152824,0.171179,34376
24626,true,q0,-12,1,79,BLUE,1,-0.152824,0.171179,34376
24738,true,q0,-12,1,79,BLUE,1,-0.152824,0.171179,34376
24850,true,q0,-12,1,79,BLUE,1,-0.152824,0.171179,34376
24962,true,q0,-12,1,79,BLUE,1,-0.152824,0.171179,34376
25074,true,q0,-12,1,79,BLUE,1,-0.152824,0.171179,34376
25186,true,q0,-12,1,79,BLUE,1,-0.152824,0.171179,34376
25298,true,q0,-12,1,79,BLUE,1,-0.152824,0.171179,34376
25410,true,q0,-12,1,79,BLUE,1,-0.152824,0.171179,34376
25522,true,q0,-12,1,79,BLUE,1,-0.152824,0.171179,34376
25634,true,q0,-12,1,79,BLUE,1,-0.152824,0.171179,34376
25746,true,q0,-12,1,79,BLUE,1,-0.152824,0.171179,34376
25858,true,q0,-12,1,79,BLUE,1,-0.152824,0.171179,34376
25970,true,q0,-12,1,79,BLUE,1,-0.152824,0.171179,34376
26082,true,q0,-12,1,79,BLUE,1,-0.152824,0.171179,34376
26194,true,q0,-12,1,79,BLUE,1,-0.152824,0.171179,34376
26306,true,q0,-12,1,79,BLUE,1,-0.152824,0.171179,34376
26418,true,q0,-12,1,79,BLUE,1,-0.152824,0.171179,34376
26530,true,q0,-12,1,79,BLUE,1,-0.152824,0.171179,34376
26642,true,q0,-12,1,79,BLUE,1,-0.152824,0.171179,34376
26754,true,q0,-12,1,79,BLUE,1,-0.152824,0.171179,34376
26866,true,q0,-12,1,79,BLUE,1,-0.152824,0.171179,34376
26978,true,q0,-12,1,79,BLUE,1,-0.152824,0.171179,34376
52,true,q0,0,1,600,BLUE,1,-0.152824,0.171179,42261
685,true,q0,-1,1,597,BLUE,1,-0.152824,0.171179,42261
1315,true,q0,-2,1,591,BLUE,1,-0.152824,0.171179,42261
1939,true,q0,-3,1,576,BLUE,1,-0.152824,0.171179,42261
2548,true,q0,-4,1,538,BLUE,1,-0.152824,0.171179,42261
3119,true,q0,-5,1,460,BLUE,1,-0.152824,0.171179,42261
3655,true,q0,-6,1,340,BLUE,43,-0.152824,0.171179,42261
4028,true,q0,-7,1,219,BLUE,1,-0.152824,0.171179,42261
4280,true,q0,-8,1,141,BLUE,1,-0.152824,0.171179,42261
4454,true,q0,-9,1,104,BLUE,1,-0.152824,0.171179,42261
4591,true,q0,-10,1,88,BLUE,1,-0.152824,0.171179,42261
4712,true,q0,-11,1,82,BLUE,1,-0.152824,0.171179,42261
4827,true,q0,-12,1,80,BLUE,1,-0.152824,0.171179,42261
4940,true,q0,-12,1,79,BLUE,1,-0.152824,0.171179,42261
5052,true,q0,-12,1,79,BLUE,1,-0.152824,0.171179,42261
5164,true,q0,-12,1,79,BLUE,1,-0.152824,0.171179,42261
5276,true,q0,-12,1,79,BLUE,1,-0.152824,0.171179,42261
5388,true,q0,-12,1,79,BLUE,1,-0.152824,0.171179,42261
5500,true,q0,-12,1,79,BLUE,1,-0.152824,0.171179,42261
5612,true,q0,-12,1,79,BLUE,1,-0.152824,0.171179,42261
5724,true,q0,-12,1,79,BLUE,1,-0.152824,0.171179,42261
5836,true,q0,-12,1,79,BLUE,1,-0.152824,0.171179,42261
5948,true,q0,-12,1,79,BLUE,1,-0.152824,0.171179,42261
6060,true,q0,-12,1,79,BLUE,1,-0.152824,0.171179,42261
6172,true,q0,-12,1,79,BLUE,1,-0.152824,0.171179,42261
6284,true,q0,-12,1,79,BLUE,1,-0.152824,0.171179,42261
6396,true,q0,-12,1,79,BLUE,1,-0.152824,0.171179,42261
6508,true,q0,-12,1,79,BLUE,1,-0.152824,0.171179,42261
6620,true,q0,-12,1,79,BLUE,1,-0.152824,0.171179,42261
6732,true,q0,-12,1,79,BLUE,1,-0.152824,0.171179,42261
6844,true,q0,-12,1,79,BLUE,1,-0.152824,0.171179,42261
6956,true,q0,-12,1,79,BLUE,1,-0.152824,0.171179,42261
7068,true,q0,-12,1,79,BLUE,1,-0.152824,0.171179,42261
7180,true,q0,-12,1,79,BLUE,1,-0.152824,0.171179,42261
7292,true,q0,-12,1,79,BLUE,1,-0.152824,0.171179,42261
7404,true,q0,-12,1,79,BLUE,1,-0.152824,0.171179,42261
7516,true,q0,-12,1,79,BLUE,1,-0.152824,0.171179,42261
7628,true,q0,-12,1,79,BLUE,1,-0.152824,0.171179,42261
7740,true,q0,-12,1,79,BLUE,1,-0.152824,0.171179,42261
7852,true,q0,-12,1,79,BLUE,1,-0.152824,0.171179,42261
7964,true,q0,-12,1,79,BLUE,1,-0.152824,0.171179,42261
8076,true,q0,-12,1,79,BLUE,1,-0.152824,0.171179,42261
8188,true,q0,-12,1,79,BLUE,1,-0.152824,0.171179,42261
8300,true,q0,-12,1,79,BLUE,1,-0.152824,0.171179,42261
8412,true,q0,-12,1,79,BLUE,1,-0.152824,0.171179,42261
8524,true,q0,-12,1,79,BLUE,1,-0.152824,0.171179,42261
8636,true,q0,-12,1,79,BLUE,1,-0.152824,0.171179,42261
8748,true,q0,-12,1,79,BLUE,1,-0.152824,0.171179,42261
8860,true,q0,-12,1,79,BLUE,1,-0.152824,0.171179,42261
8972,true,q0,-12,1,79,BLUE,1,-0.152824,0.171179,42261
9084,true,q0,-12,1,79,BLUE,1,-0.152824,0.171179,42261
9196,true,q0,-12,1,79,BLUE,1,-0.152824,0.171179,42261
9308,true,q0,-12,1,79,BLUE,1,-0.152824,0.171179,42261
9420,true,q0,-12,1,79,BLUE,1,-0.152824,0.171179,42261
9532,true,q0,-12,1,79,BLUE,1,-0.152824,0.171179,42261
9644,true,q0,-12,1,79,BLUE,1,-0.152824,0.171179,42261
9756,true,q0,-12,1,79,BLUE,1,-0.152824,0.171179,42261
9868,true,q0,-12,1,79,BLUE,1,-0.152824,0.171179,42261
9980,true,q0,-12,1,79,BLUE,1,-0.152824,0.171179,42261
10092,true,q0,-12,1,79,BLUE,1,-0.152824,0.171179,42261
10204,true,q0,-12,1,79,BLUE,1,-0.152824,0.171179,42261
10316,true,q0,-12,1,79,BLUE,1,-0.152824,0.171179,42261
10428,true,q0,-12,1,79,BLUE,1,-0.152824,0.171179,42261
10540,true,q0,-12,1,79,BLUE,1,-0.152824,0.171179,42261
10652,true,q0,-12,1,79,BLUE,1,-0.152824,0.171179,42261
10764,true,q0,-12,1,79,BLUE,1,-0.152824,0.171179,42261
10876,true,q0,-12,1,79,BLUE,1,-0.152824,0.171179,42261
10988,true,q0,-12,1,79,BLUE,1,-0.152824,0.171179,42261
11100,true,q0,-12,1,79,BLUE,1,-0.152824,0.171179,42261
11212,true,q0,-12,1,79,BLUE,1,-0.152824,0.171179,42261
11324,true,q0,-12,1,79,BLUE,1,-0.152824,0.171179,42261
11436,true,q0,-12,1,79,BLUE,1,-0.152824,0.171179,42261
11548,true,q0,-12,1,79,BLUE,1,-0.152824,0.171179,42261
11660,true,q0,-12,1,79,BLUE,1,-0.152824,0.171179,42261
11815,true,q0,-12,1,79,BLUE,43,-0.152824,0.171179,42261
11927,true,q0,-12,1,79,BLUE,1,-0.152824,0.171179,42261
12039,true,q0,-12,1,79,BLUE,1,-0.152824,0.171179,42261
12151,true,q0,-12,1,79,BLUE,1,-0.152824,0.171179,42261
12263,true,q0,-12,1,79,BLUE,1,-0.152824,0.171179,42261
12375,true,q0,-12,1,79,BLUE,1,-0.152824,0.171179,42261
12487,true,q0,-12,1,79,BLUE,1,-0.152824,0.171179,42261
12599,true,q0,-12,1,79,BLUE,1,-0.152824,0.171179,42261
12711,true,q0,-12,1,79,BLUE,1,-0.152824,0.171179,42261
12823,true,q0,-12,1,79,BLUE,1,-0.152824,0.171179,42261
12935,true,q0,-12,1,79,BLUE,1,-0.152824,0.171179,42261
13047,true,q0,-12,1,79,BLUE,1,-0.152824,0.171179,42261
13159,true,q0,-12,1,79,BLUE,1,-0.152824,0.171179,42261
13271,true,q0,-12,1,79,BLUE,1,-0.152824,0.171179,42261
13383,true,q0,-12,1,79,BLUE,1,-0.152824,0.171179,42261
13495,true,q0,-12,1,79,BLUE,1,-0.152824,0.171179,42261
13607,true,q0,-12,1,79,BLUE,1,-0.152824,0.171179,42261
13719,true,q0,-12,1,79,BLUE,1,-0.152824,0.171179,42261
13831,true,q0,-12,1,79,BLUE,1,-0.152824,0.171179,42261
13943,true,q0,-12,1,79,BLUE,1,-0.152824,0.171179,42261
14055,true,q0,-12,1,79,BLUE,1,-0.152824,0.171179,42261
14167,true,q0,-12,1,79,BLUE,1,-0.152824,0.171179,42261
14279,true,q0,-12,1,79,BLUE,1,-0.152824,0.171179,42261
14391,true,q0,-12,1,79,BLUE,1,-0.152824,0.171179,42261
14503,true,q0,-12,1,79,BLUE,1,-0.152824,0.171179,42261
14615,true,q0,-12,1,79,BLUE,1,-0.152824,0.171179,42261
14727,true,q0,-12,1,79,BLUE,1,-0.152824,0.171179,42261
14839,true,q0,-12,1,79,BLUE,1,-0.152824,0.171179,42261
14951,true,q0,-12,1,79,BLUE,1,-0.152824,0.171179,42261
15063,true,q0,-12,1,79,BLUE,1,-0.152824,0.171179,42261
15175,true,q0,-12,1,79,BLUE,1,-0.152824,0.171179,42261
15287,true,q0,-12,1,79,BLUE,1,-0.152824,0.171179,42261
15399,true,q0,-12,1,79,BLUE,1,-0.152824,0.171179,42261
15511,true,q0,-12,1,79,BLUE,1,-0.152824,0.171179,42261
15623,true,q0,-12,1,79,BLUE,1,-0.152824,0.171179,42261
15735,true,q0,-12,1,79,BLUE,1,-0.152824,0.171179,42261
15847,true,q0,-12,1,79,BLUE,1,-0.152824,0.171179,42261
15959,true,q0,-12,1,79,BLUE,1,-0.152824,0.171179,42261
16071,true,q0,-12,1,79,BLUE,1,-0.152824,0.171179,42261
16183,true,q0,-12,1,79,BLUE,1,-0.152824,0.171179,42261
16295,true,q0,-12,1,79,BLUE,1,-0.152824,0.171179,42261
16407,true,q0,-12,1,79,BLUE,1,-0.152824,0.171179,42261
16519,true,q0,-12,1,79,BLUE,1,-0.152824,0.171179,42261
16631,true,q0,-12,1,79,BLUE,1,-0.152824,0.171179,42261
16743,true,q0,-12,1,79,BLUE,1,-0.152824,0.171179,42261
16855,true,q0,-12,1,79,BLUE,1,-0.152824,0.171179,42261
16967,true,q0,-12,1,79,BLUE,1,-0.152824,0.171179,42261
17079,true,q0,-12,1,79,BLUE,1,-0.152824,0.171179,42261
17191,true,q0,-12,1,79,BLUE,1,-0.152824,0.171179,42261
17303,true,q0,-12,1,79,BLUE,1,-0.152824,0.171179,42261
17415,true,q0,-12,1,79,BLUE,1,-0.152824,0.171179,42261
17527,true,q0,-12,1,79,BLUE,1,-0.152824,0.171179,42261
17639,true,q0,-12,1,79,BLUE,1,-0.152824,0.171179,42261
17751,true,q0,-12,1,79,BLUE,1,-0.152824,0.171179,42261
17863,true,q0,-12,1,79,BLUE,1,-0.152824,0.171179,42261
17975,true,q0,-12,1,79,BLUE,1,-0.152824,0.171179,42261
18087,true,q0,-12,1,79,BLUE,1,-0.152824,0.171179,42261
18199,true,q0,-12,1,79,BLUE,1,-0.152824,0.171179,42261
18311,true,q0,-12,1,79,BLUE,1,-0.152824,0.171179,42261
18423,true,q0,-12,1,79,BLUE,1,-0.152824,0.171179,42261
18535,true,q0,-12,1,79,BLUE,1,-0.152824,0.171179,42261
18647,true,q0,-12,1,79,BLUE,1,-0.152824,0.171179,42261
18759,true,q0,-12,1,79,BLUE,1,-0.152824,0.171179,42261
18871,true,q0,-12,1,79,BLUE,1,-0.152824,0.171179,42261
18983,true,q0,-12,1,79,BLUE,1,-0.152824,0.171179,42261
19095,true,q0,-12,1,79,BLUE,1,-0.152824,0.171179,42261
19207,true,q0,-12,1,79,BLUE,1,-0.152824,0.171179,42261
19319,true,q0,-12,1,79,BLUE,1,-0.152824,0.171179,42261
19474,true,q0,-12,1,79,BLUE,43,-0.152824,0.171179,42261
19586,true,q0,-12,1,79,BLUE,1,-0.152824,0.171179,42261
19698,true,q0,-12,1,79,BLUE,1,-0.152824,0.171179,42261
19810,true,q0,-12,1,79,BLUE,1,-0.152824,0.171179,42261
19922,true,q0,-12,1,79,BLUE,1,-0.152824,0.171179,42261
20034,true,q0,-12,1,79,BLUE,1,-0.152824,0.171179,42261
20146,true,q0,-12,1,79,BLUE,1,-0.152824,0.171179,42261
20258,true,q0,-12,1,79,BLUE,1,-0.152824,0.171179,42261
20370,true,q0,-12,1,79,BLUE,1,-0.152824,0.171179,42261
20482,true,q0,-12,1,79,BLUE,1,-0.152824,0.171179,42261
20594,true,q0,-12,1,79,BLUE,1,-0.152824,0.171179,42261
20706,true,q0,-12,1,79,BLUE,1,-0.152824,0.171179,42261
20818,true,q0,-12,1,79,BLUE,1,-0.152824,0.171179,42261
20930,true,q0,-12,1,79,BLUE,1,-0.152824,0.171179,42261
21042,true,q0,-12,1,79,BLUE,1,-0.152824,0.171179,42261
21154,true,q0,-12,1,79,BLUE,1,-0.152824,0.171179,42261
21266,true,q0,-12,1,79,BLUE,1,-0.152824,0.171179,42261
21378,true,q0,-12,1,79,BLUE,1,-0.152824,0.171179,42261
21490,true,q0,-12,1,79,BLUE,1,-0.152824,0.171179,42261
21602,true,q0,-12,1,79,BLUE,1,-0.152824,0.171179,42261
21714,true,q0,-12,1,79,BLUE,1,-0.152824,0.171179,42261
21826,true,q0,-12,1,79,BLUE,1,-0.152824,0.171179,42261
21938,true,q0,-12,1,79,BLUE,1,-0.152824,0.171179,42261
22050,true,q0,-12,1,79,BLUE,1,-0.152824,0.171179,42261
22162,true,q0,-12,1,79,BLUE,1,-0.152824,0.171179,42261
22274,true,q0,-12,1,79,BLUE,1,-0.152824,0.171179,42261
22386,true,q0,-12,1,79,BLUE,1,-0.152824,0.171179,42261
22498,true,q0,-12,1,79,BLUE,1,-0.152824,0.171179,42261
22610,true,q0,-12,1,79,BLUE,1,-0.152824,0.171179,42261
22722,true,q0,-12,1,79,BLUE,1,-0.152824,0.171179,42261
22834,true,q0,-12,1,79,BLUE,1,-0.152824,0.171179,42261
22946,true,q0,-12,1,79,BLUE,1,-0.152824,0.171179,42261
23058,true,q0,-12,1,79,BLUE,1,-0.152824,0.171179,42261
23170,true,q0,-12,1,79,BLUE,1,-0.152824,0.171179,42261
23282,true,q0,-12,1,79,BLUE,1,-0.152824,0.171179,42261
23394,true,q0,-12,1,79,BLUE,1,-0.152824,0.171179,42261
23506,true,q0,-12,1,79,BLUE,1,-0.152824,0.171179,42261
23618,true,q0,-12,1,79,BLUE,1,-0.152824,0.171179,42261
23730,true,q0,-12,1,79,BLUE,1,-0.152824,0.171179,42261
23842,true,q0,-12,1,79,BLUE,1,-0.152824,0.171179,42261
23954,true,q0,-12,1,79,BLUE,1,-0.152824,0.171179,42261
24066,true,q0,-12,1,79,BLUE,1,-0.152824,0.171179,42261
24178,true,q0,-12,1,79,BLUE,1,-0.152824,0.171179,42261
24290,true,q0,-12,1,79,BLUE,1,-0.152824,0.171179,42261
24402,true,q0,-12,1,79,BLUE,1,-0.152824,0.171179,42261
24514,true,q0,-12,1,79,BLUE,1,-0.152824,0.171179,42261
24626,true,q0,-12,1,79,BLUE,1,-0.152824,0.171179,42261
24738,true,q0,-12,1,79,BLUE,1,-0.152824,0.171179,42261
24850,true,q0,-12,1,79,BLUE,1,-0.152824,0.171179,42261
24962,true,q0,-12,1,79,BLUE,1,-0.152824,0.171179,42261
25074,true,q0,-12,1,79,BLUE,1,-0.152824,0.171179,42261
25186,true,q0,-12,1,79,BLUE,1,-0.152824,0.171179,42261
25298,true,q0,-12,1,79,BLUE,1,-0.152824,0.171179,42261
25410,true,q0,-12,1,79,BLUE,1,-0.152824,0.171179,42261
25522,true,q0,-12,1,79,BLUE,1,-0.152824,0.171179,42261
25634,true,q0,-12,1,79,BLUE,1,-0.152824,0.171179,42261
25746,true,q0,-12,1,79,BLUE,1,-0.152824,0.171179,42261
25858,true,q0,-12,1,79,BLUE,1,-0.152824,0.171179,42261
25970,true,q0,-12,1,79,BLUE,1,-0.152824,0.171179,42261
26082,true,q0,-12,1,79,BLUE,1,-0.152824,0.171179,42261
26194,true,q0,-12,1,79,BLUE,1,-0.152824,0.171179,42261
26306,true,q0,-12,1,79,BLUE,1,-0.152824,0.171179,42261
26418,true,q0,-12,1,79,BLUE,1,-0.152824,0.171179,42261
26530,true,q0,-12,1,79,BLUE,1,-0.152824,0.171179,42261
26642,true,q0,-12,1,79,BLUE,1,-0.152824,0.171179,42261
26754,true,q0,-12,1,79,BLUE,1,-0.152824,0.171179,42261
26866,true,q0,-12,1,79,BLUE,1,-0.152824,0.171179,42261
26978,true,q0,-12,1,79,BLUE,1,-0.152824,0.171179,42261
52,true,q0,0,1,600,BLUE,1,-0.152824,0.171179,40370
685,true,q0,-1,1,597,BLUE,1,-0.152824,0.171179,40370
1315,true,q0,-2,1,591,BLUE,1,-0.152824,0.171179,40370
1939,true,q0,-3,1,576,BLUE,1,-0.152824,0.171179,40370
2548,true,q0,-4,1,538,BLUE,1,-0.152824,0.171179,40370
3119,true,q0,-5,1,460,BLUE,1,-0.152824,0.171179,40370
3655,true,q0,-6,1,340,BLUE,43,-0.152824,0.171179,40370
4028,true,q0,-7,1,219,BLUE,1,-0.152824,0.171179,40370
4280,true,q0,-8,1,141,BLUE,1,-0.152824,0.171179,40370
4454,true,q0,-9,1,104,BLUE,1,-0.152824,0.171179,40370
4591,true,q0,-10,1,88,BLUE,1,-0.152824,0.171179,40370
4712,true,q0,-11,1,82,BLUE,1,-0.152824,0.171179,40370
4827,true,q0,-12,1,80,BLUE,1,-0.152824,0.171179,40370
4940,true,q0,-12,1,79,BLUE,1,-0.152824,0.171179,40370
5052,true,q0,-12,1,79,BLUE,1,-0.152824,0.171179,40370
5164,true,q0,-12,1,79,BLUE,1,-0.152824,0.171179,40370
5276,true,q0,-12,1,79,BLUE,1,-0.152824,0.171179,40370
5388,true,q0,-12,1,79,BLUE,1,-0.152824,0.171179,40370
5500,true,q0,-12,1,79,BLUE,1,-0.152824,0.171179,40370
5612,true,q0,-12,1,79,BLUE,1,-0.152824,0.171179,40370
5724,true,q0,-12,1,79,BLUE,1,-0.152824,0.171179,40370
5836,true,q0,-12,1,79,BLUE,1,-0.152824,0.171179,40370
5948,true,q0,-12,1,79,BLUE,1,-0.152824,0.171179,40370
6060,true,q0,-12,1,79,BLUE,1,-0.152824,0.171179,40370
6172,true,q0,-12,1,79,BLUE,1,-0.152824,0.171179,40370
6284,true,q0,-12,1,79,BLUE,1,-0.152824,0.171179,40370
6396,true,q0,-12,1,79,BLUE,1,-0.152824,0.171179,40370
6508,true,q0,-12,1,79,BLUE,1,-0.152824,0.171179,40370
6620,true,q0,-12,1,79,BLUE,1,-0.152824,0.171179,40370
6732,true,q0,-12,1,79,BLUE,1,-0.152824,0.171179,40370
6844,true,q0,-12,1,79,BLUE,1,-0.152824,0.171179,40370
6956,true,q0,-12,1,79,BLUE,1,-0.152824,0.171179,40370
7068,true,q0,-12,1,79,BLUE,1,-0.152824,0.171179,40370
7180,true,q0,-12,1,79,BLUE,1,-0.152824,0.171179,40370
7292,true,q0,-12,1,79,BLUE,1,-0.152824,0.171179,40370
7404,true,q0,-12,1,79,BLUE,1,-0.152824,0.171179,40370
7516,true,q0,-12,1,79,BLUE,1,-0.152824,0.171179,40370
7628,true,q0,-12,1,79,BLUE,1,-0.152824,0.171179,40370
7740,true,q0,-12,1,79,BLUE,1,-0.152824,0.171179,40370
7852,true,q0,-12,1,79,BLUE,1,-0.152824,0.171179,40370
7964,true,q0,-12,1,79,BLUE,1,-0.152824,0.171179,40370
8076,true,q0,-12,1,79,BLUE,1,-0.152824,0.171179,40370
8188,true,q0,-12,1,79,BLUE,1,-0.152824,0.171179,40370
8300,true,q0,-12,1,79,BLUE,1,-0.152824,0.171179,40370
8412,true,q0,-12,1,79,BLUE,1,-0.152824,0.171179,40370
8524,true,q0,-12,1,79,BLUE,1,-0.152824,0.171179,40370
8636,true,q0,-12,1,79,BLUE,1,-0.152824,0.171179,40370
8748,true,q0,-12,1,79,BLUE,1,-0.152824,0.171179,40370
8860,true,q0,-12,1,79,BLUE,1,-0.152824,0.171179,40370
8972,true,q0,-12,1,79,BLUE,1,-0.152824,0.171179,40370
9084,true,q0,-12,1,79,BLUE,1,-0.152824,0.171179,40370
9196,true,q0,-12,1,79,BLUE,1,-0.152824,0.171179,40370
9308,true,q0,-12,1,79,BLUE,1,-0.152824,0.171179,40370
9420,true,q0,-12,1,79,BLUE,1,-0.152824,0.171179,40370
9532,true,q0,-12,1,79,BLUE,1,-0.152824,0.171179,40370
9644,true,q0,-12,1,79,BLUE,1,-0.152824,0.171179,40370
9756,true,q0,-12,1,79,BLUE,1,-0.152824,0.171179,40370
9868,true,q0,-12,1,79,BLUE,1,-0.152824,0.171179,40370
9980,true,q0,-12,1,79,BLUE,1,-0.152824,0.171179,40370
10092,true,q0,-12,1,79,BLUE,1,-0.152824,0.171179,40370
10204,true,q0,-12,1,79,BLUE,1,-0.152824,0.171179,40370
10316,true,q0,-12,1,79,BLUE,1,-0.152824,0.171179,40370
10428,true,q0,-12,1,79,BLUE,1,-0.152824,0.171179,40370
10540,true,q0,-12,1,79,BLUE,1,-0.152824,0.171179,40370
10652,true,q0,-12,1,79,BLUE,1,-0.152824,0.171179,40370
10764,true,q0,-12,1,79,BLUE,1,-0.152824,0.171179,40370
10876,true,q0,-12,1,79,BLUE,1,-0.152824,0.171179,40370
10988,true,q0,-12,1,79,BLUE,1,-0.152824,0.171179,40370
11100,true,q0,-12,1,79,BLUE,1,-0.152824,0.171179,40370
11212,true,q0,-12,1,79,BLUE,1,-0.152824,0.171179,40370
11324,true,q0,-12,1,79,BLUE,1,-0.152824,0.171179,40370
11436,true,q0,-12,1,79,BLUE,1,-0.152824,0.171179,40370
11548,true,q0,-12,1,79,BLUE,1,-0.152824,0.171179,40370
11660,true,q0,-12,1,79,BLUE,1,-0.152824,0.171179,40370
11815,true,q0,-12,1,79,BLUE,43,-0.152824,0.171179,40370
11927,true,q0,-12,1,79,BLUE,1,-0.152824,0.171179,40370
12039,true,q0,-12,1,79,BLUE,1,-0.152824,0.171179,40370
12151,true,q0,-12,1,79,BLUE,1,-0.152824,0.171179,40370
12263,true,q0,-12,1,79,BLUE,1,-0.152824,0.171179,40370
12375,true,q0,-12,1,79,BLUE,1,-0.152824,0.171179,40370
12487,true,q0,-12,1,79,BLUE,1,-0.152824,0.171179,40370
12599,true,q0,-12,1,79,BLUE,1,-0.152824,0.171179,40370
12711,true,q0,-12,1,79,BLUE,1,-0.152824,0.171179,40370
12823,true,q0,-12,1,79,BLUE,1,-0.152824,0.171179,40370
12935,true,q0,-12,1,79,BLUE,1,-0.152824,0.171179,40370
13047,true,q0,-12,1,79,BLUE,1,-0.152824,0.171179,40370
13159,true,q0,-12,1,79,BLUE,1,-0.152824,0.171179,40370
13271,true,q0,-12,1,79,BLUE,1,-0.152824,0.171179,40370
13383,true,q0,-12,1,79,BLUE,1,-0.152824,0.171179,40370
13495,true,q0,-12,1,79,BLUE,1,-0.152824,0.171179,40370
13607,true,q0,-12,1,79,BLUE,1,-0.152824,0.171179,40370
13719,true,q0,-12,1,79,BLUE,1,-0.152824,0.171179,40370
13831,true,q0,-12,1,79,BLUE,1,-0.152824,0.171179,40370
13943,true,q0,-12,1,79,BLUE,1,-0.152824,0.171179,40370
14055,true,q0,-12,1,79,BLUE,1,-0.152824,0.171179,40370
14167,true,q0,-12,1,79,BLUE,1,-0.152824,0.171179,40370
14279,true,q0,-12,1,79,BLUE,1,-0.152824,0.171179,40370
14391,true,q0,-12,1,79,BLUE,1,-0.152824,0.171179,40370
14503,true,q0,-12,1,79,BLUE,1,-0.152824,0.171179,40370
14615,true,q0,-12,1,79,BLUE,1,-0.152824,0.171179,40370
14727,true,q0,-12,1,79,BLUE,1,-0.152824,0.171179,40370
14839,true,q0,-12,1,79,BLUE,1,-0.152824,0.171179,40370
14951,true,q0,-12,1,79,BLUE,1,-0.152824,0.171179,40370
15063,true,q0,-12,1,79,BLUE,1,-0.152824,0.171179,40370
15175,true,q0,-12,1,79,BLUE,1,-0.152824,0.171179,40370
15287,true,q0,-12,1,79,BLUE,1,-0.152824,0.171179,40370
15399,true,q0,-12,1,79,BLUE,1,-0.152824,0.171179,40370
15511,true,q0,-12,1,79,BLUE,1,-0.152824,0.171179,40370
15623,true,q0,-12,1,79,BLUE,1,-0.152824,0.171179,40370
15735,true,q0,-12,1,79,BLUE,1,-0.152824,0.171179,40370
15847,true,q0,-12,1,79,BLUE,1,-0.152824,0.171179,40370
15959,true,q0,-12,1,79,BLUE,1,-0.152824,0.171179,40370
16071,true,q0,-12,1,79,BLUE,1,-0.152824,0.171179,40370
16183,true,q0,-12,1,79,BLUE,1,-0.152824,0.171179,40370
16295,true,q0,-12,1,79,BLUE,1,-0.152824,0.171179,40370
16407,true,q0,-12,1,79,BLUE,1,-0.152824,0.171179,40370
16519,true,q0,-12,1,79,BLUE,1,-0.152824,0.171179,40370
16631,true,q0,-12,1,79,BLUE,1,-0.152824,0.171179,40370
16743,true,q0,-12,1,79,BLUE,1,-0.152824,0.171179,40370
16855,true,q0,-12,1,79,BLUE,1,-0.152824,0.171179,40370
16967,true,q0,-12,1,79,BLUE,1,-0.152824,0.171179,40370
17079,true,q0,-12,1,79,BLUE,1,-0.152824,0.171179,40370
17191,true,q0,-12,1,79,BLUE,1,-0.152824,0.171179,40370
17303,true,q0,-12,1,79,BLUE,1,-0.152824,0.171179,40370
17415,true,q0,-12,1,79,BLUE,1,-0.152824,0.171179,40370
17527,true,q0,-12,1,79,BLUE,1,-0.152824,0.171179,40370
17639,true,q0,-12,1,79,BLUE,1,-0.152824,0.171179,40370
17751,true,q0,-12,1,79,BLUE,1,-0.152824,0.171179,40370
17863,true,q0,-12,1,79,BLUE,1,-0.152824,0.171179,40370
17975,true,q0,-12,1,79,BLUE,1,-0.152824,0.171179,40370
18087,true,q0,-12,1,79,BLUE,1,-0.152824,0.171179,40370
18199,true,q0,-12,1,79,BLUE,1,-0.152824,0.171179,40370
18311,true,q0,-12,1,79,BLUE,1,-0.152824,0.171179,40370
18423,true,q0,-12,1,79,BLUE,1,-0.152824,0.171179,40370
18535,true,q0,-12,1,79,BLUE,1,-0.152824,0.171179,40370
18647,true,q0,-12,1,79,BLUE,1,-0.152824,0.171179,40370
18759,true,q0,-12,1,79,BLUE,1,-0.152824,0.171179,40370
18871,true,q0,-12,1,79,BLUE,1,-0.152824,0.171179,40370
18983,true,q0,-12,1,79,BLUE,1,-0.152824,0.171179,40370
19095,true,q0,-12,1,79,BLUE,1,-0.152824,0.171179,40370
19207,true,q0,-12,1,79,BLUE,1,-0.152824,0.171179,40370
19319,true,q0,-12,1,79,BLUE,1,-0.152824,0.171179,40370
19474,true,q0,-12,1,79,BLUE,43,-0.152824,0.171179,40370
19586,true,q0,-12,1,79,BLUE,1,-0.152824,0.171179,40370
19698,true,q0,-12,1,79,BLUE,1,-0.152824,0.171179,40370
19810,true,q0,-12,1,79,BLUE,1,-0.152824,0.171179,40370
19922,true,q0,-12,1,79,BLUE,1,-0.152824,0.171179,40370
20034,true,q0,-12,1,79,BLUE,1,-0.152824,0.171179,40370
20146,true,q0,-12,1,79,BLUE,1,-0.152824,0.171179,40370
20258,true,q0,-12,1,79,BLUE,1,-0.152824,0.171179,40370
20370,true,q0,-12,1,79,BLUE,1,-0.152824,0.171179,40370
20482,true,q0,-12,1,79,BLUE,1,-0.152824,0.171179,40370
20594,true,q0,-12,1,79,BLUE,1,-0.152824,0.171179,40370
20706,true,q0,-12,1,79,BLUE,1,-0.152824,0.171179,40370
20818,true,q0,-12,1,79,BLUE,1,-0.152824,0.171179,40370
20930,true,q0,-12,1,79,BLUE,1,-0.152824,0.171179,40370
21042,true,q0,-12,1,79,BLUE,1,-0.152824,0.171179,40370
21154,true,q0,-12,1,79,BLUE,1,-0.152824,0.171179,40370
21266,true,q0,-12,1,79,BLUE,1,-0.152824,0.171179,40370
21378,true,q0,-12,1,79,BLUE,1,-0.152824,0.171179,40370
21490,true,q0,-12,1,79,BLUE,1,-0.152824,0.171179,40370
21602,true,q0,-12,1,79,BLUE,1,-0.152824,0.171179,40370
21714,true,q0,-12,1,79,BLUE,1,-0.152824,0.171179,40370
21826,true,q0,-12,1,79,BLUE,1,-0.152824,0.171179,40370
21938,true,q0,-12,1,79,BLUE,1,-0.152824,0.171179,40370
22050,true,q0,-12,1,79,BLUE,1,-0.152824,0.171179,40370
22162,true,q0,-12,1,79,BLUE,1,-0.152824,0.171179,40370
22274,true,q0,-12,1,79,BLUE,1,-0.152824,0.171179,40370
22386,true,q0,-12,1,79,BLUE,1,-0.152824,0.171179,40370
22498,true,q0,-12,1,79,BLUE,1,-0.152824,0.171179,40370
22610,true,q0,-12,1,79,BLUE,1,-0.152824,0.171179,40370
22722,true,q0,-12,1,79,BLUE,1,-0.152824,0.171179,40370
22834,true,q0,-12,1,79,BLUE,1,-0.152824,0.171179,40370
22946,true,q0,-12,1,79,BLUE,1,-0.152824,0.171179,40370
23058,true,q0,-12,1,79,BLUE,1,-0.152824,0.171179,40370
23170,true,q0,-12,1,79,BLUE,1,-0.152824,0.171179,40370
23282,true,q0,-12,1,79,BLUE,1,-0.152824,0.171179,40370
23394,true,q0,-12,1,79,BLUE,1,-0.152824,0.171179,40370
23506,true,q0,-12,1,79,BLUE,1,-0.152824,0.171179,40370
23618,true,q0,-12,1,79,BLUE,1,-0.152824,0.171179,40370
23730,true,q0,-12,1,79,BLUE,1,-0.152824,0.171179,40370
23842,true,q0,-12,1,79,BLUE,1,-0.152824,0.171179,40370
23954,true,q0,-12,1,79,BLUE,1,-0.152824,0.171179,40370
24066,true,q0,-12,1,79,BLUE,1,-0.152824,0.171179,40370
24178,true,q0,-12,1,79,BLUE,1,-0.152824,0.171179,40370
24290,true,q0,-12,1,79,BLUE,1,-0.152824,0.171179,40370
24402,true,q0,-12,1,79,BLUE,1,-0.152824,0.171179,40370
24514,true,q0,-12,1,79,BLUE,1,-0.152824,0.171179,40370
24626,true,q0,-12,1,79,BLUE,1,-0.152824,0.171179,40370
24738,true,q0,-12,1,79,BLUE,1,-0.152824,0.171179,40370
24850,true,q0,-12,1,79,BLUE,1,-0.152824,0.171179,40370
24962,true,q0,-12,1,79,BLUE,1,-0.152824,0.171179,40370
25074,true,q0,-12,1,79,BLUE,1,-0.152824,0.171179,40370
25186,true,q0,-12,1,79,BLUE,1,-0.152824,0.171179,40370
25298,true,q0,-12,1,79,BLUE,1,-0.152824,0.171179,40370
25410,true,q0,-12,1,79,BLUE,1,-0.152824,0.171179,40370
25522,true,q0,-12,1,79,BLUE,1,-0.152824,0.171179,40370
25634,true,q0,-12,1,79,BLUE,1,-0.152824,0.171179,40370
25746,true,q0,-12,1,79,BLUE,1,-0.152824,0.171179,40370
25858,true,q0,-12,1,79,BLUE,1,-0.152824,0.171179,40370
25970,true,q0,-12,1,79,BLUE,1,-0.152824,0.171179,40370
26082,true,q0,-12,1,79,BLUE,1,-0.152824,0.171179,40370
26194,true,q0,-12,1,79,BLUE,1,-0.152824,0.171179,40370
26306,true,q0,-12,1,79,BLUE,1,-0.152824,0.171179,40370
26418,true,q0,-12,1,79,BLUE,1,-0.152824,0.171179,40370
26530,true,q0,-12,1,79,BLUE,1,-0.152824,0.171179,40370
26642,true,q0,-12,1,79,BLUE,1,-0.152824,0.171179,40370
26754,true,q0,-12,1,79,BLUE,1,-0.152824,0.171179,40370
26866,true,q0,-12,1,79,BLUE,1,-0.152824,0.171179,40370
26978,true,q0,-12,1,79,BLUE,1,-0.152824,0.171179,40370
52,true,q0,0,1,600,BLUE,1,-0.152824,0.171179,62279
685,true,q0,-1,1,597,BLUE,1,-0.152824,0.171179,62279
1315,true,q0,-2,1,591,BLUE,1,-0.152824,0.171179,62279
1939,true,q0,-3,1,576,BLUE,1,-0.152824,0.171179,62279
2548,true,q0,-4,1,538,BLUE,1,-0.152824,0.171179,62279
3119,true,q0,-5,1,460,BLUE,1,-0.152824,0.171179,62279
3655,true,q0,-6,1,340,BLUE,43,-0.152824,0.171179,62279
4028,true,q0,-7,1,219,BLUE,1,-0.152824,0.171179,62279
4280,true,q0,-8,1,141,BLUE,1,-0.152824,0.171179,62279
4454,true,q0,-9,1,104,BLUE,1,-0.152824,0.171179,62279
4591,true,q0,-10,1,88,BLUE,1,-0.152824,0.171179,62279
4712,true,q0,-11,1,82,BLUE,1,-0.152824,0.171179,62279
4827,true,q0,-12,1,80,BLUE,1,-0.152824,0.171179,62279
4940,true,q0,-12,1,79,BLUE,1,-0.152824,0.171179,62279
5052,true,q0,-12,1,79,BLUE,1,-0.152824,0.171179,62279
5164,true,q0,-12,1,79,BLUE,1,-0.152824,0.171179,62279
5276,true,q0,-12,1,79,BLUE,1,-0.152824,0.171179,62279
5388,true,q0,-12,1,79,BLUE,1,-0.152824,0.171179,62279
5500,true,q0,-12,1,79,BLUE,1,-0.152824,0.171179,62279
5612,true,q0,-12,1,79,BLUE,1,-0.152824,0.171179,62279
5724,true,q0,-12,1,79,BLUE,1,-0.152824,0.171179,62279
5836,true,q0,-12,1,79,BLUE,1,-0.152824,0.171179,62279
5948,true,q0,-12,1,79,BLUE,1,-0.152824,0.171179,62279
6060,true,q0,-12,1,79,BLUE,1,-0.152824,0.171179,62279
6172,true,q0,-12,1,79,BLUE,1,-0.152824,0.171179,62279
6284,true,q0,-12,1,79,BLUE,1,-0.152824,0.171179,62279
6396,true,q0,-12,1,79,BLUE,1,-0.152824,0.171179,62279
6508,true,q0,-12,1,79,BLUE,1,-0.152824,0.171179,62279
6620,true,q0,-12,1,79,BLUE,1,-0.152824,0.171179,62279
6732,true,q0,-12,1,79,BLUE,1,-0.152824,0.171179,62279
6844,true,q0,-12,1,79,BLUE,1,-0.152824,0.171179,62279
6956,true,q0,-12,1,79,BLUE,1,-0.152824,0.171179,62279
7068,true,q0,-12,1,79,BLUE,1,-0.152824,0.171179,62279
7180,true,q0,-12,1,79,BLUE,1,-0.152824,0.171179,62279
7292,true,q0,-12,1,79,BLUE,1,-0.152824,0.171179,62279
7404,true,q0,-12,1,79,BLUE,1,-0.152824,0.171179,62279
7516,true,q0,-12,1,79,BLUE,1,-0.152824,0.171179,62279
7628,true,q0,-12,1,79,BLUE,1,-0.152824,0.171179,62279
7740,true,q0,-12,1,79,BLUE,1,-0.152824,0.171179,62279
7852,true,q0,-12,1,79,BLUE,1,-0.152824,0.171179,62279
7964,true,q0,-12,1,79,BLUE,1,-0.152824,0.171179,62279
8076,true,q0,-12,1,79,BLUE,1,-0.152824,0.171179,62279
8188,true,q0,-12,1,79,BLUE,1,-0.152824,0.171179,62279
8300,true,q0,-12,1,79,BLUE,1,-0.152824,0.171179,62279
8412,true,q0,-12,1,79,BLUE,1,-0.152824,0.171179,62279
8524,true,q0,-12,1,79,BLUE,1,-0.152824,0.171179,62279
8636,true,q0,-12,1,79,BLUE,1,-0.152824,0.171179,62279
8748,true,q0,-12,1,79,BLUE,1,-0.152824,0.171179,62279
8860,true,q0,-12,1,79,BLUE,1,-0.152824,0.171179,62279
8972,true,q0,-12,1,79,BLUE,1,-0.152824,0.171179,62279
9084,true,q0,-12,1,79,BLUE,1,-0.152824,0.171179,62279
9196,true,q0,-12,1,79,BLUE,1,-0.152824,0.171179,62279
9308,true,q0,-12,1,79,BLUE,1,-0.152824,0.171179,62279
9420,true,q0,-12,1,79,BLUE,1,-0.152824,0.171179,62279
9532,true,q0,-12,1,79,BLUE,1,-0.152824,0.171179,62279
9644,true,q0,-12,1,79,BLUE,1,-0.152824,0.171179,62279
9756,true,q0,-12,1,79,BLUE,1,-0.152824,0.171179,62279
9868,true,q0,-12,1,79,BLUE,1,-0.152824,0.171179,62279
9980,true,q0,-12,1,79,BLUE,1,-0.152824,0.171179,62279
10092,true,q0,-12,1,79,BLUE,1,-0.152824,0.171179,62279
10204,true,q0,-12,1,79,BLUE,1,-0.152824,0.171179,62279
10316,true,q0,-12,1,79,BLUE,1,-0.152824,0.171179,62279
10428,true,q0,-12,1,79,BLUE,1,-0.152824,0.171179,62279
10540,true,q0,-12,1,79,BLUE,1,-0.152824,0.171179,62279
10652,true,q0,-12,1,79,BLUE,1,-0.152824,0.171179,62279
10764,true,q0,-12,1,79,BLUE,1,-0.152824,0.171179,62279
10876,true,q0,-12,1,79,BLUE,1,-0.152824,0.171179,62279
10988,true,q0,-12,1,79,BLUE,1,-0.152824,0.171179,62279
11100,true,q0,-12,1,79,BLUE,1,-0.152824,0.171179,62279
11212,true,q0,-12,1,79,BLUE,1,-0.152824,0.171179,62279
11324,true,q0,-12,1,79,BLUE,1,-0.152824,0.171179,62279
11436,true,q0,-12,1,79,BLUE,1,-0.152824,0.171179,62279
11548,true,q0,-12,1,79,BLUE,1,-0.152824,0.171179,62279
11660,true,q0,-12,1,79,BLUE,1,-0.152824,0.171179,62279
11815,true,q0,-12,1,79,BLUE,43,-0.152824,0.171179,62279
11927,true,q0,-12,1,79,BLUE,1,-0.152824,0.171179,62279
12039,true,q0,-12,1,79,BLUE,1,-0.152824,0.171179,62279
12151,true,q0,-12,1,79,BLUE,1,-0.152824,0.171179,62279
12263,true,q0,-12,1,79,BLUE,1,-0.152824,0.171179,62279
12375,true,q0,-12,1,79,BLUE,1,-0.152824,0.171179,62279
12487,true,q0,-12,1,79,BLUE,1,-0.152824,0.171179,62279
12599,true,q0,-12,1,79,BLUE,1,-0.152824,0.171179,62279
12711,true,q0,-12,1,79,BLUE,1,-0.152824,0.171179,62279
12823,true,q0,-12,1,79,BLUE,1,-0.152824,0.171179,62279
12935,true,q0,-12,1,79,BLUE,1,-0.152824,0.171179,62279
13047,true,q0,-12,1,79,BLUE,1,-0.152824,0.171179,62279
13159,true,q0,-12,1,79,BLUE,1,-0.152824,0.171179,62279
13271,true,q0,-12,1,79,BLUE,1,-0.152824,0.171179,62279
13383,true,q0,-12,1,79,BLUE,1,-0.152824,0.171179,62279
13495,true,q0,-12,1,79,BLUE,1,-0.152824,0.171179,62279
13607,true,q0,-12,1,79,BLUE,1,-0.152824,0.171179,62279
13719,true,q0,-12,1,79,BLUE,1,-0.152824,0.171179,62279
13831,true,q0,-12,1,79,BLUE,1,-0.152824,0.171179,62279
13943,true,q0,-12,1,79,BLUE,1,-0.152824,0.171179,62279
14055,true,q0,-12,1,79,BLUE,1,-0.152824,0.171179,62279
14167,true,q0,-12,1,79,BLUE,1,-0.152824,0.171179,62279
14279,true,q0,-12,1,79,BLUE,1,-0.152824,0.171179,62279
14391,true,q0,-12,1,79,BLUE,1,-0.152824,0.171179,62279
14503,true,q0,-12,1,79,BLUE,1,-0.152824,0.171179,62279
14615,true,q0,-12,1,79,BLUE,1,-0.152824,0.171179,62279
14727,true,q0,-12,1,79,BLUE,1,-0.152824,0.171179,62279
14839,true,q0,-12,1,79,BLUE,1,-0.152824,0.171179,62279
14951,true,q0,-12,1,79,BLUE,1,-0.152824,0.171179,62279
15063,true,q0,-12,1,79,BLUE,1,-0.152824,0.171179,62279
15175,true,q0,-12,1,79,BLUE,1,-0.152824,0.171179,62279
15287,true,q0,-12,1,79,BLUE,1,-0.152824,0.171179,62279
15399,true,q0,-12,1,79,BLUE,1,-0.152824,0.171179,62279
15511,true,q0,-12,1,79,BLUE,1,-0.152824,0.171179,62279
15623,true,q0,-12,1,79,BLUE,1,-0.152824,0.171179,62279
15735,true,q0,-12,1,79,BLUE,1,-0.152824,0.171179,62279
15847,true,q0,-12,1,79,BLUE,1,-0.152824,0.171179,62279
15959,true,q0,-12,1,79,BLUE,1,-0.152824,0.171179,62279
16071,true,q0,-12,1,79,BLUE,1,-0.152824,0.171179,62279
16183,true,q0,-12,1,79,BLUE,1,-0.152824,0.171179,62279
16295,true,q0,-12,1,79,BLUE,1,-0.152824,0.171179,62279
16407,true,q0,-12,1,79,BLUE,1,-0.152824,0.171179,62279
16519,true,q0,-12,1,79,BLUE,1,-0.152824,0.171179,62279
16631,true,q0,-12,1,79,BLUE,1,-0.152824,0.171179,62279
16743,true,q0,-12,1,79,BLUE,1,-0.152824,0.171179,62279
16855,true,q0,-12,1,79,BLUE,1,-0.152824,0.171179,62279
16967,true,q0,-12,1,79,BLUE,1,-0.152824,0.171179,62279
17079,true,q0,-12,1,79,BLUE,1,-0.152824,0.171179,62279
17191,true,q0,-12,1,79,BLUE,1,-0.152824,0.171179,62279
17303,true,q0,-12,1,79,BLUE,1,-0.152824,0.171179,62279
17415,true,q0,-12,1,79,BLUE,1,-0.152824,0.171179,62279
17527,true,q0,-12,1,79,BLUE,1,-0.152824,0.171179,62279
17639,true,q0,-12,1,79,BLUE,1,-0.152824,0.171179,62279
17751,true,q0,-12,1,79,BLUE,1,-0.152824,0.171179,62279
17863,true,q0,-12,1,79,BLUE,1,-0.152824,0.171179,62279
17975,true,q0,-12,1,79,BLUE,1,-0.152824,0.171179,62279
18087,true,q0,-12,1,79,BLUE,1,-0.152824,0.171179,62279
18199,true,q0,-12,1,79,BLUE,1,-0.152824,0.171179,62279
18311,true,q0,-12,1,79,BLUE,1,-0.152824,0.171179,62279
18423,true,q0,-12,1,79,BLUE,1,-0.152824,0.171179,62279
18535,true,q0,-12,1,79,BLUE,1,-0.152824,0.171179,62279
18647,true,q0,-12,1,79,BLUE,1,-0.152824,0.171179,62279
18759,true,q0,-12,1,79,BLUE,1,-0.152824,0.171179,62279
18871,true,q0,-12,1,79,BLUE,1,-0.152824,0.171179,62279
18983,true,q0,-12,1,79,BLUE,1,-0.152824,0.171179,62279
19095,true,q0,-12,1,79,BLUE,1,-0.152824,0.171179,62279
19207,true,q0,-12,1,79,BLUE,1,-0.152824,0.171179,62279
19319,true,q0,-12,1,79,BLUE,1,-0.152824,0.171179,62279
19474,true,q0,-12,1,79,BLUE,43,-0.152824,0.171179,62279
19586,true,q0,-12,1,79,BLUE,1,-0.152824,0.171179,62279
19698,true,q0,-12,1,79,BLUE,1,-0.152824,0.171179,62279
19810,true,q0,-12,1,79,BLUE,1,-0.152824,0.171179,62279
19922,true,q0,-12,1,79,BLUE,1,-0.152824,0.171179,62279
20034,true,q0,-12,1,79,BLUE,1,-0.152824,0.171179,62279
20146,true,q0,-12,1,79,BLUE,1,-0.152824,0.171179,62279
20258,true,q0,-12,1,79,BLUE,1,-0.152824,0.171179,62279
20370,true,q0,-12,1,79,BLUE,1,-0.152824,0.171179,62279
20482,true,q0,-12,1,79,BLUE,1,-0.152824,0.171179,62279
20594,true,q0,-12,1,79,BLUE,1,-0.152824,0.171179,62279
20706,true,q0,-12,1,79,BLUE,1,-0.152824,0.171179,62279
20818,true,q0,-12,1,79,BLUE,1,-0.152824,0.171179,62279
20930,true,q0,-12,1,79,BLUE,1,-0.152824,0.171179,62279
21042,true,q0,-12,1,79,BLUE,1,-0.152824,0.171179,62279
21154,true,q0,-12,1,79,BLUE,1,-0.152824,0.171179,62279
21266,true,q0,-12,1,79,BLUE,1,-0.152824,0.171179,62279
21378,true,q0,-12,1,79,BLUE,1,-0.152824,0.171179,62279
21490,true,q0,-12,1,79,BLUE,1,-0.152824,0.171179,62279
21602,true,q0,-12,1,79,BLUE,1,-0.152824,0.171179,62279
21714,true,q0,-12,1,79,BLUE,1,-0.152824,0.171179,62279
21826,true,q0,-12,1,79,BLUE,1,-0.152824,0.171179,62279
21938,true,q0,-12,1,79,BLUE,1,-0.152824,0.171179,62279
22050,true,q0,-12,1,79,BLUE,1,-0.152824,0.171179,62279
22162,true,q0,-12,1,79,BLUE,1,-0.152824,0.171179,62279
22274,true,q0,-12,1,79,BLUE,1,-0.152824,0.171179,62279
22386,true,q0,-12,1,79,BLUE,1,-0.152824,0.171179,62279
22498,true,q0,-12,1,79,BLUE,1,-0.152824,0.171179,62279
22610,true,q0,-12,1,79,BLUE,1,-0.152824,0.171179,62279
22722,true,q0,-12,1,79,BLUE,1,-0.152824,0.171179,62279
22834,true,q0,-12,1,79,BLUE,1,-0.152824,0.171179,62279
22946,true,q0,-12,1,79,BLUE,1,-0.152824,0.171179,62279
23058,true,q0,-12,1,79,BLUE,1,-0.152824,0.171179,62279
23170,true,q0,-12,1,79,BLUE,1,-0.152824,0.171179,62279
23282,true,q0,-12,1,79,BLUE,1,-0.152824,0.171179,62279
23394,true,q0,-12,1,79,BLUE,1,-0.152824,0.171179,62279
23506,true,q0,-12,1,79,BLUE,1,-0.152824,0.171179,62279
23618,true,q0,-12,1,79,BLUE,1,-0.152824,0.171179,62279
23730,true,q0,-12,1,79,BLUE,1,-0.152824,0.171179,62279
23842,true,q0,-12,1,79,BLUE,1,-0.152824,0.171179,62279
23954,true,q0,-12,1,79,BLUE,1,-0.152824,0.171179,62279
24066,true,q0,-12,1,79,BLUE,1,-0.152824,0.171179,62279
24178,true,q0,-12,1,79,BLUE,1,-0.152824,0.171179,62279
24290,true,q0,-12,1,79,BLUE,1,-0.152824,0.171179,62279
24402,true,q0,-12,1,79,BLUE,1,-0.152824,0.171179,62279
24514,true,q0,-12,1,79,BLUE,1,-0.152824,0.171179,62279
24626,true,q0,-12,1,79,BLUE,1,-0.152824,0.171179,62279
24738,true,q0,-12,1,79,BLUE,1,-0.152824,0.171179,62279
24850,true,q0,-12,1,79,BLUE,1,-0.152824,0.171179,62279
24962,true,q0,-12,1,79,BLUE,1,-0.152824,0.171179,62279
25074,true,q0,-12,1,79,BLUE,1,-0.152824,0.171179,62279
25186,true,q0,-12,1,79,BLUE,1,-0.152824,0.171179,62279
25298,true,q0,-12,1,79,BLUE,1,-0.152824,0.171179,62279
25410,true,q0,-12,1,79,BLUE,1,-0.152824,0.171179,62279
25522,true,q0,-12,1,79,BLUE,1,-0.152824,0.171179,62279
25634,true,q0,-12,1,79,BLUE,1,-0.152824,0.171179,62279
25746,true,q0,-12,1,79,BLUE,1,-0.152824,0.171179,62279
25858,true,q0,-12,1,79,BLUE,1,-0.152824,0.171179,62279
25970,true,q0,-12,1,79,BLUE,1,-0.152824,0.171179,62279
26082,true,q0,-12,1,79,BLUE,1,-0.152824,0.171179,62279
26194,true,q0,-12,1,79,BLUE,1,-0.152824,0.171179,62279
26306,true,q0,-12,1,79,BLUE,1,-0.152824,0.171179,62279
26418,true,q0,-12,1,79,BLUE,1,-0.152824,0.171179,62279
26530,true,q0,-12,1,79,BLUE,1,-0.152824,0.171179,62279
26642,true,q0,-12,1,79,BLUE,1,-0.152824,0.171179,62279
26754,true,q0,-12,1,79,BLUE,1,-0.152824,0.171179,62279
26866,true,q0,-12,1,79,BLUE,1,-0.152824,0.171179,62279
26978,true,q0,-12,1,79,BLUE,1,-0.152824,0.171179,62279
52,true,q0,0,1,600,BLUE,1,-0.152824,0.171179,22943
685,true,q0,-1,1,597,BLUE,1,-0.152824,0.171179,22943
1315,true,q0,-2,1,591,BLUE,1,-0.152824,0.171179,22943
1939,true,q0,-3,1,576,BLUE,1,-0.152824,0.171179,22943
2548,true,q0,-4,1,538,BLUE,1,-0.152824,0.171179,22943
3119,true,q0,-5,1,460,BLUE,1,-0.152824,0.171179,22943
3655,true,q0,-6,1,340,BLUE,43,-0.152824,0.171179,22943
4028,true,q0,-7,1,219,BLUE,1,-0.152824,0.171179,22943
4280,true,q0,-8,1,141,BLUE,1,-0.152824,0.171179,22943
4454,true,q0,-9,1,104,BLUE,1,-0.152824,0.171179,22943
4591,true,q0,-10,1,88,BLUE,1,-0.152824,0.171179,22943
4712,true,q0,-11,1,82,BLUE,1,-0.152824,0.171179,22943
4827,true,q0,-12,1,80,BLUE,1,-0.152824,0.171179,22943
4940,true,q0,-12,1,79,BLUE,1,-0.152824,0.171179,22943
5052,true,q0,-12,1,79,BLUE,1,-0.152824,0.171179,22943
5164,true,q0,-12,1,79,BLUE,1,-0.152824,0.171179,22943
5276,true,q0,-12,1,79,BLUE,1,-0.152824,0.171179,22943
5388,true,q0,-12,1,79,BLUE,1,-0.152824,0.171179,22943
5500,true,q0,-12,1,79,BLUE,1,-0.152824,0.171179,22943
5612,true,q0,-12,1,79,BLUE,1,-0.152824,0.171179,22943
5724,true,q0,-12,1,79,BLUE,1,-0.152824,0.171179,22943
5836,true,q0,-12,1,79,BLUE,1,-0.152824,0.171179,22943
5948,true,q0,-12,1,79,BLUE,1,-0.152824,0.171179,22943
6060,true,q0,-12,1,79,BLUE,1,-0.152824,0.171179,22943
6172,true,q0,-12,1,79,BLUE,1,-0.152824,0.171179,22943
6284,true,q0,-12,1,79,BLUE,1,-0.152824,0.171179,22943
6396,true,q0,-12,1,79,BLUE,1,-0.152824,0.171179,22943
6508,true,q0,-12,1,79,BLUE,1,-0.152824,0.171179,22943
6620,true,q0,-12,1,79,BLUE,1,-0.152824,0.171179,22943
6732,true,q0,-12,1,79,BLUE,1,-0.152824,0.171179,22943
6844,true,q0,-12,1,79,BLUE,1,-0.152824,0.171179,22943
6956,true,q0,-12,1,79,BLUE,1,-0.152824,0.171179,22943
7068,true,q0,-12,1,79,BLUE,1,-0.152824,0.171179,22943
7180,true,q0,-12,1,79,BLUE,1,-0.152824,0.171179,22943
7292,true,q0,-12,1,79,BLUE,1,-0.152824,0.171179,22943
7404,true,q0,-12,1,79,BLUE,1,-0.152824,0.171179,22943
7516,true,q0,-12,1,79,BLUE,1,-0.152824,0.171179,22943
7628,true,q0,-12,1,79,BLUE,1,-0.152824,0.171179,22943
7740,true,q0,-12,1,79,BLUE,1,-0.152824,0.171179,22943
7852,true,q0,-12,1,79,BLUE,1,-0.152824,0.171179,22943
7964,true,q0,-12,1,79,BLUE,1,-0.152824,0.171179,22943
8076,true,q0,-12,1,79,BLUE,1,-0.152824,0.171179,22943
8188,true,q0,-12,1,79,BLUE,1,-0.152824,0.171179,22943
8300,true,q0,-12,1,79,BLUE,1,-0.152824,0.171179,22943
8412,true,q0,-12,1,79,BLUE,1,-0.152824,0.171179,22943
8524,true,q0,-12,1,79,BLUE,1,-0.152824,0.171179,22943
8636,true,q0,-12,1,79,BLUE,1,-0.152824,0.171179,22943
8748,true,q0,-12,1,79,BLUE,1,-0.152824,0.171179,22943
8860,true,q0,-12,1,79,BLUE,1,-0.152824,0.171179,22943
8972,true,q0,-12,1,79,BLUE,1,-0.152824,0.171179,22943
9084,true,q0,-12,1,79,BLUE,1,-0.152824,0.171179,22943
9196,true,q0,-12,1,79,BLUE,1,-0.152824,0.171179,22943
9308,true,q0,-12,1,79,BLUE,1,-0.152824,0.171179,22943
9420,true,q0,-12,1,79,BLUE,1,-0.152824,0.171179,22943
9532,true,q0,-12,1,79,BLUE,1,-0.152824,0.171179,22943
9644,true,q0,-12,1,79,BLUE,1,-0.152824,0.171179,22943
9756,true,q0,-12,1,79,BLUE,1,-0.152824,0.171179,22943
9868,true,q0,-12,1,79,BLUE,1,-0.152824,0.171179,22943
9980,true,q0,-12,1,79,BLUE,1,-0.152824,0.171179,22943
10092,true,q0,-12,1,79,BLUE,1,-0.152824,0.171179,22943
10204,true,q0,-12,1,79,BLUE,1,-0.152824,0.171179,22943
10316,true,q0,-12,1,79,BLUE,1,-0.152824,0.171179,22943
10428,true,q0,-12,1,79,BLUE,1,-0.152824,0.171179,22943
10540,true,q0,-12,1,79,BLUE,1,-0.152824,0.171179,22943
10652,true,q0,-12,1,79,BLUE,1,-0.152824,0.171179,22943
10764,true,q0,-12,1,79,BLUE,1,-0.152824,0.171179,22943
10876,true,q0,-12,1,79,BLUE,1,-0.152824,0.171179,22943
10988,true,q0,-12,1,79,BLUE,1,-0.152824,0.171179,22943
11100,true,q0,-12,1,79,BLUE,1,-0.152824,0.171179,22943
11212,true,q0,-12,1,79,BLUE,1,-0.152824,0.171179,22943
11324,true,q0,-12,1,79,BLUE,1,-0.152824,0.171179,22943
11436,true,q0,-12,1,79,BLUE,1,-0.152824,0.171179,22943
11548,true,q0,-12,1,79,BLUE,1,-0.152824,0.171179,22943
11660,true,q0,-12,1,79,BLUE,1,-0.152824,0.171179,22943
11815,true,q0,-12,1,79,BLUE,43,-0.152824,0.171179,22943
11927,true,q0,-12,1,79,BLUE,1,-0.152824,0.171179,22943
12039,true,q0,-12,1,79,BLUE,1,-0.152824,0.171179,22943
12151,true,q0,-12,1,79,BLUE,1,-0.152824,0.171179,22943
12263,true,q0,-12,1,79,BLUE,1,-0.152824,0.171179,22943
12375,true,q0,-12,1,79,BLUE,1,-0.152824,0.171179,22943
12487,true,q0,-12,1,79,BLUE,1,-0.152824,0.171179,22943
12599,true,q0,-12,1,79,BLUE,1,-0.152824,0.171179,22943
12711,true,q0,-12,1,79,BLUE,1,-0.152824,0.171179,22943
12823,true,q0,-12,1,79,BLUE,1,-0.152824,0.171179,22943
12935,true,q0,-12,1,79,BLUE,1,-0.152824,0.171179,22943
13047,true,q0,-12,1,79,BLUE,1,-0.152824,0.171179,22943
13159,true,q0,-12,1,79,BLUE,1,-0.152824,0.171179,22943
13271,true,q0,-12,1,79,BLUE,1,-0.152824,0.171179,22943
13383,true,q0,-12,1,79,BLUE,1,-0.152824,0.171179,22943
13495,true,q0,-12,1,79,BLUE,1,-0.152824,0.171179,22943
13607,true,q0,-12,1,79,BLUE,1,-0.152824,0.171179,22943
13719,true,q0,-12,1,79,BLUE,1,-0.152824,0.171179,22943
13831,true,q0,-12,1,79,BLUE,1,-0.152824,0.171179,22943
13943,true,q0,-12,1,79,BLUE,1,-0.152824,0.171179,22943
14055,true,q0,-12,1,79,BLUE,1,-0.152824,0.171179,22943
14167,true,q0,-12,1,79,BLUE,1,-0.152824,0.171179,22943
14279,true,q0,-12,1,79,BLUE,1,-0.152824,0.171179,22943
14391,true,q0,-12,1,79,BLUE,1,-0.152824,0.171179,22943
14503,true,q0,-12,1,79,BLUE,1,-0.152824,0.171179,22943
14615,true,q0,-12,1,79,BLUE,1,-0.152824,0.171179,22943
14727,true,q0,-12,1,79,BLUE,1,-0.152824,0.171179,22943
14839,true,q0,-12,1,79,BLUE,1,-0.152824,0.171179,22943
14951,true,q0,-12,1,79,BLUE,1,-0.152824,0.171179,22943
15063,true,q0,-12,1,79,BLUE,1,-0.152824,0.171179,22943
15175,true,q0,-12,1,79,BLUE,1,-0.152824,0.171179,22943
15287,true,q0,-12,1,79,BLUE,1,-0.152824,0.171179,22943
15399,true,q0,-12,1,79,BLUE,1,-0.152824,0.171179,22943
15511,true,q0,-12,1,79,BLUE,1,-0.152824,0.171179,22943
15623,true,q0,-12,1,79,BLUE,1,-0.152824,0.171179,22943
15735,true,q0,-12,1,79,BLUE,1,-0.152824,0.171179,22943
15847,true,q0,-12,1,79,BLUE,1,-0.152824,0.171179,22943
15959,true,q0,-12,1,79,BLUE,1,-0.152824,0.171179,22943
16071,true,q0,-12,1,79,BLUE,1,-0.152824,0.171179,22943
16183,true,q0,-12,1,79,BLUE,1,-0.152824,0.171179,22943
16295,true,q0,-12,1,79,BLUE,1,-0.152824,0.171179,22943
16407,true,q0,-12,1,79,BLUE,1,-0.152824,0.171179,22943
16519,true,q0,-12,1,79,BLUE,1,-0.152824,0.171179,22943
16631,true,q0,-12,1,79,BLUE,1,-0.152824,0.171179,22943
16743,true,q0,-12,1,79,BLUE,1,-0.152824,0.171179,22943
16855,true,q0,-12,1,79,BLUE,1,-0.152824,0.171179,22943
16967,true,q0,-12,1,79,BLUE,1,-0.152824,0.171179,22943
17079,true,q0,-12,1,79,BLUE,1,-0.152824,0.171179,22943
17191,true,q0,-12,1,79,BLUE,1,-0.152824,0.171179,22943
17303,true,q0,-12,1,79,BLUE,1,-0.152824,0.171179,22943
17415,true,q0,-12,1,79,BLUE,1,-0.152824,0.171179,22943
17527,true,q0,-12,1,79,BLUE,1,-0.152824,0.171179,22943
17639,true,q0,-12,1,79,BLUE,1,-0.152824,0.171179,22943
17751,true,q0,-12,1,79,BLUE,1,-0.152824,0.171179,22943
17863,true,q0,-12,1,79,BLUE,1,-0.152824,0.171179,22943
17975,true,q0,-12,1,79,BLUE,1,-0.152824,0.171179,22943
18087,true,q0,-12,1,79,BLUE,1,-0.152824,0.171179,22943
18199,true,q0,-12,1,79,BLUE,1,-0.152824,0.171179,22943
18311,true,q0,-12,1,79,BLUE,1,-0.152824,0.171179,22943
18423,true,q0,-12,1,79,BLUE,1,-0.152824,0.171179,22943
18535,true,q0,-12,1,79,BLUE,1,-0.152824,0.171179,22943
18647,true,q0,-12,1,79,BLUE,1,-0.152824,0.171179,22943
18759,true,q0,-12,1,79,BLUE,1,-0.152824,0.171179,22943
18871,true,q0,-12,1,79,BLUE,1,-0.152824,0.171179,22943
18983,true,q0,-12,1,79,BLUE,1,-0.152824,0.171179,22943
19095,true,q0,-12,1,79,BLUE,1,-0.152824,0.171179,22943
19207,true,q0,-12,1,79,BLUE,1,-0.152824,0.171179,22943
19319,true,q0,-12,1,79,BLUE,1,-0.152824,0.171179,22943
19474,true,q0,-12,1,79,BLUE,43,-0.152824,0.171179,22943
19586,true,q0,-12,1,79,BLUE,1,-0.152824,0.171179,22943
19698,true,q0,-12,1,79,BLUE,1,-0.152824,0.171179,22943
19810,true,q0,-12,1,79,BLUE,1,-0.152824,0.171179,22943
19922,true,q0,-12,1,79,BLUE,1,-0.152824,0.171179,22943
20034,true,q0,-12,1,79,BLUE,1,-0.152824,0.171179,22943
20146,true,q0,-12,1,79,BLUE,1,-0.152824,0.171179,22943
20258,true,q0,-12,1,79,BLUE,1,-0.152824,0.171179,22943
20370,true,q0,-12,1,79,BLUE,1,-0.152824,0.171179,22943
20482,true,q0,-12,1,79,BLUE,1,-0.152824,0.171179,22943
20594,true,q0,-12,1,79,BLUE,1,-0.152824,0.171179,22943
20706,true,q0,-12,1,79,BLUE,1,-0.152824,0.171179,22943
20818,true,q0,-12,1,79,BLUE,1,-0.152824,0.171179,22943
20930,true,q0,-12,1,79,BLUE,1,-0.152824,0.171179,22943
21042,true,q0,-12,1,79,BLUE,1,-0.152824,0.171179,22943
21154,true,q0,-12,1,79,BLUE,1,-0.152824,0.171179,22943
21266,true,q0,-12,1,79,BLUE,1,-0.152824,0.171179,22943
21378,true,q0,-12,1,79,BLUE,1,-0.152824,0.171179,22943
21490,true,q0,-12,1,79,BLUE,1,-0.152824,0.171179,22943
21602,true,q0,-12,1,79,BLUE,1,-0.152824,0.171179,22943
21714,true,q0,-12,1,79,BLUE,1,-0.152824,0.171179,22943
21826,true,q0,-12,1,79,BLUE,1,-0.152824,0.171179,22943
21938,true,q0,-12,1,79,BLUE,1,-0.152824,0.171179,22943
22050,true,q0,-12,1,79,BLUE,1,-0.152824,0.171179,22943
22162,true,q0,-12,1,79,BLUE,1,-0.152824,0.171179,22943
22274,true,q0,-12,1,79,BLUE,1,-0.152824,0.171179,22943
22386,true,q0,-12,1,79,BLUE,1,-0.152824,0.171179,22943
22498,true,q0,-12,1,79,BLUE,1,-0.152824,0.171179,22943
22610,true,q0,-12,1,79,BLUE,1,-0.152824,0.171179,22943
22722,true,q0,-12,1,79,BLUE,1,-0.152824,0.171179,22943
22834,true,q0,-12,1,79,BLUE,1,-0.152824,0.171179,22943
22946,true,q0,-12,1,79,BLUE,1,-0.152824,0.171179,22943
23058,true,q0,-12,1,79,BLUE,1,-0.152824,0.171179,22943
23170,true,q0,-12,1,79,BLUE,1,-0.152824,0.171179,22943
23282,true,q0,-12,1,79,BLUE,1,-0.152824,0.171179,22943
23394,true,q0,-12,1,79,BLUE,1,-0.152824,0.171179,22943
23506,true,q0,-12,1,79,BLUE,1,-0.152824,0.171179,22943
23618,true,q0,-12,1,79,BLUE,1,-0.152824,0.171179,22943
23730,true,q0,-12,1,79,BLUE,1,-0.152824,0.171179,22943
23842,true,q0,-12,1,79,BLUE,1,-0.152824,0.171179,22943
23954,true,q0,-12,1,79,BLUE,1,-0.152824,0.171179,22943
24066,true,q0,-12,1,79,BLUE,1,-0.152824,0.171179,22943
24178,true,q0,-12,1,79,BLUE,1,-0.152824,0.171179,22943
24290,true,q0,-12,1,79,BLUE,1,-0.152824,0.171179,22943
24402,true,q0,-12,1,79,BLUE,1,-0.152824,0.171179,22943
24514,true,q0,-12,1,79,BLUE,1,-0.152824,0.171179,22943
24626,true,q0,-12,1,79,BLUE,1,-0.152824,0.171179,22943
24738,true,q0,-12,1,79,BLUE,1,-0.152824,0.171179,22943
24850,true,q0,-12,1,79,BLUE,1,-0.152824,0.171179,22943
24962,true,q0,-12,1,79,BLUE,1,-0.152824,0.171179,22943
25074,true,q0,-12,1,79,BLUE,1,-0.152824,0.171179,22943
25186,true,q0,-12,1,79,BLUE,1,-0.152824,0.171179,22943
25298,true,q0,-12,1,79,BLUE,1,-0.152824,0.171179,22943
25410,true,q0,-12,1,79,BLUE,1,-0.152824,0.171179,22943
25522,true,q0,-12,1,79,BLUE,1,-0.152824,0.171179,22943
25634,true,q0,-12,1,79,BLUE,1,-0.152824,0.171179,22943
25746,true,q0,-12,1,79,BLUE,1,-0.152824,0.171179,22943
25858,true,q0,-12,1,79,BLUE,1,-0.152824,0.171179,22943
25970,true,q0,-12,1,79,BLUE,1,-0.152824,0.171179,22943
26082,true,q0,-12,1,79,BLUE,1,-0.152824,0.171179,22943
26194,true,q0,-12,1,79,BLUE,1,-0.152824,0.171179,22943
26306,true,q0,-12,1,79,BLUE,1,-0.152824,0.171179,22943
26418,true,q0,-12,1,79,BLUE,1,-0.152824,0.171179,22943
26530,true,q0,-12,1,79,BLUE,1,-0.152824,0.171179,22943
26642,true,q0,-12,1,79,BLUE,1,-0.152824,0.171179,22943
26754,true,q0,-12,1,79,BLUE,1,-0.152824,0.171179,22943
26866,true,q0,-12,1,79,BLUE,1,-0.152824,0.171179,22943
26978,true,q0,-12,1,79,BLUE,1,-0.152824,0.171179,22943
52,true,q0,0,1,600,BLUE,1,-0.152824,0.171179,87957
685,true,q0,-1,1,597,BLUE,1,-0.152824,0.171179,87957
1315,true,q0,-2,1,591,BLUE,1,-0.152824,0.171179,87957
1939,true,q0,-3,1,576,BLUE,1,-0.152824,0.171179,87957
2548,true,q0,-4,1,538,BLUE,1,-0.152824,0.171179,87957
3119,true,q0,-5,1,460,BLUE,1,-0.152824,0.171179,87957
3655,true,q0,-6,1,340,BLUE,43,-0.152824,0.171179,87957
4028,true,q0,-7,1,219,BLUE,1,-0.152824,0.171179,87957
4280,true,q0,-8,1,141,BLUE,1,-0.152824,0.171179,87957
4454,true,q0,-9,1,104,BLUE,1,-0.152824,0.171179,87957
4591,true,q0,-10,1,88,BLUE,1,-0.152824,0.171179,87957
4712,true,q0,-11,1,82,BLUE,1,-0.152824,0.171179,87957
4827,true,q0,-12,1,80,BLUE,1,-0.152824,0.171179,87957
4940,true,q0,-12,1,79,BLUE,1,-0.152824,0.171179,87957
5052,true,q0,-12,1,79,BLUE,1,-0.152824,0.171179,87957
5164,true,q0,-12,1,79,BLUE,1,-0.152824,0.171179,87957
5276,true,q0,-12,1,79,BLUE,1,-0.152824,0.171179,87957
5388,true,q0,-12,1,79,BLUE,1,-0.152824,0.171179,87957
5500,true,q0,-12,1,79,BLUE,1,-0.152824,0.171179,87957
5612,true,q0,-12,1,79,BLUE,1,-0.152824,0.171179,87957
5724,true,q0,-12,1,79,BLUE,1,-0.152824,0.171179,87957
5836,true,q0,-12,1,79,BLUE,1,-0.152824,0.171179,87957
5948,true,q0,-12,1,79,BLUE,1,-0.152824,0.171179,87957
6060,true,q0,-12,1,79,BLUE,1,-0.152824,0.171179,87957
6172,true,q0,-12,1,79,BLUE,1,-0.152824,0.171179,87957
6284,true,q0,-12,1,79,BLUE,1,-0.152824,0.171179,87957
6396,true,q0,-12,1,79,BLUE,1,-0.152824,0.171179,87957
6508,true,q0,-12,1,79,BLUE,1,-0.152824,0.171179,87957
6620,true,q0,-12,1,79,BLUE,1,-0.152824,0.171179,87957
6732,true,q0,-12,1,79,BLUE,1,-0.152824,0.171179,87957
6844,true,q0,-12,1,79,BLUE,1,-0.152824,0.171179,87957
6956,true,q0,-12,1,79,BLUE,1,-0.152824,0.171179,87957
7068,true,q0,-12,1,79,BLUE,1,-0.152824,0.171179,87957
7180,true,q0,-12,1,79,BLUE,1,-0.152824,0.171179,87957
7292,true,q0,-12,1,79,BLUE,1,-0.152824,0.171179,87957
7404,true,q0,-12,1,79,BLUE,1,-0.152824,0.171179,87957
7516,true,q0,-12,1,79,BLUE,1,-0.152824,0.171179,87957
7628,true,q0,-12,1,79,BLUE,1,-0.152824,0.171179,87957
7740,true,q0,-12,1,79,BLUE,1,-0.152824,0.171179,87957
7852,true,q0,-12,1,79,BLUE,1,-0.152824,0.171179,87957
7964,true,q0,-12,1,79,BLUE,1,-0.152824,0.171179,87957
8076,true,q0,-12,1,79,BLUE,1,-0.152824,0.171179,87957
8188,true,q0,-12,1,79,BLUE,1,-0.152824,0.171179,87957
8300,true,q0,-12,1,79,BLUE,1,-0.152824,0.171179,87957
8412,true,q0,-12,1,79,BLUE,1,-0.152824,0.171179,87957
8524,true,q0,-12,1,79,BLUE,1,-0.152824,0.171179,87957
8636,true,q0,-12,1,79,BLUE,1,-0.152824,0.171179,87957
8748,true,q0,-12,1,79,BLUE,1,-0.152824,0.171179,87957
8860,true,q0,-12,1,79,BLUE,1,-0.152824,0.171179,87957
8972,true,q0,-12,1,79,BLUE,1,-0.152824,0.171179,87957
9084,true,q0,-12,1,79,BLUE,1,-0.152824,0.171179,87957
9196,true,q0,-12,1,79,BLUE,1,-0.152824,0.171179,87957
9308,true,q0,-12,1,79,BLUE,1,-0.152824,0.171179,87957
9420,true,q0,-12,1,79,BLUE,1,-0.152824,0.171179,87957
9532,true,q0,-12,1,79,BLUE,1,-0.152824,0.171179,87957
9644,true,q0,-12,1,79,BLUE,1,-0.152824,0.171179,87957
9756,true,q0,-12,1,79,BLUE,1,-0.152824,0.171179,87957
9868,true,q0,-12,1,79,BLUE,1,-0.152824,0.171179,87957
9980,true,q0,-12,1,79,BLUE,1,-0.152824,0.171179,87957
10092,true,q0,-12,1,79,BLUE,1,-0.152824,0.171179,87957
10204,true,q0,-12,1,79,BLUE,1,-0.152824,0.171179,87957
10316,true,q0,-12,1,79,BLUE,1,-0.152824,0.171179,87957
10428,true,q0,-12,1,79,BLUE,1,-0.152824,0.171179,87957
10540,true,q0,-12,1,79,BLUE,1,-0.152824,0.171179,87957
10652,true,q0,-12,1,79,BLUE,1,-0.152824,0.171179,87957
10764,true,q0,-12,1,79,BLUE,1,-0.152824,0.171179,87957
10876,true,q0,-12,1,79,BLUE,1,-0.152824,0.171179,87957
10988,true,q0,-12,1,79,BLUE,1,-0.152824,0.171179,87957
11100,true,q0,-12,1,79,BLUE,1,-0.152824,0.171179,87957
11212,true,q0,-12,1,79,BLUE,1,-0.152824,0.171179,87957
11324,true,q0,-12,1,79,BLUE,1,-0.152824,0.171179,87957
11436,true,q0,-12,1,79,BLUE,1,-0.152824,0.171179,87957
11548,true,q0,-12,1,79,BLUE,1,-0.152824,0.171179,87957
11660,true,q0,-12,1,79,BLUE,1,-0.152824,0.171179,87957
11815,true,q0,-12,1,79,BLUE,43,-0.152824,0.171179,87957
11927,true,q0,-12,1,79,BLUE,1,-0.152824,0.171179,87957
12039,true,q0,-12,1,79,BLUE,1,-0.152824,0.171179,87957
12151,true,q0,-12,1,79,BLUE,1,-0.152824,0.171179,87957
12263,true,q0,-12,1,79,BLUE,1,-0.152824,0.171179,87957
12375,true,q0,-12,1,79,BLUE,1,-0.152824,0.171179,87957
12487,true,q0,-12,1,79,BLUE,1,-0.152824,0.171179,87957
12599,true,q0,-12,1,79,BLUE,1,-0.152824,0.171179,87957
12711,true,q0,-12,1,79,BLUE,1,-0.152824,0.171179,87957
12823,true,q0,-12,1,79,BLUE,1,-0.152824,0.171179,87957
12935,true,q0,-12,1,79,BLUE,1,-0.152824,0.171179,87957
13047,true,q0,-12,1,79,BLUE,1,-0.152824,0.171179,87957
13159,true,q0,-12,1,79,BLUE,1,-0.152824,0.171179,87957
13271,true,q0,-12,1,79,BLUE,1,-0.152824,0.171179,87957
13383,true,q0,-12,1,79,BLUE,1,-0.152824,0.171179,87957
13495,true,q0,-12,1,79,BLUE,1,-0.152824,0.171179,87957
13607,true,q0,-12,1,79,BLUE,1,-0.152824,0.171179,87957
13719,true,q0,-12,1,79,BLUE,1,-0.152824,0.171179,87957
13831,true,q0,-12,1,79,BLUE,1,-0.152824,0.171179,87957
13943,true,q0,-12,1,79,BLUE,1,-0.152824,0.171179,87957
14055,true,q0,-12,1,79,BLUE,1,-0.152824,0.171179,87957
14167,true,q0,-12,1,79,BLUE,1,-0.152824,0.171179,87957
14279,true,q0,-12,1,79,BLUE,1,-0.152824,0.171179,87957
14391,true,q0,-12,1,79,BLUE,1,-0.152824,0.171179,87957
14503,true,q0,-12,1,79,BLUE,1,-0.152824,0.171179,87957
14615,true,q0,-12,1,79,BLUE,1,-0.152824,0.171179,87957
14727,true,q0,-12,1,79,BLUE,1,-0.152824,0.171179,87957
14839,true,q0,-12,1,79,BLUE,1,-0.152824,0.171179,87957
14951,true,q0,-12,1,79,BLUE,1,-0.152824,0.171179,87957
15063,true,q0,-12,1,79,BLUE,1,-0.152824,0.171179,87957
15175,true,q0,-12,1,79,BLUE,1,-0.152824,0.171179,87957
15287,true,q0,-12,1,79,BLUE,1,-0.152824,0.171179,87957
15399,true,q0,-12,1,79,BLUE,1,-0.152824,0.171179,87957
15511,true,q0,-12,1,79,BLUE,1,-0.152824,0.171179,87957
15623,true,q0,-12,1,79,BLUE,1,-0.152824,0.171179,87957
15735,true,q0,-12,1,79,BLUE,1,-0.152824,0.171179,87957
15847,true,q0,-12,1,79,BLUE,1,-0.152824,0.171179,87957
15959,true,q0,-12,1,79,BLUE,1,-0.152824,0.171179,87957
16071,true,q0,-12,1,79,BLUE,1,-0.152824,0.171179,87957
16183,true,q0,-12,1,79,BLUE,1,-0.152824,0.171179,87957
16295,true,q0,-12,1,79,BLUE,1,-0.152824,0.171179,87957
16407,true,q0,-12,1,79,BLUE,1,-0.152824,0.171179,87957
16519,true,q0,-12,1,79,BLUE,1,-0.152824,0.171179,87957
16631,true,q0,-12,1,79,BLUE,1,-0.152824,0.171179,87957
16743,true,q0,-12,1,79,BLUE,1,-0.152824,0.171179,87957
16855,true,q0,-12,1,79,BLUE,1,-0.152824,0.171179,87957
16967,true,q0,-12,1,79,BLUE,1,-0.152824,0.171179,87957
17079,true,q0,-12,1,79,BLUE,1,-0.152824,0.171179,87957
17191,true,q0,-12,1,79,BLUE,1,-0.152824,0.171179,87957
17303,true,q0,-12,1,79,BLUE,1,-0.152824,0.171179,87957
17415,true,q0,-12,1,79,BLUE,1,-0.152824,0.171179,87957
17527,true,q0,-12,1,79,BLUE,1,-0.152824,0.171179,87957
17639,true,q0,-12,1,79,BLUE,1,-0.152824,0.171179,87957
17751,true,q0,-12,1,79,BLUE,1,-0.152824,0.171179,87957
17863,true,q0,-12,1,79,BLUE,1,-0.152824,0.171179,87957
17975,true,q0,-12,1,79,BLUE,1,-0.152824,0.171179,87957
18087,true,q0,-12,1,79,BLUE,1,-0.152824,0.171179,87957
18199,true,q0,-12,1,79,BLUE,1,-0.152824,0.171179,87957
18311,true,q0,-12,1,79,BLUE,1,-0.152824,0.171179,87957
18423,true,q0,-12,1,79,BLUE,1,-0.152824,0.171179,87957
18535,true,q0,-12,1,79,BLUE,1,-0.152824,0.171179,87957
18647,true,q0,-12,1,79,BLUE,1,-0.152824,0.171179,87957
18759,true,q0,-12,1,79,BLUE,1,-0.152824,0.171179,87957
18871,true,q0,-12,1,79,BLUE,1,-0.152824,0.171179,87957
18983,true,q0,-12,1,79,BLUE,1,-0.152824,0.171179,87957
19095,true,q0,-12,1,79,BLUE,1,-0.152824,0.171179,87957
19207,true,q0,-12,1,79,BLUE,1,-0.152824,0.171179,87957
19319,true,q0,-12,1,79,BLUE,1,-0.152824,0.171179,87957
19474,true,q0,-12,1,79,BLUE,43,-0.152824,0.171179,87957
19586,true,q0,-12,1,79,BLUE,1,-0.152824,0.171179,87957
19698,true,q0,-12,1,79,BLUE,1,-0.152824,0.171179,87957
19810,true,q0,-12,1,79,BLUE,1,-0.152824,0.171179,87957
19922,true,q0,-12,1,79,BLUE,1,-0.152824,0.171179,87957
20034,true,q0,-12,1,79,BLUE,1,-0.152824,0.171179,87957
20146,true,q0,-12,1,79,BLUE,1,-0.152824,0.171179,87957
20258,true,q0,-12,1,79,BLUE,1,-0.152824,0.171179,87957
20370,true,q0,-12,1,79,BLUE,1,-0.152824,0.171179,87957
20482,true,q0,-12,1,79,BLUE,1,-0.152824,0.171179,87957
20594,true,q0,-12,1,79,BLUE,1,-0.152824,0.171179,87957
20706,true,q0,-12,1,79,BLUE,1,-0.152824,0.171179,87957
20818,true,q0,-12,1,79,BLUE,1,-0.152824,0.171179,87957
20930,true,q0,-12,1,79,BLUE,1,-0.152824,0.171179,87957
21042,true,q0,-12,1,79,BLUE,1,-0.152824,0.171179,87957
21154,true,q0,-12,1,79,BLUE,1,-0.152824,0.171179,87957
21266,true,q0,-12,1,79,BLUE,1,-0.152824,0.171179,87957
21378,true,q0,-12,1,79,BLUE,1,-0.152824,0.171179,87957
21490,true,q0,-12,1,79,BLUE,1,-0.152824,0.171179,87957
21602,true,q0,-12,1,79,BLUE,1,-0.152824,0.171179,87957
21714,true,q0,-12,1,79,BLUE,1,-0.152824,0.171179,87957
21826,true,q0,-12,1,79,BLUE,1,-0.152824,0.171179,87957
21938,true,q0,-12,1,79,BLUE,1,-0.152824,0.171179,87957
22050,true,q0,-12,1,79,BLUE,1,-0.152824,0.171179,87957
22162,true,q0,-12,1,79,BLUE,1,-0.152824,0.171179,87957
22274,true,q0,-12,1,79,BLUE,1,-0.152824,0.171179,87957
22386,true,q0,-12,1,79,BLUE,1,-0.152824,0.171179,87957
22498,true,q0,-12,1,79,BLUE,1,-0.152824,0.171179,87957
22610,true,q0,-12,1,79,BLUE,1,-0.152824,0.171179,87957
22722,true,q0,-12,1,79,BLUE,1,-0.152824,0.171179,87957
22834,true,q0,-12,1,79,BLUE,1,-0.152824,0.171179,87957
22946,true,q0,-12,1,79,BLUE,1,-0.152824,0.171179,87957
23058,true,q0,-12,1,79,BLUE,1,-0.152824,0.171179,87957
23170,true,q0,-12,1,79,BLUE,1,-0.152824,0.171179,87957
23282,true,q0,-12,1,79,BLUE,1,-0.152824,0.171179,87957
23394,true,q0,-12,1,79,BLUE,1,-0.152824,0.171179,87957
23506,true,q0,-12,1,79,BLUE,1,-0.152824,0.171179,87957
23618,true,q0,-12,1,79,BLUE,1,-0.152824,0.171179,87957
23730,true,q0,-12,1,79,BLUE,1,-0.152824,0.171179,87957
23842,true,q0,-12,1,79,BLUE,1,-0.152824,0.171179,87957
23954,true,q0,-12,1,79,BLUE,1,-0.152824,0.171179,87957
24066,true,q0,-12,1,79,BLUE,1,-0.152824,0.171179,87957
24178,true,q0,-12,1,79,BLUE,1,-0.152824,0.171179,87957
24290,true,q0,-12,1,79,BLUE,1,-0.152824,0.171179,87957
24402,true,q0,-12,1,79,BLUE,1,-0.152824,0.171179,87957
24514,true,q0,-12,1,79,BLUE,1,-0.152824,0.171179,87957
24626,true,q0,-12,1,79,BLUE,1,-0.152824,0.171179,87957
24738,true,q0,-12,1,79,BLUE,1,-0.152824,0.171179,87957
24850,true,q0,-12,1,79,BLUE,1,-0.152824,0.171179,87957
24962,true,q0,-12,1,79,BLUE,1,-0.152824,0.171179,87957
25074,true,q0,-12,1,79,BLUE,1,-0.152824,0.171179,87957
25186,true,q0,-12,1,79,BLUE,1,-0.152824,0.171179,87957
25298,true,q0,-12,1,79,BLUE,1,-0.152824,0.171179,87957
25410,true,q0,-12,1,79,BLUE,1,-0.152824,0.171179,87957
25522,true,q0,-12,1,79,BLUE,1,-0.152824,0.171179,87957
25634,true,q0,-12,1,79,BLUE,1,-0.152824,0.171179,87957
25746,true,q0,-12,1,79,BLUE,1,-0.152824,0.171179,87957
25858,true,q0,-12,1,79,BLUE,1,-0.152824,0.171179,87957
25970,true,q0,-12,1,79,BLUE,1,-0.152824,0.171179,87957
26082,true,q0,-12,1,79,BLUE,1,-0.152824,0.171179,87957
26194,true,q0,-12,1,79,BLUE,1,-0.152824,0.171179,87957
26306,true,q0,-12,1,79,BLUE,1,-0.152824,0.171179,87957
26418,true,q0,-12,1,79,BLUE,1,-0.152824,0.171179,87957
26530,true,q0,-12,1,79,BLUE,1,-0.152824,0.171179,87957
26642,true,q0,-12,1,79,BLUE,1,-0.152824,0.171179,87957
26754,true,q0,-12,1,79,BLUE,1,-0.152824,0.171179,87957
26866,true,q0,-12,1,79,BLUE,1,-0.152824,0.171179,87957
26978,true,q0,-12,1,79,BLUE,1,-0.152824,0.171179,87957
52,true,q0,0,1,600,BLUE,1,-0.152824,0.171179,91776
685,true,q0,-1,1,597,BLUE,1,-0.152824,0.171179,91776
1315,true,q0,-2,1,591,BLUE,1,-0.152824,0.171179,91776
1939,true,q0,-3,1,576,BLUE,1,-0.152824,0.171179,91776
2548,true,q0,-4,1,538,BLUE,1,-0.152824,0.171179,91776
3119,true,q0,-5,1,460,BLUE,1,-0.152824,0.171179,91776
3655,true,q0,-6,1,340,BLUE,43,-0.152824,0.171179,91776
4028,true,q0,-7,1,219,BLUE,1,-0.152824,0.171179,91776
4280,true,q0,-8,1,141,BLUE,1,-0.152824,0.171179,91776
4454,true,q0,-9,1,104,BLUE,1,-0.152824,0.171179,91776
4591,true,q0,-10,1,88,BLUE,1,-0.152824,0.171179,91776
4712,true,q0,-11,1,82,BLUE,1,-0.152824,0.171179,91776
4827,true,q0,-12,1,80,BLUE,1,-0.152824,0.171179,91776
4940,true,q0,-12,1,79,BLUE,1,-0.152824,0.171179,91776
5052,true,q0,-12,1,79,BLUE,1,-0.152824,0.171179,91776
5164,true,q0,-12,1,79,BLUE,1,-0.152824,0.171179,91776
5276,true,q0,-12,1,79,BLUE,1,-0.152824,0.171179,91776
5388,true,q0,-12,1,79,BLUE,1,-0.152824,0.171179,91776
5500,true,q0,-12,1,79,BLUE,1,-0.152824,0.171179,91776
5612,true,q0,-12,1,79,BLUE,1,-0.152824,0.171179,91776
5724,true,q0,-12,1,79,BLUE,1,-0.152824,0.171179,91776
5836,true,q0,-12,1,79,BLUE,1,-0.152824,0.171179,91776
5948,true,q0,-12,1,79,BLUE,1,-0.152824,0.171179,91776
6060,true,q0,-12,1,79,BLUE,1,-0.152824,0.171179,91776
6172,true,q0,-12,1,79,BLUE,1,-0.152824,0.171179,91776
6284,true,q0,-12,1,79,BLUE,1,-0.152824,0.171179,91776
6396,true,q0,-12,1,79,BLUE,1,-0.152824,0.171179,91776
6508,true,q0,-12,1,79,BLUE,1,-0.152824,0.171179,91776
6620,true,q0,-12,1,79,BLUE,1,-0.152824,0.171179,91776
6732,true,q0,-12,1,79,BLUE,1,-0.152824,0.171179,91776
6844,true,q0,-12,1,79,BLUE,1,-0.152824,0.171179,91776
6956,true,q0,-12,1,79,BLUE,1,-0.152824,0.171179,91776
7068,true,q0,-12,1,79,BLUE,1,-0.152824,0.171179,91776
7180,true,q0,-12,1,79,BLUE,1,-0.152824,0.171179,91776
7292,true,q0,-12,1,79,BLUE,1,-0.152824,0.171179,91776
7404,true,q0,-12,1,79,BLUE,1,-0.152824,0.171179,91776
7516,true,q0,-12,1,79,BLUE,1,-0.152824,0.171179,91776
7628,true,q0,-12,1,79,BLUE,1,-0.152824,0.171179,91776
7740,true,q0,-12,1,79,BLUE,1,-0.152824,0.171179,91776
7852,true,q0,-12,1,79,BLUE,1,-0.152824,0.171179,91776
7964,true,q0,-12,1,79,BLUE,1,-0.152824,0.171179,91776
8076,true,q0,-12,1,79,BLUE,1,-0.152824,0.171179,91776
8188,true,q0,-12,1,79,BLUE,1,-0.152824,0.171179,91776
8300,true,q0,-12,1,79,BLUE,1,-0.152824,0.171179,91776
8412,true,q0,-12,1,79,BLUE,1,-0.152824,0.171179,91776
8524,true,q0,-12,1,79,BLUE,1,-0.152824,0.171179,91776
8636,true,q0,-12,1,79,BLUE,1,-0.152824,0.171179,91776
8748,true,q0,-12,1,79,BLUE,1,-0.152824,0.171179,91776
8860,true,q0,-12,1,79,BLUE,1,-0.152824,0.171179,91776
8972,true,q0,-12,1,79,BLUE,1,-0.152824,0.171179,91776
9084,true,q0,-12,1,79,BLUE,1,-0.152824,0.171179,91776
9196,true,q0,-12,1,79,BLUE,1,-0.152824,0.171179,91776
9308,true,q0,-12,1,79,BLUE,1,-0.152824,0.171179,91776
9420,true,q0,-12,1,79,BLUE,1,-0.152824,0.171179,91776
9532,true,q0,-12,1,79,BLUE,1,-0.152824,0.171179,91776
9644,true,q0,-12,1,79,BLUE,1,-0.152824,0.171179,91776
9756,true,q0,-12,1,79,BLUE,1,-0.152824,0.171179,91776
9868,true,q0,-12,1,79,BLUE,1,-0.152824,0.171179,91776
9980,true,q0,-12,1,79,BLUE,1,-0.152824,0.171179,91776
10092,true,q0,-12,1,79,BLUE,1,-0.152824,0.171179,91776
10204,true,q0,-12,1,79,BLUE,1,-0.152824,0.171179,91776
10316,true,q0,-12,1,79,BLUE,1,-0.152824,0.171179,91776
10428,true,q0,-12,1,79,BLUE,1,-0.152824,0.171179,91776
10540,true,q0,-12,1,79,BLUE,1,-0.152824,0.171179,91776
10652,true,q0,-12,1,79,BLUE,1,-0.152824,0.171179,91776
10764,true,q0,-12,1,79,BLUE,1,-0.152824,0.171179,91776
10876,true,q0,-12,1,79,BLUE,1,-0.152824,0.171179,91776
10988,true,q0,-12,1,79,BLUE,1,-0.152824,0.171179,91776
11100,true,q0,-12,1,79,BLUE,1,-0.152824,0.171179,91776
11212,true,q0,-12,1,79,BLUE,1,-0.152824,0.171179,91776
11324,true,q0,-12,1,79,BLUE,1,-0.152824,0.171179,91776
11436,true,q0,-12,1,79,BLUE,1,-0.152824,0.171179,91776
11548,true,q0,-12,1,79,BLUE,1,-0.152824,0.171179,91776
11660,true,q0,-12,1,79,BLUE,1,-0.152824,0.171179,91776
11815,true,q0,-12,1,79,BLUE,43,-0.152824,0.171179,91776
11927,true,q0,-12,1,79,BLUE,1,-0.152824,0.171179,91776
12039,true,q0,-12,1,79,BLUE,1,-0.152824,0.171179,91776
12151,true,q0,-12,1,79,BLUE,1,-0.152824,0.171179,91776
12263,true,q0,-12,1,79,BLUE,1,-0.152824,0.171179,91776
12375,true,q0,-12,1,79,BLUE,1,-0.152824,0.171179,91776
12487,true,q0,-12,1,79,BLUE,1,-0.152824,0.171179,91776
12599,true,q0,-12,1,79,BLUE,1,-0.152824,0.171179,91776
12711,true,q0,-12,1,79,BLUE,1,-0.152824,0.171179,91776
12823,true,q0,-12,1,79,BLUE,1,-0.152824,0.171179,91776
12935,true,q0,-12,1,79,BLUE,1,-0.152824,0.171179,91776
13047,true,q0,-12,1,79,BLUE,1,-0.152824,0.171179,91776
13159,true,q0,-12,1,79,BLUE,1,-0.152824,0.171179,91776
13271,true,q0,-12,1,79,BLUE,1,-0.152824,0.171179,91776
13383,true,q0,-12,1,79,BLUE,1,-0.152824,0.171179,91776
13495,true,q0,-12,1,79,BLUE,1,-0.152824,0.171179,91776
13607,true,q0,-12,1,79,BLUE,1,-0.152824,0.171179,91776
13719,true,q0,-12,1,79,BLUE,1,-0.152824,0.171179,91776
13831,true,q0,-12,1,79,BLUE,1,-0.152824,0.171179,91776
13943,true,q0,-12,1,79,BLUE,1,-0.152824,0.171179,91776
14055,true,q0,-12,1,79,BLUE,1,-0.152824,0.171179,91776
14167,true,q0,-12,1,79,BLUE,1,-0.152824,0.171179,91776
14279,true,q0,-12,1,79,BLUE,1,-0.152824,0.171179,91776
14391,true,q0,-12,1,79,BLUE,1,-0.152824,0.171179,91776
14503,true,q0,-12,1,79,BLUE,1,-0.152824,0.171179,91776
14615,true,q0,-12,1,79,BLUE,1,-0.152824,0.171179,91776
14727,true,q0,-12,1,79,BLUE,1,-0.152824,0.171179,91776
14839,true,q0,-12,1,79,BLUE,1,-0.152824,0.171179,91776
14951,true,q0,-12,1,79,BLUE,1,-0.152824,0.171179,91776
15063,true,q0,-12,1,79,BLUE,1,-0.152824,0.171179,91776
15175,true,q0,-12,1,79,BLUE,1,-0.152824,0.171179,91776
15287,true,q0,-12,1,79,BLUE,1,-0.152824,0.171179,91776
15399,true,q0,-12,1,79,BLUE,1,-0.152824,0.171179,91776
15511,true,q0,-12,1,79,BLUE,1,-0.152824,0.171179,91776
15623,true,q0,-12,1,79,BLUE,1,-0.152824,0.171179,91776
15735,true,q0,-12,1,79,BLUE,1,-0.152824,0.171179,91776
15847,true,q0,-12,1,79,BLUE,1,-0.152824,0.171179,91776
15959,true,q0,-12,1,79,BLUE,1,-0.152824,0.171179,91776
16071,true,q0,-12,1,79,BLUE,1,-0.152824,0.171179,91776
16183,true,q0,-12,1,79,BLUE,1,-0.152824,0.171179,91776
16295,true,q0,-12,1,79,BLUE,1,-0.152824,0.171179,91776
16407,true,q0,-12,1,79,BLUE,1,-0.152824,0.171179,91776
16519,true,q0,-12,1,79,BLUE,1,-0.152824,0.171179,91776
16631,true,q0,-12,1,79,BLUE,1,-0.152824,0.171179,91776
16743,true,q0,-12,1,79,BLUE,1,-0.152824,0.171179,91776
16855,true,q0,-12,1,79,BLUE,1,-0.152824,0.171179,91776
16967,true,q0,-12,1,79,BLUE,1,-0.152824,0.171179,91776
17079,true,q0,-12,1,79,BLUE,1,-0.152824,0.171179,91776
17191,true,q0,-12,1,79,BLUE,1,-0.152824,0.171179,91776
17303,true,q0,-12,1,79,BLUE,1,-0.152824,0.171179,91776
17415,true,q0,-12,1,79,BLUE,1,-0.152824,0.171179,91776
17527,true,q0,-12,1,79,BLUE,1,-0.152824,0.171179,91776
17639,true,q0,-12,1,79,BLUE,1,-0.152824,0.171179,91776
17751,true,q0,-12,1,79,BLUE,1,-0.152824,0.171179,91776
17863,true,q0,-12,1,79,BLUE,1,-0.152824,0.171179,91776
17975,true,q0,-12,1,79,BLUE,1,-0.152824,0.171179,91776
18087,true,q0,-12,1,79,BLUE,1,-0.152824,0.171179,91776
18199,true,q0,-12,1,79,BLUE,1,-0.152824,0.171179,91776
18311,true,q0,-12,1,79,BLUE,1,-0.152824,0.171179,91776
18423,true,q0,-12,1,79,BLUE,1,-0.152824,0.171179,91776
18535,true,q0,-12,1,79,BLUE,1,-0.152824,0.171179,91776
18647,true,q0,-12,1,79,BLUE,1,-0.152824,0.171179,91776
18759,true,q0,-12,1,79,BLUE,1,-0.152824,0.171179,91776
18871,true,q0,-12,1,79,BLUE,1,-0.152824,0.171179,91776
18983,true,q0,-12,1,79,BLUE,1,-0.152824,0.171179,91776
19095,true,q0,-12,1,79,BLUE,1,-0.152824,0.171179,91776
19207,true,q0,-12,1,79,BLUE,1,-0.152824,0.171179,91776
19319,true,q0,-12,1,79,BLUE,1,-0.152824,0.171179,91776
19474,true,q0,-12,1,79,BLUE,43,-0.152824,0.171179,91776
19586,true,q0,-12,1,79,BLUE,1,-0.152824,0.171179,91776
19698,true,q0,-12,1,79,BLUE,1,-0.152824,0.171179,91776
19810,true,q0,-12,1,79,BLUE,1,-0.152824,0.171179,91776
19922,true,q0,-12,1,79,BLUE,1,-0.152824,0.171179,91776
20034,true,q0,-12,1,79,BLUE,1,-0.152824,0.171179,91776
20146,true,q0,-12,1,79,BLUE,1,-0.152824,0.171179,91776
20258,true,q0,-12,1,79,BLUE,1,-0.152824,0.171179,91776
20370,true,q0,-12,1,79,BLUE,1,-0.152824,0.171179,91776
20482,true,q0,-12,1,79,BLUE,1,-0.152824,0.171179,91776
20594,true,q0,-12,1,79,BLUE,1,-0.152824,0.171179,91776
20706,true,q0,-12,1,79,BLUE,1,-0.152824,0.171179,91776
20818,true,q0,-12,1,79,BLUE,1,-0.152824,0.171179,91776
20930,true,q0,-12,1,79,BLUE,1,-0.152824,0.171179,91776
21042,true,q0,-12,1,79,BLUE,1,-0.152824,0.171179,91776
21154,true,q0,-12,1,79,BLUE,1,-0.152824,0.171179,91776
21266,true,q0,-12,1,79,BLUE,1,-0.152824,0.171179,91776
21378,true,q0,-12,1,79,BLUE,1,-0.152824,0.171179,91776
21490,true,q0,-12,1,79,BLUE,1,-0.152824,0.171179,91776
21602,true,q0,-12,1,79,BLUE,1,-0.152824,0.171179,91776
21714,true,q0,-12,1,79,BLUE,1,-0.152824,0.171179,91776
21826,true,q0,-12,1,79,BLUE,1,-0.152824,0.171179,91776
21938,true,q0,-12,1,79,BLUE,1,-0.152824,0.171179,91776
22050,true,q0,-12,1,79,BLUE,1,-0.152824,0.171179,91776
22162,true,q0,-12,1,79,BLUE,1,-0.152824,0.171179,91776
22274,true,q0,-12,1,79,BLUE,1,-0.152824,0.171179,91776
22386,true,q0,-12,1,79,BLUE,1,-0.152824,0.171179,91776
22498,true,q0,-12,1,79,BLUE,1,-0.152824,0.171179,91776
22610,true,q0,-12,1,79,BLUE,1,-0.152824,0.171179,91776
22722,true,q0,-12,1,79,BLUE,1,-0.152824,0.171179,91776
22834,true,q0,-12,1,79,BLUE,1,-0.152824,0.171179,91776
22946,true,q0,-12,1,79,BLUE,1,-0.152824,0.171179,91776
23058,true,q0,-12,1,79,BLUE,1,-0.152824,0.171179,91776
23170,true,q0,-12,1,79,BLUE,1,-0.152824,0.171179,91776
23282,true,q0,-12,1,79,BLUE,1,-0.152824,0.171179,91776
23394,true,q0,-12,1,79,BLUE,1,-0.152824,0.171179,91776
23506,true,q0,-12,1,79,BLUE,1,-0.152824,0.171179,91776
23618,true,q0,-12,1,79,BLUE,1,-0.152824,0.171179,91776
23730,true,q0,-12,1,79,BLUE,1,-0.152824,0.171179,91776
23842,true,q0,-12,1,79,BLUE,1,-0.152824,0.171179,91776
23954,true,q0,-12,1,79,BLUE,1,-0.152824,0.171179,91776
24066,true,q0,-12,1,79,BLUE,1,-0.152824,0.171179,91776
24178,true,q0,-12,1,79,BLUE,1,-0.152824,0.171179,91776
24290,true,q0,-12,1,79,BLUE,1,-0.152824,0.171179,91776
24402,true,q0,-12,1,79,BLUE,1,-0.152824,0.171179,91776
24514,true,q0,-12,1,79,BLUE,1,-0.152824,0.171179,91776
24626,true,q0,-12,1,79,BLUE,1,-0.152824,0.171179,91776
24738,true,q0,-12,1,79,BLUE,1,-0.152824,0.171179,91776
24850,true,q0,-12,1,79,BLUE,1,-0.152824,0.171179,91776
24962,true,q0,-12,1,79,BLUE,1,-0.152824,0.171179,91776
25074,true,q0,-12,1,79,BLUE,1,-0.152824,0.171179,91776
25186,true,q0,-12,1,79,BLUE,1,-0.152824,0.171179,91776
25298,true,q0,-12,1,79,BLUE,1,-0.152824,0.171179,91776
25410,true,q0,-12,1,79,BLUE,1,-0.152824,0.171179,91776
25522,true,q0,-12,1,79,BLUE,1,-0.152824,0.171179,91776
25634,true,q0,-12,1,79,BLUE,1,-0.152824,0.171179,91776
25746,true,q0,-12,1,79,BLUE,1,-0.152824,0.171179,91776
25858,true,q0,-12,1,79,BLUE,1,-0.152824,0.171179,91776
25970,true,q0,-12,1,79,BLUE,1,-0.152824,0.171179,91776
26082,true,q0,-12,1,79,BLUE,1,-0.152824,0.171179,91776
26194,true,q0,-12,1,79,BLUE,1,-0.152824,0.171179,91776
26306,true,q0,-12,1,79,BLUE,1,-0.152824,0.171179,91776
26418,true,q0,-12,1,79,BLUE,1,-0.152824,0.171179,91776
26530,true,q0,-12,1,79,BLUE,1,-0.152824,0.171179,91776
26642,true,q0,-12,1,79,BLUE,1,-0.152824,0.171179,91776
26754,true,q0,-12,1,79,BLUE,1,-0.152824,0.171179,91776
26866,true,q0,-12,1,79,BLUE,1,-0.152824,0.171179,91776
26978,true,q0,-12,1,79,BLUE,1,-0.152824,0.171179,91776
52,true,q0,0,1,600,BLUE,1,-0.152824,0.171179,92524
685,true,q0,-1,1,597,BLUE,1,-0.152824,0.171179,92524
1315,true,q0,-2,1,591,BLUE,1,-0.152824,0.171179,92524
1939,true,q0,-3,1,576,BLUE,1,-0.152824,0.171179,92524
2548,true,q0,-4,1,538,BLUE,1,-0.152824,0.171179,92524
3119,true,q0,-5,1,460,BLUE,1,-0.152824,0.171179,92524
3655,true,q0,-6,1,340,BLUE,43,-0.152824,0.171179,92524
4028,true,q0,-7,1,219,BLUE,1,-0.152824,0.171179,92524
4280,true,q0,-8,1,141,BLUE,1,-0.152824,0.171179,92524
4454,true,q0,-9,1,104,BLUE,1,-0.152824,0.171179,92524
4591,true,q0,-10,1,88,BLUE,1,-0.152824,0.171179,92524
4712,true,q0,-11,1,82,BLUE,1,-0.152824,0.171179,92524
4827,true,q0,-12,1,80,BLUE,1,-0.152824,0.171179,92524
4940,true,q0,-12,1,79,BLUE,1,-0.152824,0.171179,92524
5052,true,q0,-12,1,79,BLUE,1,-0.152824,0.171179,92524
5164,true,q0,-12,1,79,BLUE,1,-0.152824,0.171179,92524
5276,true,q0,-12,1,79,BLUE,1,-0.152824,0.171179,92524
5388,true,q0,-12,1,79,BLUE,1,-0.152824,0.171179,92524
5500,true,q0,-12,1,79,BLUE,1,-0.152824,0.171179,92524
5612,true,q0,-12,1,79,BLUE,1,-0.152824,0.171179,92524
5724,true,q0,-12,1,79,BLUE,1,-0.152824,0.171179,92524
5836,true,q0,-12,1,79,BLUE,1,-0.152824,0.171179,92524
5948,true,q0,-12,1,79,BLUE,1,-0.152824,0.171179,92524
6060,true,q0,-12,1,79,BLUE,1,-0.152824,0.171179,92524
6172,true,q0,-12,1,79,BLUE,1,-0.152824,0.171179,92524
6284,true,q0,-12,1,79,BLUE,1,-0.152824,0.171179,92524
6396,true,q0,-12,1,79,BLUE,1,-0.152824,0.171179,92524
6508,true,q0,-12,1,79,BLUE,1,-0.152824,0.171179,92524
6620,true,q0,-12,1,79,BLUE,1,-0.152824,0.171179,92524
6732,true,q0,-12,1,79,BLUE,1,-0.152824,0.171179,92524
6844,true,q0,-12,1,79,BLUE,1,-0.152824,0.171179,92524
6956,true,q0,-12,1,79,BLUE,1,-0.152824,0.171179,92524
7068,true,q0,-12,1,79,BLUE,1,-0.152824,0.171179,92524
7180,true,q0,-12,1,79,BLUE,1,-0.152824,0.171179,92524
7292,true,q0,-12,1,79,BLUE,1,-0.152824,0.171179,92524
7404,true,q0,-12,1,79,BLUE,1,-0.152824,0.171179,92524
7516,true,q0,-12,1,79,BLUE,1,-0.152824,0.171179,92524
7628,true,q0,-12,1,79,BLUE,1,-0.152824,0.171179,92524
7740,true,q0,-12,1,79,BLUE,1,-0.152824,0.171179,92524
7852,true,q0,-12,1,79,BLUE,1,-0.152824,0.171179,92524
7964,true,q0,-12,1,79,BLUE,1,-0.152824,0.171179,92524
8076,true,q0,-12,1,79,BLUE,1,-0.152824,0.171179,92524
8188,true,q0,-12,1,79,BLUE,1,-0.152824,0.171179,92524
8300,true,q0,-12,1,79,BLUE,1,-0.152824,0.171179,92524
8412,true,q0,-12,1,79,BLUE,1,-0.152824,0.171179,92524
8524,true,q0,-12,1,79,BLUE,1,-0.152824,0.171179,92524
8636,true,q0,-12,1,79,BLUE,1,-0.152824,0.171179,92524
8748,true,q0,-12,1,79,BLUE,1,-0.152824,0.171179,92524
8860,true,q0,-12,1,79,BLUE,1,-0.152824,0.171179,92524
8972,true,q0,-12,1,79,BLUE,1,-0.152824,0.171179,92524
9084,true,q0,-12,1,79,BLUE,1,-0.152824,0.171179,92524
9196,true,q0,-12,1,79,BLUE,1,-0.152824,0.171179,92524
9308,true,q0,-12,1,79,BLUE,1,-0.152824,0.171179,92524
9420,true,q0,-12,1,79,BLUE,1,-0.152824,0.171179,92524
9532,true,q0,-12,1,79,BLUE,1,-0.152824,0.171179,92524
9644,true,q0,-12,1,79,BLUE,1,-0.152824,0.171179,92524
9756,true,q0,-12,1,79,BLUE,1,-0.152824,0.171179,92524
9868,true,q0,-12,1,79,BLUE,1,-0.152824,0.171179,92524
9980,true,q0,-12,1,79,BLUE,1,-0.152824,0.171179,92524
10092,true,q0,-12,1,79,BLUE,1,-0.152824,0.171179,92524
10204,true,q0,-12,1,79,BLUE,1,-0.152824,0.171179,92524
10316,true,q0,-12,1,79,BLUE,1,-0.152824,0.171179,92524
10428,true,q0,-12,1,79,BLUE,1,-0.152824,0.171179,92524
10540,true,q0,-12,1,79,BLUE,1,-0.152824,0.171179,92524
10652,true,q0,-12,1,79,BLUE,1,-0.152824,0.171179,92524
10764,true,q0,-12,1,79,BLUE,1,-0.152824,0.171179,92524
10876,true,q0,-12,1,79,BLUE,1,-0.152824,0.171179,92524
10988,true,q0,-12,1,79,BLUE,1,-0.152824,0.171179,92524
11100,true,q0,-12,1,79,BLUE,1,-0.152824,0.171179,92524
11212,true,q0,-12,1,79,BLUE,1,-0.152824,0.171179,92524
11324,true,q0,-12,1,79,BLUE,1,-0.152824,0.171179,92524
11436,true,q0,-12,1,79,BLUE,1,-0.152824,0.171179,92524
11548,true,q0,-12,1,79,BLUE,1,-0.152824,0.171179,92524
11660,true,q0,-12,1,79,BLUE,1,-0.152824,0.171179,92524
11815,true,q0,-12,1,79,BLUE,43,-0.152824,0.171179,92524
11927,true,q0,-12,1,79,BLUE,1,-0.152824,0.171179,92524
12039,true,q0,-12,1,79,BLUE,1,-0.152824,0.171179,92524
12151,true,q0,-12,1,79,BLUE,1,-0.152824,0.171179,92524
12263,true,q0,-12,1,79,BLUE,1,-0.152824,0.171179,92524
12375,true,q0,-12,1,79,BLUE,1,-0.152824,0.171179,92524
12487,true,q0,-12,1,79,BLUE,1,-0.152824,0.171179,92524
12599,true,q0,-12,1,79,BLUE,1,-0.152824,0.171179,92524
12711,true,q0,-12,1,79,BLUE,1,-0.152824,0.171179,92524
12823,true,q0,-12,1,79,BLUE,1,-0.152824,0.171179,92524
12935,true,q0,-12,1,79,BLUE,1,-0.152824,0.171179,92524
13047,true,q0,-12,1,79,BLUE,1,-0.152824,0.171179,92524
13159,true,q0,-12,1,79,BLUE,1,-0.152824,0.171179,92524
13271,true,q0,-12,1,79,BLUE,1,-0.152824,0.171179,92524
13383,true,q0,-12,1,79,BLUE,1,-0.152824,0.171179,92524
13495,true,q0,-12,1,79,BLUE,1,-0.152824,0.171179,92524
13607,true,q0,-12,1,79,BLUE,1,-0.152824,0.171179,92524
13719,true,q0,-12,1,79,BLUE,1,-0.152824,0.171179,92524
13831,true,q0,-12,1,79,BLUE,1,-0.152824,0.171179,92524
13943,true,q0,-12,1,79,BLUE,1,-0.152824,0.171179,92524
14055,true,q0,-12,1,79,BLUE,1,-0.152824,0.171179,92524
14167,true,q0,-12,1,79,BLUE,1,-0.152824,0.171179,92524
14279,true,q0,-12,1,79,BLUE,1,-0.152824,0.171179,92524
14391,true,q0,-12,1,79,BLUE,1,-0.152824,0.171179,92524
14503,true,q0,-12,1,79,BLUE,1,-0.152824,0.171179,92524
14615,true,q0,-12,1,79,BLUE,1,-0.152824,0.171179,92524
14727,true,q0,-12,1,79,BLUE,1,-0.152824,0.171179,92524
14839,true,q0,-12,1,79,BLUE,1,-0.152824,0.171179,92524
14951,true,q0,-12,1,79,BLUE,1,-0.152824,0.171179,92524
15063,true,q0,-12,1,79,BLUE,1,-0.152824,0.171179,92524
15175,true,q0,-12,1,79,BLUE,1,-0.152824,0.171179,92524
15287,true,q0,-12,1,79,BLUE,1,-0.152824,0.171179,92524
15399,true,q0,-12,1,79,BLUE,1,-0.152824,0.171179,92524
15511,true,q0,-12,1,79,BLUE,1,-0.152824,0.171179,92524
15623,true,q0,-12,1,79,BLUE,1,-0.152824,0.171179,92524
15735,true,q0,-12,1,79,BLUE,1,-0.152824,0.171179,92524
15847,true,q0,-12,1,79,BLUE,1,-0.152824,0.171179,92524
15959,true,q0,-12,1,79,BLUE,1,-0.152824,0.171179,92524
16071,true,q0,-12,1,79,BLUE,1,-0.152824,0.171179,92524
16183,true,q0,-12,1,79,BLUE,1,-0.152824,0.171179,92524
16295,true,q0,-12,1,79,BLUE,1,-0.152824,0.171179,92524
16407,true,q0,-12,1,79,BLUE,1,-0.152824,0.171179,92524
16519,true,q0,-12,1,79,BLUE,1,-0.152824,0.171179,92524
16631,true,q0,-12,1,79,BLUE,1,-0.152824,0.171179,92524
16743,true,q0,-12,1,79,BLUE,1,-0.152824,0.171179,92524
16855,true,q0,-12,1,79,BLUE,1,-0.152824,0.171179,92524
16967,true,q0,-12,1,79,BLUE,1,-0.152824,0.171179,92524
17079,true,q0,-12,1,79,BLUE,1,-0.152824,0.171179,92524
17191,true,q0,-12,1,79,BLUE,1,-0.152824,0.171179,92524
17303,true,q0,-12,1,79,BLUE,1,-0.152824,0.171179,92524
17415,true,q0,-12,1,79,BLUE,1,-0.152824,0.171179,92524
17527,true,q0,-12,1,79,BLUE,1,-0.152824,0.171179,92524
17639,true,q0,-12,1,79,BLUE,1,-0.152824,0.171179,92524
17751,true,q0,-12,1,79,BLUE,1,-0.152824,0.171179,92524
17863,true,q0,-12,1,79,BLUE,1,-0.152824,0.171179,92524
17975,true,q0,-12,1,79,BLUE,1,-0.152824,0.171179,92524
18087,true,q0,-12,1,79,BLUE,1,-0.152824,0.171179,92524
18199,true,q0,-12,1,79,BLUE,1,-0.152824,0.171179,92524
18311,true,q0,-12,1,79,BLUE,1,-0.152824,0.171179,92524
18423,true,q0,-12,1,79,BLUE,1,-0.152824,0.171179,92524
18535,true,q0,-12,1,79,BLUE,1,-0.152824,0.171179,92524
18647,true,q0,-12,1,79,BLUE,1,-0.152824,0.171179,92524
18759,true,q0,-12,1,79,BLUE,1,-0.152824,0.171179,92524
18871,true,q0,-12,1,79,BLUE,1,-0.152824,0.171179,92524
18983,true,q0,-12,1,79,BLUE,1,-0.152824,0.171179,92524
19095,true,q0,-12,1,79,BLUE,1,-0.152824,0.171179,92524
19207,true,q0,-12,1,79,BLUE,1,-0.152824,0.171179,92524
19319,true,q0,-12,1,79,BLUE,1,-0.152824,0.171179,92524
19474,true,q0,-12,1,79,BLUE,43,-0.152824,0.171179,92524
19586,true,q0,-12,1,79,BLUE,1,-0.152824,0.171179,92524
19698,true,q0,-12,1,79,BLUE,1,-0.152824,0.171179,92524
19810,true,q0,-12,1,79,BLUE,1,-0.152824,0.171179,92524
19922,true,q0,-12,1,79,BLUE,1,-0.152824,0.171179,92524
20034,true,q0,-12,1,79,BLUE,1,-0.152824,0.171179,92524
20146,true,q0,-12,1,79,BLUE,1,-0.152824,0.171179,92524
20258,true,q0,-12,1,79,BLUE,1,-0.152824,0.171179,92524
20370,true,q0,-12,1,79,BLUE,1,-0.152824,0.171179,92524
20482,true,q0,-12,1,79,BLUE,1,-0.152824,0.171179,92524
20594,true,q0,-12,1,79,BLUE,1,-0.152824,0.171179,92524
20706,true,q0,-12,1,79,BLUE,1,-0.152824,0.171179,92524
20818,true,q0,-12,1,79,BLUE,1,-0.152824,0.171179,92524
20930,true,q0,-12,1,79,BLUE,1,-0.152824,0.171179,92524
21042,true,q0,-12,1,79,BLUE,1,-0.152824,0.171179,92524
21154,true,q0,-12,1,79,BLUE,1,-0.152824,0.171179,92524
21266,true,q0,-12,1,79,BLUE,1,-0.152824,0.171179,92524
21378,true,q0,-12,1,79,BLUE,1,-0.152824,0.171179,92524
21490,true,q0,-12,1,79,BLUE,1,-0.152824,0.171179,92524
21602,true,q0,-12,1,79,BLUE,1,-0.152824,0.171179,92524
21714,true,q0,-12,1,79,BLUE,1,-0.152824,0.171179,92524
21826,true,q0,-12,1,79,BLUE,1,-0.152824,0.171179,92524
21938,true,q0,-12,1,79,BLUE,1,-0.152824,0.171179,92524
22050,true,q0,-12,1,79,BLUE,1,-0.152824,0.171179,92524
22162,true,q0,-12,1,79,BLUE,1,-0.152824,0.171179,92524
22274,true,q0,-12,1,79,BLUE,1,-0.152824,0.171179,92524
22386,true,q0,-12,1,79,BLUE,1,-0.152824,0.171179,92524
22498,true,q0,-12,1,79,BLUE,1,-0.152824,0.171179,92524
22610,true,q0,-12,1,79,BLUE,1,-0.152824,0.171179,92524
22722,true,q0,-12,1,79,BLUE,1,-0.152824,0.171179,92524
22834,true,q0,-12,1,79,BLUE,1,-0.152824,0.171179,92524
22946,true,q0,-12,1,79,BLUE,1,-0.152824,0.171179,92524
23058,true,q0,-12,1,79,BLUE,1,-0.152824,0.171179,92524
23170,true,q0,-12,1,79,BLUE,1,-0.152824,0.171179,92524
23282,true,q0,-12,1,79,BLUE,1,-0.152824,0.171179,92524
23394,true,q0,-12,1,79,BLUE,1,-0.152824,0.171179,92524
23506,true,q0,-12,1,79,BLUE,1,-0.152824,0.171179,92524
23618,true,q0,-12,1,79,BLUE,1,-0.152824,0.171179,92524
23730,true,q0,-12,1,79,BLUE,1,-0.152824,0.171179,92524
23842,true,q0,-12,1,79,BLUE,1,-0.152824,0.171179,92524
23954,true,q0,-12,1,79,BLUE,1,-0.152824,0.171179,92524
24066,true,q0,-12,1,79,BLUE,1,-0.152824,0.171179,92524
24178,true,q0,-12,1,79,BLUE,1,-0.152824,0.171179,92524
24290,true,q0,-12,1,79,BLUE,1,-0.152824,0.171179,92524
24402,true,q0,-12,1,79,BLUE,1,-0.152824,0.171179,92524
24514,true,q0,-12,1,79,BLUE,1,-0.152824,0.171179,92524
24626,true,q0,-12,1,79,BLUE,1,-0.152824,0.171179,92524
24738,true,q0,-12,1,79,BLUE,1,-0.152824,0.171179,92524
24850,true,q0,-12,1,79,BLUE,1,-0.152824,0.171179,92524
24962,true,q0,-12,1,79,BLUE,1,-0.152824,0.171179,92524
25074,true,q0,-12,1,79,BLUE,1,-0.152824,0.171179,92524
25186,true,q0,-12,1,79,BLUE,1,-0.152824,0.171179,92524
25298,true,q0,-12,1,79,BLUE,1,-0.152824,0.171179,92524
25410,true,q0,-12,1,79,BLUE,1,-0.152824,0.171179,92524
25522,true,q0,-12,1,79,BLUE,1,-0.152824,0.171179,92524
25634,true,q0,-12,1,79,BLUE,1,-0.152824,0.171179,92524
25746,true,q0,-12,1,79,BLUE,1,-0.152824,0.171179,92524
25858,true,q0,-12,1,79,BLUE,1,-0.152824,0.171179,92524
25970,true,q0,-12,1,79,BLUE,1,-0.152824,0.171179,92524
26082,true,q0,-12,1,79,BLUE,1,-0.152824,0.171179,92524
26194,true,q0,-12,1,79,BLUE,1,-0.152824,0.171179,92524
26306,true,q0,-12,1,79,BLUE,1,-0.152824,0.171179,92524
26418,true,q0,-12,1,79,BLUE,1,-0.152824,0.171179,92524
26530,true,q0,-12,1,79,BLUE,1,-0.152824,0.171179,92524
26642,true,q0,-12,1,79,BLUE,1,-0.152824,0.171179,92524
26754,true,q0,-12,1,79,BLUE,1,-0.152824,0.171179,92524
26866,true,q0,-12,1,79,BLUE,1,-0.152824,0.171179,92524
26978,true,q0,-12,1,79,BLUE,1,-0.152824,0.171179,92524
